<?xml version="1.0" encoding="UTF-8"?><Document xmlns="urn:iso:std:iso:20022:tech:xsd:camt.052.001.08" xmlns:xsi="http://www.w3.org/2001/XMLSchema-instance" xsi:schemaLocation="urn:iso:std:iso:20022:tech:xsd:camt.052.001.08 camt.052.001.08.xsd"><BkToCstmrAcctRpt><GrpHdr><MsgId>camt52_20250818104925__ONLINEBA</MsgId><CreDtTm>2025-08-18T10:49:25+02:00</CreDtTm></GrpHdr><Rpt><Id>camt0528_ONLINEBA</Id><RptPgntn><PgNb>1</PgNb><LastPgInd>true</LastPgInd></RptPgntn><CreDtTm>2025-08-18T10:49:25+02:00</CreDtTm><Acct><Id><IBAN>DE35230510300004619086</IBAN></Id><Ccy>EUR</Ccy><Svcr><FinInstnId><BICFI>NOLADE21SHO</BICFI><Nm>SPARKASSE SUEDHOLSTEIN</Nm><Othr><Id>DE 134796412</Id><Issr>UmsStId</Issr></Othr></FinInstnId></Svcr></Acct><Bal><Tp><CdOrPrtry><Cd>OPBD</Cd></CdOrPrtry></Tp><Amt Ccy="EUR">138852.48</Amt><CdtDbtInd>CRDT</CdtDbtInd><Dt><Dt>2025-08-07</Dt></Dt></Bal><Bal><Tp><CdOrPrtry><Cd>CLBD</Cd></CdOrPrtry></Tp><Amt Ccy="EUR">141515.50</Amt><CdtDbtInd>CRDT</CdtDbtInd><Dt><Dt>2025-08-08</Dt></Dt></Bal><Ntry><Amt Ccy="EUR">1526.18</Amt><CdtDbtInd>CRDT</CdtDbtInd><Sts><Cd>BOOK</Cd></Sts><BookgDt><Dt>2025-08-08</Dt></BookgDt><ValDt><Dt>2025-08-08</Dt></ValDt><AcctSvcrRef>2025-08-08-08.34.19.743808</AcctSvcrRef><BkTxCd/><NtryDtls><TxDtls><Refs><EndToEndId>0071011584</EndToEndId><Prtry><Tp>FI-UMSATZ-ID</Tp><Ref>2025-08-08-08.34.19.743808</Ref></Prtry></Refs><Amt Ccy="EUR">1526.18</Amt><BkTxCd><Domn><Cd>PMNT</Cd><Fmly><Cd>RCDT</Cd><SubFmlyCd>ESCT</SubFmlyCd></Fmly></Domn><Prtry><Cd>NTRF+166+9209+000</Cd><Issr>DK</Issr></Prtry></BkTxCd><RltdPties><Dbtr><Pty><Nm>Gesundheit Nordhessen Holding AG                                      Kassel</Nm></Pty></Dbtr><DbtrAcct><Id><IBAN>DE38520503530002137816</IBAN></Id></DbtrAcct><UltmtDbtr><Pty><Nm>Gesundheit Nordhessen AG</Nm></Pty></UltmtDbtr><Cdtr><Pty><Nm>Transact GmbH                                                         Kleine Reichenstrasse 1</Nm></Pty></Cdtr><CdtrAcct><Id><IBAN>DE35230510300004619086</IBAN></Id></CdtrAcct></RltdPties><RltdAgts><DbtrAgt><FinInstnId><BICFI>HELADEF1KAS</BICFI></FinInstnId></DbtrAgt><CdtrAgt><FinInstnId><BICFI>NOLADE21SHO</BICFI></FinInstnId></CdtrAgt></RltdAgts><RmtInf><Ustrd>/INV/RA202500460 2.7.2025</Ustrd></RmtInf></TxDtls></NtryDtls><AddtlNtryInf>GUTSCHRIFT ÜBERWEISUNG</AddtlNtryInf></Ntry><Ntry><Amt Ccy="EUR">401.62</Amt><CdtDbtInd>CRDT</CdtDbtInd><Sts><Cd>BOOK</Cd></Sts><BookgDt><Dt>2025-08-08</Dt></BookgDt><ValDt><Dt>2025-08-08</Dt></ValDt><AcctSvcrRef>2025-08-08-09.17.28.131404</AcctSvcrRef><BkTxCd/><NtryDtls><TxDtls><Refs><EndToEndId>0882137/3486/RTSUCTVJAJSWQQ</EndToEndId><Prtry><Tp>FI-UMSATZ-ID</Tp><Ref>2025-08-08-09.17.28.131404</Ref></Prtry></Refs><Amt Ccy="EUR">401.62</Amt><BkTxCd><Domn><Cd>PMNT</Cd><Fmly><Cd>RCDT</Cd><SubFmlyCd>ESCT</SubFmlyCd></Fmly></Domn><Prtry><Cd>NTRF+166+9243+000</Cd><Issr>DK</Issr></Prtry></BkTxCd><RltdPties><Dbtr><Pty><Nm>Arberlandkliniken Kommunalunternehmen</Nm></Pty></Dbtr><DbtrAcct><Id><IBAN>DE09741514500000218933</IBAN></Id></DbtrAcct><UltmtDbtr><Pty><Nm>Arberlandklinik Zwiesel</Nm></Pty></UltmtDbtr><Cdtr><Pty><Nm>Transact</Nm></Pty></Cdtr><CdtrAcct><Id><IBAN>DE35230510300004619086</IBAN></Id></CdtrAcct></RltdPties><RltdAgts><DbtrAgt><FinInstnId><BICFI>BYLADEM1REG</BICFI></FinInstnId></DbtrAgt><CdtrAgt><FinInstnId><BICFI>NOLADE21SHO</BICFI></FinInstnId></CdtrAgt></RltdAgts><RmtInf><Ustrd>/800/RA202500525/401.62/252671</Ustrd></RmtInf></TxDtls></NtryDtls><AddtlNtryInf>GUTSCHRIFT ÜBERWEISUNG</AddtlNtryInf></Ntry><Ntry><Amt Ccy="EUR">401.63</Amt><CdtDbtInd>CRDT</CdtDbtInd><Sts><Cd>BOOK</Cd></Sts><BookgDt><Dt>2025-08-08</Dt></BookgDt><ValDt><Dt>2025-08-08</Dt></ValDt><AcctSvcrRef>2025-08-08-09.17.28.134687</AcctSvcrRef><BkTxCd/><NtryDtls><TxDtls><Refs><EndToEndId>0884098/3443/RTSUDAKZFGFJQK</EndToEndId><Prtry><Tp>FI-UMSATZ-ID</Tp><Ref>2025-08-08-09.17.28.134687</Ref></Prtry></Refs><Amt Ccy="EUR">401.63</Amt><BkTxCd><Domn><Cd>PMNT</Cd><Fmly><Cd>RCDT</Cd><SubFmlyCd>ESCT</SubFmlyCd></Fmly></Domn><Prtry><Cd>NTRF+166+9243+000</Cd><Issr>DK</Issr></Prtry></BkTxCd><RltdPties><Dbtr><Pty><Nm>Arberlandkliniken Kommunalunternehmen</Nm></Pty></Dbtr><DbtrAcct><Id><IBAN>DE44741514500000218594</IBAN></Id></DbtrAcct><UltmtDbtr><Pty><Nm>Arberlandklinik Viechtach</Nm></Pty></UltmtDbtr><Cdtr><Pty><Nm>Transact</Nm></Pty></Cdtr><CdtrAcct><Id><IBAN>DE35230510300004619086</IBAN></Id></CdtrAcct></RltdPties><RltdAgts><DbtrAgt><FinInstnId><BICFI>BYLADEM1REG</BICFI></FinInstnId></DbtrAgt><CdtrAgt><FinInstnId><BICFI>NOLADE21SHO</BICFI></FinInstnId></CdtrAgt></RltdAgts><RmtInf><Ustrd>/800/RA202500525/401.63/352606</Ustrd></RmtInf></TxDtls></NtryDtls><AddtlNtryInf>GUTSCHRIFT ÜBERWEISUNG</AddtlNtryInf></Ntry><Ntry><Amt Ccy="EUR">333.59</Amt><CdtDbtInd>CRDT</CdtDbtInd><Sts><Cd>BOOK</Cd></Sts><BookgDt><Dt>2025-08-08</Dt></BookgDt><ValDt><Dt>2025-08-08</Dt></ValDt><AcctSvcrRef>2025-08-08-12.10.39.298727</AcctSvcrRef><BkTxCd/><NtryDtls><TxDtls><Refs><EndToEndId>KD210 69</EndToEndId><Prtry><Tp>FI-UMSATZ-ID</Tp><Ref>2025-08-08-12.10.39.298727</Ref></Prtry></Refs><Amt Ccy="EUR">333.59</Amt><BkTxCd><Domn><Cd>PMNT</Cd><Fmly><Cd>RCDT</Cd><SubFmlyCd>ESCT</SubFmlyCd></Fmly></Domn><Prtry><Cd>NTRF+166+9249+000</Cd><Issr>DK</Issr></Prtry></BkTxCd><RltdPties><Dbtr><Pty><Nm>Evangelische Krankenhausgemeinschaft Herne/Castrop-Rauxel gemeinnutzig</Nm></Pty></Dbtr><DbtrAcct><Id><IBAN>DE24430700610609108600</IBAN></Id></DbtrAcct><Cdtr><Pty><Nm>Transact-Gesellschaft f.Softwa</Nm></Pty></Cdtr><CdtrAcct><Id><IBAN>DE35230510300004619086</IBAN></Id></CdtrAcct></RltdPties><RltdAgts><DbtrAgt><FinInstnId><BICFI>DEUTDEDE430</BICFI></FinInstnId></DbtrAgt><CdtrAgt><FinInstnId><BICFI>NOLADE21SHO</BICFI></FinInstnId></CdtrAgt></RltdAgts><RmtInf><Ustrd>08.07.2025 333.59 RA 202500472</Ustrd></RmtInf></TxDtls></NtryDtls><AddtlNtryInf>GUTSCHRIFT ÜBERWEISUNG</AddtlNtryInf></Ntry></Rpt></BkToCstmrAcctRpt></Document>