<?xml version="1.0" encoding="UTF-8"?><Document xmlns="urn:iso:std:iso:20022:tech:xsd:camt.052.001.08" xmlns:xsi="http://www.w3.org/2001/XMLSchema-instance" xsi:schemaLocation="urn:iso:std:iso:20022:tech:xsd:camt.052.001.08 camt.052.001.08.xsd"><BkToCstmrAcctRpt><GrpHdr><MsgId>camt52_20250818104925__ONLINEBA</MsgId><CreDtTm>2025-08-18T10:49:25+02:00</CreDtTm></GrpHdr><Rpt><Id>camt0528_ONLINEBA</Id><RptPgntn><PgNb>1</PgNb><LastPgInd>true</LastPgInd></RptPgntn><CreDtTm>2025-08-18T10:49:25+02:00</CreDtTm><Acct><Id><IBAN>DE35230510300004619086</IBAN></Id><Ccy>EUR</Ccy><Svcr><FinInstnId><BICFI>NOLADE21SHO</BICFI><Nm>SPARKASSE SUEDHOLSTEIN</Nm><Othr><Id>DE 134796412</Id><Issr>UmsStId</Issr></Othr></FinInstnId></Svcr></Acct><Bal><Tp><CdOrPrtry><Cd>OPBD</Cd></CdOrPrtry></Tp><Amt Ccy="EUR">129582.95</Amt><CdtDbtInd>CRDT</CdtDbtInd><Dt><Dt>2025-08-06</Dt></Dt></Bal><Bal><Tp><CdOrPrtry><Cd>CLBD</Cd></CdOrPrtry></Tp><Amt Ccy="EUR">138852.48</Amt><CdtDbtInd>CRDT</CdtDbtInd><Dt><Dt>2025-08-07</Dt></Dt></Bal><Ntry><Amt Ccy="EUR">1865.35</Amt><CdtDbtInd>CRDT</CdtDbtInd><Sts><Cd>BOOK</Cd></Sts><BookgDt><Dt>2025-08-07</Dt></BookgDt><ValDt><Dt>2025-08-07</Dt></ValDt><AcctSvcrRef>2025-08-07-15.28.14.148233</AcctSvcrRef><BkTxCd/><NtryDtls><TxDtls><Refs><EndToEndId>17</EndToEndId><Prtry><Tp>FI-UMSATZ-ID</Tp><Ref>2025-08-07-15.28.14.148233</Ref></Prtry></Refs><Amt Ccy="EUR">1865.35</Amt><BkTxCd><Domn><Cd>PMNT</Cd><Fmly><Cd>RCDT</Cd><SubFmlyCd>ESCT</SubFmlyCd></Fmly></Domn><Prtry><Cd>NTRF+166+9249+000</Cd><Issr>DK</Issr></Prtry></BkTxCd><RltdPties><Dbtr><Pty><Nm>Isar Kliniken GmbH</Nm></Pty></Dbtr><DbtrAcct><Id><IBAN>DE30200303000009597000</IBAN></Id></DbtrAcct><Cdtr><Pty><Nm>Transact GmbH</Nm></Pty></Cdtr><CdtrAcct><Id><IBAN>DE35230510300004619086</IBAN></Id></CdtrAcct></RltdPties><RltdAgts><DbtrAgt><FinInstnId><BICFI>CHDBDEHHXXX</BICFI></FinInstnId></DbtrAgt><CdtrAgt><FinInstnId><BICFI>NOLADE21SHO</BICFI></FinInstnId></CdtrAgt></RltdAgts><RmtInf><Ustrd>14.07.2025 1865.35 RA 202500497</Ustrd></RmtInf></TxDtls></NtryDtls><AddtlNtryInf>GUTSCHRIFT ÜBERWEISUNG</AddtlNtryInf></Ntry><Ntry><Amt Ccy="EUR">2584.68</Amt><CdtDbtInd>CRDT</CdtDbtInd><Sts><Cd>BOOK</Cd></Sts><BookgDt><Dt>2025-08-07</Dt></BookgDt><ValDt><Dt>2025-08-07</Dt></ValDt><AcctSvcrRef>2025-08-07-15.28.14.151744</AcctSvcrRef><BkTxCd/><NtryDtls><TxDtls><Refs><EndToEndId>863-250807T1043-126-18149--15</EndToEndId><Prtry><Tp>FI-UMSATZ-ID</Tp><Ref>2025-08-07-15.28.14.151744</Ref></Prtry></Refs><Amt Ccy="EUR">2584.68</Amt><BkTxCd><Domn><Cd>PMNT</Cd><Fmly><Cd>RCDT</Cd><SubFmlyCd>ESCT</SubFmlyCd></Fmly></Domn><Prtry><Cd>NTRF+166+9249+000</Cd><Issr>DK</Issr></Prtry></BkTxCd><RltdPties><Dbtr><Pty><Nm>Psychosomatische Klinik GmbH + Co. Windach-Ammersee KG</Nm></Pty></Dbtr><DbtrAcct><Id><IBAN>DE69300606010027711719</IBAN></Id></DbtrAcct><Cdtr><Pty><Nm>Transact Gesellschaft fuer Software Analyse mbH, 20357 Hamburg</Nm></Pty></Cdtr><CdtrAcct><Id><IBAN>DE35230510300004619086</IBAN></Id></CdtrAcct></RltdPties><RltdAgts><DbtrAgt><FinInstnId><BICFI>DAAEDEDDXXX</BICFI></FinInstnId></DbtrAgt><CdtrAgt><FinInstnId><BICFI>NOLADE21SHO</BICFI></FinInstnId></CdtrAgt></RltdAgts><RmtInf><Ustrd>202500526</Ustrd></RmtInf></TxDtls></NtryDtls><AddtlNtryInf>GUTSCHRIFT ÜBERWEISUNG</AddtlNtryInf></Ntry><Ntry><Amt Ccy="EUR">2409.75</Amt><CdtDbtInd>CRDT</CdtDbtInd><Sts><Cd>BOOK</Cd></Sts><BookgDt><Dt>2025-08-07</Dt></BookgDt><ValDt><Dt>2025-08-07</Dt></ValDt><AcctSvcrRef>2025-08-07-15.57.32.338268</AcctSvcrRef><BkTxCd/><NtryDtls><TxDtls><Refs><EndToEndId>0019011319</EndToEndId><Prtry><Tp>FI-UMSATZ-ID</Tp><Ref>2025-08-07-15.57.32.338268</Ref></Prtry></Refs><Amt Ccy="EUR">2409.75</Amt><BkTxCd><Domn><Cd>PMNT</Cd><Fmly><Cd>RCDT</Cd><SubFmlyCd>ESCT</SubFmlyCd></Fmly></Domn><Prtry><Cd>NTRF+166+9213+000</Cd><Issr>DK</Issr></Prtry></BkTxCd><RltdPties><Dbtr><Pty><Nm>Ruppiner Kliniken GmbH                                                16816 Neuruppin</Nm></Pty></Dbtr><DbtrAcct><Id><IBAN>DE09160502021720004389</IBAN></Id></DbtrAcct><UltmtDbtr><Pty><Nm>Ruppiner Kliniken GmbH Fehrbelliner Strasse 38</Nm></Pty></UltmtDbtr><Cdtr><Pty><Nm>TRANSACT GMBH                                                         KLEINE REICHENSTR. 1</Nm></Pty></Cdtr><CdtrAcct><Id><IBAN>DE35230510300004619086</IBAN></Id></CdtrAcct></RltdPties><RltdAgts><DbtrAgt><FinInstnId><BICFI>WELADED1OPR</BICFI></FinInstnId></DbtrAgt><CdtrAgt><FinInstnId><BICFI>NOLADE21SHO</BICFI></FinInstnId></CdtrAgt></RltdAgts><RmtInf><Ustrd>1541/R/202500520/2409,75</Ustrd></RmtInf></TxDtls></NtryDtls><AddtlNtryInf>GUTSCHRIFT ÜBERWEISUNG</AddtlNtryInf></Ntry><Ntry><Amt Ccy="EUR">2409.75</Amt><CdtDbtInd>CRDT</CdtDbtInd><Sts><Cd>BOOK</Cd></Sts><BookgDt><Dt>2025-08-07</Dt></BookgDt><ValDt><Dt>2025-08-07</Dt></ValDt><AcctSvcrRef>2025-08-07-17.11.06.068230</AcctSvcrRef><BkTxCd/><NtryDtls><TxDtls><Refs><EndToEndId>8002588/1240/R87G8ZTQMRW7</EndToEndId><Prtry><Tp>FI-UMSATZ-ID</Tp><Ref>2025-08-07-17.11.06.068230</Ref></Prtry></Refs><Amt Ccy="EUR">2409.75</Amt><BkTxCd><Domn><Cd>PMNT</Cd><Fmly><Cd>RCDT</Cd><SubFmlyCd>ESCT</SubFmlyCd></Fmly></Domn><Prtry><Cd>NTRF+166+9243+000</Cd><Issr>DK</Issr></Prtry></BkTxCd><RltdPties><Dbtr><Pty><Nm>Landkreis Regensburg</Nm></Pty></Dbtr><DbtrAcct><Id><IBAN>DE92750500000061200010</IBAN></Id></DbtrAcct><UltmtDbtr><Pty><Nm>Kreiskrankenhaus Wörth a.d. Donau</Nm></Pty></UltmtDbtr><Cdtr><Pty><Nm>Transact GmbH</Nm></Pty></Cdtr><CdtrAcct><Id><IBAN>DE35230510300004619086</IBAN></Id></CdtrAcct></RltdPties><RltdAgts><DbtrAgt><FinInstnId><BICFI>BYLADEM1RBG</BICFI></FinInstnId></DbtrAgt><CdtrAgt><FinInstnId><BICFI>NOLADE21SHO</BICFI></FinInstnId></CdtrAgt></RltdAgts><RmtInf><Ustrd>//PA202500521/28.07.2025/2409.75/0. 00/2409.75</Ustrd></RmtInf></TxDtls></NtryDtls><AddtlNtryInf>GUTSCHRIFT ÜBERWEISUNG</AddtlNtryInf></Ntry></Rpt></BkToCstmrAcctRpt></Document>