<?xml version="1.0" encoding="UTF-8"?><Document xmlns="urn:iso:std:iso:20022:tech:xsd:camt.052.001.08" xmlns:xsi="http://www.w3.org/2001/XMLSchema-instance" xsi:schemaLocation="urn:iso:std:iso:20022:tech:xsd:camt.052.001.08 camt.052.001.08.xsd"><BkToCstmrAcctRpt><GrpHdr><MsgId>camt52_20250821142324__ONLINEBA</MsgId><CreDtTm>2025-08-21T14:23:24+02:00</CreDtTm></GrpHdr><Rpt><Id>camt0528_ONLINEBA</Id><RptPgntn><PgNb>1</PgNb><LastPgInd>true</LastPgInd></RptPgntn><CreDtTm>2025-08-21T14:23:24+02:00</CreDtTm><Acct><Id><IBAN>DE35230510300004619086</IBAN></Id><Ccy>EUR</Ccy><Svcr><FinInstnId><BICFI>NOLADE21SHO</BICFI><Nm>SPARKASSE SUEDHOLSTEIN</Nm><Othr><Id>DE 134796412</Id><Issr>UmsStId</Issr></Othr></FinInstnId></Svcr></Acct><Bal><Tp><CdOrPrtry><Cd>OPBD</Cd></CdOrPrtry></Tp><Amt Ccy="EUR">49789.08</Amt><CdtDbtInd>CRDT</CdtDbtInd><Dt><Dt>2025-08-19</Dt></Dt></Bal><Bal><Tp><CdOrPrtry><Cd>CLBD</Cd></CdOrPrtry></Tp><Amt Ccy="EUR">57118.99</Amt><CdtDbtInd>CRDT</CdtDbtInd><Dt><Dt>2025-08-20</Dt></Dt></Bal><Ntry><Amt Ccy="EUR">9250.00</Amt><CdtDbtInd>DBIT</CdtDbtInd><Sts><Cd>BOOK</Cd></Sts><BookgDt><Dt>2025-08-20</Dt></BookgDt><ValDt><Dt>2025-08-20</Dt></ValDt><AcctSvcrRef>2025-08-20-00.07.52.864332</AcctSvcrRef><BkTxCd/><NtryDtls><TxDtls><Refs><EndToEndId>048/764/04562-----L1508202500285880</EndToEndId><MndtId>HH266884966327</MndtId><Prtry><Tp>FI-UMSATZ-ID</Tp><Ref>2025-08-20-00.07.52.864332</Ref></Prtry></Refs><Amt Ccy="EUR">9250.00</Amt><BkTxCd><Domn><Cd>PMNT</Cd><Fmly><Cd>RDDT</Cd><SubFmlyCd>ESDD</SubFmlyCd></Fmly></Domn><Prtry><Cd>NDDT+105+9262+992</Cd><Issr>DK</Issr></Prtry></BkTxCd><RltdPties><Dbtr><Pty><Nm>TRANSACT - GESELLSCHAFT FUE</Nm></Pty></Dbtr><DbtrAcct><Id><IBAN>DE35230510300004619086</IBAN></Id></DbtrAcct><Cdtr><Pty><Nm>STEUERKASSE HAMBURG</Nm><Id><PrvtId><Othr><Id>DE43ZZZ00000037898</Id></Othr></PrvtId></Id></Pty></Cdtr><CdtrAcct><Id><IBAN>DE03200000000020001530</IBAN></Id></CdtrAcct></RltdPties><RltdAgts><DbtrAgt><FinInstnId><BICFI>NOLADE21SHO</BICFI></FinInstnId></DbtrAgt><CdtrAgt><FinInstnId><BICFI>MARKDEF1200</BICFI></FinInstnId></CdtrAgt></RltdAgts><RmtInf><Ustrd>STEUERNR 048/764/04562     GEW.ST  3VJ.25  9.250,00EUR</Ustrd></RmtInf></TxDtls></NtryDtls><AddtlNtryInf>FOLGELASTSCHRIFT</AddtlNtryInf></Ntry><Ntry><Amt Ccy="EUR">7229.25</Amt><CdtDbtInd>CRDT</CdtDbtInd><Sts><Cd>BOOK</Cd></Sts><BookgDt><Dt>2025-08-20</Dt></BookgDt><ValDt><Dt>2025-08-20</Dt></ValDt><AcctSvcrRef>2025-08-20-00.18.13.151377</AcctSvcrRef><BkTxCd/><NtryDtls><TxDtls><Refs><EndToEndId>0004529730</EndToEndId><Prtry><Tp>FI-UMSATZ-ID</Tp><Ref>2025-08-20-00.18.13.151377</Ref></Prtry></Refs><Amt Ccy="EUR">7229.25</Amt><BkTxCd><Domn><Cd>PMNT</Cd><Fmly><Cd>RCDT</Cd><SubFmlyCd>ESCT</SubFmlyCd></Fmly></Domn><Prtry><Cd>NTRF+166+9263+000</Cd><Issr>DK</Issr></Prtry></BkTxCd><RltdPties><Dbtr><Pty><Nm>Universitätsmedizin Greifswald Körperschaft des öffentlichen Rechts</Nm></Pty></Dbtr><DbtrAcct><Id><IBAN>DE32130000000013001534</IBAN></Id></DbtrAcct><Cdtr><Pty><Nm>Transact GmbH</Nm></Pty></Cdtr><CdtrAcct><Id><IBAN>DE35230510300004619086</IBAN></Id></CdtrAcct></RltdPties><RltdAgts><DbtrAgt><FinInstnId><BICFI>MARKDEF1130</BICFI></FinInstnId></DbtrAgt><CdtrAgt><FinInstnId><BICFI>NOLADE21SHO</BICFI></FinInstnId></CdtrAgt></RltdAgts><RmtInf><Ustrd>/R/RA 202500462/7229,25</Ustrd></RmtInf></TxDtls></NtryDtls><AddtlNtryInf>GUTSCHRIFT ÜBERWEISUNG</AddtlNtryInf></Ntry><Ntry><Amt Ccy="EUR">5084.56</Amt><CdtDbtInd>CRDT</CdtDbtInd><Sts><Cd>BOOK</Cd></Sts><BookgDt><Dt>2025-08-20</Dt></BookgDt><ValDt><Dt>2025-08-20</Dt></ValDt><AcctSvcrRef>2025-08-20-08.30.47.325660</AcctSvcrRef><BkTxCd/><NtryDtls><TxDtls><Refs><EndToEndId>0115072533</EndToEndId><Prtry><Tp>FI-UMSATZ-ID</Tp><Ref>2025-08-20-08.30.47.325660</Ref></Prtry></Refs><Amt Ccy="EUR">5084.56</Amt><BkTxCd><Domn><Cd>PMNT</Cd><Fmly><Cd>RCDT</Cd><SubFmlyCd>ESCT</SubFmlyCd></Fmly></Domn><Prtry><Cd>NTRF+166+9243+000</Cd><Issr>DK</Issr></Prtry></BkTxCd><RltdPties><Dbtr><Pty><Nm>Klinikum der Technischen Universität München (TUM Klinikum)</Nm></Pty></Dbtr><DbtrAcct><Id><IBAN>DE82700500000000020272</IBAN></Id></DbtrAcct><UltmtDbtr><Pty><Nm>Klinikum rechts der Isar</Nm></Pty></UltmtDbtr><Cdtr><Pty><Nm>Transact-Gesellschaft fuer                                            Rudolf-Klug-Weg 3</Nm></Pty></Cdtr><CdtrAcct><Id><IBAN>DE35230510300004619086</IBAN></Id></CdtrAcct></RltdPties><RltdAgts><DbtrAgt><FinInstnId><BICFI>BYLADEMMXXX</BICFI></FinInstnId></DbtrAgt><CdtrAgt><FinInstnId><BICFI>NOLADE21SHO</BICFI></FinInstnId></CdtrAgt></RltdAgts><RmtInf><Ustrd>/INV/RA202500479 10.7.2025/ IHRE KONTONR. 0000021633</Ustrd></RmtInf></TxDtls></NtryDtls><AddtlNtryInf>GUTSCHRIFT ÜBERWEISUNG</AddtlNtryInf></Ntry><Ntry><Amt Ccy="EUR">1606.50</Amt><CdtDbtInd>CRDT</CdtDbtInd><Sts><Cd>BOOK</Cd></Sts><BookgDt><Dt>2025-08-20</Dt></BookgDt><ValDt><Dt>2025-08-20</Dt></ValDt><AcctSvcrRef>2025-08-20-16.52.02.276031</AcctSvcrRef><BkTxCd/><NtryDtls><TxDtls><Refs><EndToEndId>14</EndToEndId><Prtry><Tp>FI-UMSATZ-ID</Tp><Ref>2025-08-20-16.52.02.276031</Ref></Prtry></Refs><Amt Ccy="EUR">1606.50</Amt><BkTxCd><Domn><Cd>PMNT</Cd><Fmly><Cd>RCDT</Cd><SubFmlyCd>ESCT</SubFmlyCd></Fmly></Domn><Prtry><Cd>NTRF+166+9249+000</Cd><Issr>DK</Issr></Prtry></BkTxCd><RltdPties><Dbtr><Pty><Nm>AWO proService</Nm></Pty></Dbtr><DbtrAcct><Id><IBAN>DE37200400000626551600</IBAN></Id></DbtrAcct><Cdtr><Pty><Nm>Transact GmbH</Nm></Pty></Cdtr><CdtrAcct><Id><IBAN>DE35230510300004619086</IBAN></Id></CdtrAcct></RltdPties><RltdAgts><DbtrAgt><FinInstnId><BICFI>COBADEHH</BICFI></FinInstnId></DbtrAgt><CdtrAgt><FinInstnId><BICFI>NOLADE21SHO</BICFI></FinInstnId></CdtrAgt></RltdAgts><RmtInf><Ustrd>12.08.25 NR. 202500558 884</Ustrd></RmtInf></TxDtls></NtryDtls><AddtlNtryInf>GUTSCHRIFT ÜBERWEISUNG</AddtlNtryInf></Ntry><Ntry><Amt Ccy="EUR">1261.73</Amt><CdtDbtInd>CRDT</CdtDbtInd><Sts><Cd>BOOK</Cd></Sts><BookgDt><Dt>2025-08-20</Dt></BookgDt><ValDt><Dt>2025-08-20</Dt></ValDt><AcctSvcrRef>2025-08-20-17.12.02.800094</AcctSvcrRef><BkTxCd/><NtryDtls><TxDtls><Refs><EndToEndId>691</EndToEndId><Prtry><Tp>FI-UMSATZ-ID</Tp><Ref>2025-08-20-17.12.02.800094</Ref></Prtry></Refs><Amt Ccy="EUR">1261.73</Amt><BkTxCd><Domn><Cd>PMNT</Cd><Fmly><Cd>RCDT</Cd><SubFmlyCd>ESCT</SubFmlyCd></Fmly></Domn><Prtry><Cd>NTRF+166+9243+000</Cd><Issr>DK</Issr></Prtry></BkTxCd><RltdPties><Dbtr><Pty><Nm>DONAUISAR Klinikum Deggendorf-Dingolfing- Landau gKU</Nm></Pty></Dbtr><DbtrAcct><Id><IBAN>DE75741500000380035550</IBAN></Id></DbtrAcct><UltmtDbtr><Pty><Nm>DONAUISAR Klinikum Deggendorf- Dingolfing-Landau</Nm></Pty></UltmtDbtr><Cdtr><Pty><Nm>TRANSACT GMBH</Nm></Pty></Cdtr><CdtrAcct><Id><IBAN>DE35230510300004619086</IBAN></Id></CdtrAcct></RltdPties><RltdAgts><DbtrAgt><FinInstnId><BICFI>BYLADEM1DEG</BICFI></FinInstnId></DbtrAgt><CdtrAgt><FinInstnId><BICFI>NOLADE21SHO</BICFI></FinInstnId></CdtrAgt></RltdAgts><RmtInf><Ustrd>202500464 1261,73</Ustrd></RmtInf></TxDtls></NtryDtls><AddtlNtryInf>GUTSCHRIFT ÜBERWEISUNG</AddtlNtryInf></Ntry><Ntry><Amt Ccy="EUR">1397.87</Amt><CdtDbtInd>CRDT</CdtDbtInd><Sts><Cd>BOOK</Cd></Sts><BookgDt><Dt>2025-08-20</Dt></BookgDt><ValDt><Dt>2025-08-20</Dt></ValDt><AcctSvcrRef>2025-08-20-17.15.17.170752</AcctSvcrRef><BkTxCd/><NtryDtls><TxDtls><Refs><Prtry><Tp>FI-UMSATZ-ID</Tp><Ref>2025-08-20-17.15.17.170752</Ref></Prtry></Refs><Amt Ccy="EUR">1397.87</Amt><BkTxCd><Domn><Cd>PMNT</Cd><Fmly><Cd>RCDT</Cd><SubFmlyCd>ESCT</SubFmlyCd></Fmly></Domn><Prtry><Cd>NTRF+166+9247+000</Cd><Issr>DK</Issr></Prtry></BkTxCd><RltdPties><Dbtr><Pty><Nm>Krankenhaus St. Joseph-Stift GmbH</Nm></Pty></Dbtr><DbtrAcct><Id><IBAN>DE45290501010001013945</IBAN></Id></DbtrAcct><UltmtDbtr><Pty><Nm>KRANKENHAUS ST. JOSEPH STIFT</Nm></Pty></UltmtDbtr><Cdtr><Pty><Nm>TRANSACT GMBH</Nm></Pty></Cdtr><CdtrAcct><Id><IBAN>DE35230510300004619086</IBAN></Id></CdtrAcct></RltdPties><RltdAgts><DbtrAgt><FinInstnId><BICFI>SBREDE22XXX</BICFI></FinInstnId></DbtrAgt><CdtrAgt><FinInstnId><BICFI>NOLADE21SHO</BICFI></FinInstnId></CdtrAgt></RltdAgts><RmtInf><Ustrd>RA 202500548                                                   349,47 RA 202500549                                                  1048,40</Ustrd></RmtInf></TxDtls></NtryDtls><AddtlNtryInf>GUTSCHRIFT ÜBERWEISUNG</AddtlNtryInf></Ntry></Rpt></BkToCstmrAcctRpt></Document>