<?xml version="1.0" encoding="UTF-8"?><Document xmlns="urn:iso:std:iso:20022:tech:xsd:camt.052.001.08" xmlns:xsi="http://www.w3.org/2001/XMLSchema-instance" xsi:schemaLocation="urn:iso:std:iso:20022:tech:xsd:camt.052.001.08 camt.052.001.08.xsd"><BkToCstmrAcctRpt><GrpHdr><MsgId>camt52_20250821142324__ONLINEBA</MsgId><CreDtTm>2025-08-21T14:23:24+02:00</CreDtTm></GrpHdr><Rpt><Id>camt0528_ONLINEBA</Id><RptPgntn><PgNb>1</PgNb><LastPgInd>true</LastPgInd></RptPgntn><CreDtTm>2025-08-21T14:23:24+02:00</CreDtTm><Acct><Id><IBAN>DE35230510300004619086</IBAN></Id><Ccy>EUR</Ccy><Svcr><FinInstnId><BICFI>NOLADE21SHO</BICFI><Nm>SPARKASSE SUEDHOLSTEIN</Nm><Othr><Id>DE 134796412</Id><Issr>UmsStId</Issr></Othr></FinInstnId></Svcr></Acct><Bal><Tp><CdOrPrtry><Cd>OPBD</Cd></CdOrPrtry></Tp><Amt Ccy="EUR">45270.60</Amt><CdtDbtInd>CRDT</CdtDbtInd><Dt><Dt>2025-08-18</Dt></Dt></Bal><Bal><Tp><CdOrPrtry><Cd>CLBD</Cd></CdOrPrtry></Tp><Amt Ccy="EUR">49789.08</Amt><CdtDbtInd>CRDT</CdtDbtInd><Dt><Dt>2025-08-19</Dt></Dt></Bal><Ntry><Amt Ccy="EUR">441.18</Amt><CdtDbtInd>CRDT</CdtDbtInd><Sts><Cd>BOOK</Cd></Sts><BookgDt><Dt>2025-08-19</Dt></BookgDt><ValDt><Dt>2025-08-19</Dt></ValDt><AcctSvcrRef>2025-08-19-08.34.02.184551</AcctSvcrRef><BkTxCd/><NtryDtls><TxDtls><Refs><Prtry><Tp>FI-UMSATZ-ID</Tp><Ref>2025-08-19-08.34.02.184551</Ref></Prtry></Refs><Amt Ccy="EUR">441.18</Amt><BkTxCd><Domn><Cd>PMNT</Cd><Fmly><Cd>RCDT</Cd><SubFmlyCd>ESCT</SubFmlyCd></Fmly></Domn><Prtry><Cd>NTRF+166+9227+000</Cd><Issr>DK</Issr></Prtry></BkTxCd><RltdPties><Dbtr><Pty><Nm>DR. WERNER KREYSCH</Nm></Pty></Dbtr><DbtrAcct><Id><IBAN>DE46450500010003061140</IBAN></Id></DbtrAcct><Cdtr><Pty><Nm>Transact GmbH</Nm></Pty></Cdtr><CdtrAcct><Id><IBAN>DE35230510300004619086</IBAN></Id></CdtrAcct></RltdPties><RltdAgts><DbtrAgt><FinInstnId><BICFI>WELADE3HXXX</BICFI></FinInstnId></DbtrAgt><CdtrAgt><FinInstnId><BICFI>NOLADE21SHO</BICFI></FinInstnId></CdtrAgt></RltdAgts><RmtInf><Ustrd>Kd.- Nr. 1355, Re. RA 202500563</Ustrd></RmtInf></TxDtls></NtryDtls><AddtlNtryInf>GUTSCHRIFT ÜBERWEISUNG</AddtlNtryInf></Ntry><Ntry><Amt Ccy="EUR">4077.30</Amt><CdtDbtInd>CRDT</CdtDbtInd><Sts><Cd>BOOK</Cd></Sts><BookgDt><Dt>2025-08-19</Dt></BookgDt><ValDt><Dt>2025-08-19</Dt></ValDt><AcctSvcrRef>2025-08-19-15.17.43.378220</AcctSvcrRef><BkTxCd/><NtryDtls><TxDtls><Refs><EndToEndId>KD437 93</EndToEndId><Prtry><Tp>FI-UMSATZ-ID</Tp><Ref>2025-08-19-15.17.43.378220</Ref></Prtry></Refs><Amt Ccy="EUR">4077.30</Amt><BkTxCd><Domn><Cd>PMNT</Cd><Fmly><Cd>RCDT</Cd><SubFmlyCd>ESCT</SubFmlyCd></Fmly></Domn><Prtry><Cd>NTRF+166+9227+000</Cd><Issr>DK</Issr></Prtry></BkTxCd><RltdPties><Dbtr><Pty><Nm>Klinikum am Weissenhof</Nm></Pty></Dbtr><DbtrAcct><Id><IBAN>DE61620500000013600370</IBAN></Id></DbtrAcct><UltmtDbtr><Pty><Nm>Klinikum am Weissenhof</Nm></Pty></UltmtDbtr><Cdtr><Pty><Nm>Transact GmbH - Gesellschaft fuer</Nm></Pty></Cdtr><CdtrAcct><Id><IBAN>DE35230510300004619086</IBAN></Id></CdtrAcct></RltdPties><RltdAgts><DbtrAgt><FinInstnId><BICFI>HEISDE66XXX</BICFI></FinInstnId></DbtrAgt><CdtrAgt><FinInstnId><BICFI>NOLADE21SHO</BICFI></FinInstnId></CdtrAgt></RltdAgts><RmtInf><Ustrd>437 07.08.25 NR. 202500536 4.077,30</Ustrd></RmtInf></TxDtls></NtryDtls><AddtlNtryInf>GUTSCHRIFT ÜBERWEISUNG</AddtlNtryInf></Ntry></Rpt></BkToCstmrAcctRpt></Document>