<?xml version="1.0" encoding="UTF-8"?><Document xmlns="urn:iso:std:iso:20022:tech:xsd:camt.052.001.08" xmlns:xsi="http://www.w3.org/2001/XMLSchema-instance" xsi:schemaLocation="urn:iso:std:iso:20022:tech:xsd:camt.052.001.08 camt.052.001.08.xsd"><BkToCstmrAcctRpt><GrpHdr><MsgId>camt52_20250715114803__ONLINEBA</MsgId><CreDtTm>2025-07-15T11:48:03+02:00</CreDtTm></GrpHdr><Rpt><Id>camt0528_ONLINEBA</Id><RptPgntn><PgNb>1</PgNb><LastPgInd>true</LastPgInd></RptPgntn><CreDtTm>2025-07-15T11:48:03+02:00</CreDtTm><Acct><Id><IBAN>DE35230510300004619086</IBAN></Id><Ccy>EUR</Ccy><Svcr><FinInstnId><BICFI>NOLADE21SHO</BICFI><Nm>SPARKASSE SUEDHOLSTEIN</Nm><Othr><Id>DE 134796412</Id><Issr>UmsStId</Issr></Othr></FinInstnId></Svcr></Acct><Bal><Tp><CdOrPrtry><Cd>OPBD</Cd></CdOrPrtry></Tp><Amt Ccy="EUR">172280.40</Amt><CdtDbtInd>CRDT</CdtDbtInd><Dt><Dt>2025-07-11</Dt></Dt></Bal><Bal><Tp><CdOrPrtry><Cd>CLBD</Cd></CdOrPrtry></Tp><Amt Ccy="EUR">179407.76</Amt><CdtDbtInd>CRDT</CdtDbtInd><Dt><Dt>2025-07-14</Dt></Dt></Bal><Ntry><Amt Ccy="EUR">300.90</Amt><CdtDbtInd>DBIT</CdtDbtInd><Sts><Cd>BOOK</Cd></Sts><BookgDt><Dt>2025-07-14</Dt></BookgDt><ValDt><Dt>2025-07-14</Dt></ValDt><AcctSvcrRef>2025-07-14-00.06.03.408106</AcctSvcrRef><BkTxCd/><NtryDtls><TxDtls><Refs><EndToEndId>0300241106170000442899084035RCUR</EndToEndId><MndtId>T00200010000000040552703</MndtId><Prtry><Tp>FI-UMSATZ-ID</Tp><Ref>2025-07-14-00.06.03.408106</Ref></Prtry></Refs><Amt Ccy="EUR">300.90</Amt><BkTxCd><Domn><Cd>PMNT</Cd><Fmly><Cd>RDDT</Cd><SubFmlyCd>ESDD</SubFmlyCd></Fmly></Domn><Prtry><Cd>NDDT+105+9248+992</Cd><Issr>DK</Issr></Prtry></BkTxCd><RltdPties><Dbtr><Pty><Nm>Transact - Gesellschaft fuer Software + A</Nm></Pty></Dbtr><DbtrAcct><Id><IBAN>DE35230510300004619086</IBAN></Id></DbtrAcct><Cdtr><Pty><Nm>Telefonica Germany G</Nm><Id><PrvtId><Othr><Id>DE9700000000142462</Id></Othr></PrvtId></Id></Pty></Cdtr><CdtrAcct><Id><IBAN>DE62700202700005726875</IBAN></Id></CdtrAcct></RltdPties><RltdAgts><DbtrAgt><FinInstnId><BICFI>NOLADE21SHO</BICFI></FinInstnId></DbtrAgt><CdtrAgt><FinInstnId><BICFI>HYVEDEMMXXX</BICFI></FinInstnId></CdtrAgt></RltdAgts><RmtInf><Ustrd>Kd-Nr.:40552703,Rg-Nr.:442899084/35,o2 BUSINESS SAGT DANKE</Ustrd></RmtInf></TxDtls></NtryDtls><AddtlNtryInf>FOLGELASTSCHRIFT</AddtlNtryInf></Ntry><Ntry><Amt Ccy="EUR">109.42</Amt><CdtDbtInd>DBIT</CdtDbtInd><Sts><Cd>BOOK</Cd></Sts><BookgDt><Dt>2025-07-14</Dt></BookgDt><ValDt><Dt>2025-07-14</Dt></ValDt><AcctSvcrRef>2025-07-14-00.06.23.914544</AcctSvcrRef><BkTxCd/><NtryDtls><TxDtls><Refs><EndToEndId>11717302443</EndToEndId><MndtId>205280001</MndtId><Prtry><Tp>FI-UMSATZ-ID</Tp><Ref>2025-07-14-00.06.23.914544</Ref></Prtry></Refs><Amt Ccy="EUR">109.42</Amt><BkTxCd><Domn><Cd>PMNT</Cd><Fmly><Cd>RDDT</Cd><SubFmlyCd>ESDD</SubFmlyCd></Fmly></Domn><Prtry><Cd>NDDT+105+9248+992</Cd><Issr>DK</Issr></Prtry></BkTxCd><RltdPties><Dbtr><Pty><Nm>Transact - Gesellschaft fur Software U A nalyse mb</Nm></Pty></Dbtr><DbtrAcct><Id><IBAN>DE35230510300004619086</IBAN></Id></DbtrAcct><Cdtr><Pty><Nm>UNION TANK Eckstein GmbH + Co. KG</Nm><Id><PrvtId><Othr><Id>DE06UTA00000010046</Id></Othr></PrvtId></Id></Pty></Cdtr><CdtrAcct><Id><IBAN>DE46795200700001619888</IBAN></Id></CdtrAcct></RltdPties><RltdAgts><DbtrAgt><FinInstnId><BICFI>NOLADE21SHO</BICFI></FinInstnId></DbtrAgt><CdtrAgt><FinInstnId><BICFI>HYVEDEMM407</BICFI></FinInstnId></CdtrAgt></RltdAgts><RmtInf><Ustrd>205280 RG.NR 055199899 ZA 109,42</Ustrd></RmtInf></TxDtls></NtryDtls><AddtlNtryInf>FOLGELASTSCHRIFT</AddtlNtryInf></Ntry><Ntry><Amt Ccy="EUR">7537.68</Amt><CdtDbtInd>CRDT</CdtDbtInd><Sts><Cd>BOOK</Cd></Sts><BookgDt><Dt>2025-07-14</Dt></BookgDt><ValDt><Dt>2025-07-14</Dt></ValDt><AcctSvcrRef>2025-07-14-08.43.11.702363</AcctSvcrRef><BkTxCd/><NtryDtls><TxDtls><Refs><Prtry><Tp>FI-UMSATZ-ID</Tp><Ref>2025-07-14-08.43.11.702363</Ref></Prtry></Refs><Amt Ccy="EUR">7537.68</Amt><BkTxCd><Domn><Cd>PMNT</Cd><Fmly><Cd>RCDT</Cd><SubFmlyCd>ESCT</SubFmlyCd></Fmly></Domn><Prtry><Cd>NTRF+166+9263+888</Cd><Issr>DK</Issr></Prtry></BkTxCd><RltdPties><Dbtr><Pty><Nm>comit Versicherungsmakler GmbH</Nm></Pty></Dbtr><DbtrAcct><Id><IBAN>AT535800010247289114</IBAN></Id></DbtrAcct><Cdtr><Pty><Nm>Transact GmbH</Nm></Pty></Cdtr><CdtrAcct><Id><IBAN>DE35230510300004619086</IBAN></Id></CdtrAcct></RltdPties><RltdAgts><DbtrAgt><FinInstnId><BICFI>HYPVAT2B</BICFI></FinInstnId></DbtrAgt><CdtrAgt><FinInstnId><BICFI>NOLADE21SHO</BICFI></FinInstnId></CdtrAgt></RltdAgts><RmtInf><Ustrd>Kd-Nr. 1522, Rg.Nr. RA 202500473</Ustrd><Ustrd>AWV-MELDEPFLICHT BEACHTEN HOTLINE BUNDESBANK (0800) 1234-111</Ustrd></RmtInf></TxDtls></NtryDtls><AddtlNtryInf>GUTSCHRIFT ÜBERWEISUNG</AddtlNtryInf></Ntry></Rpt></BkToCstmrAcctRpt></Document>