<?xml version="1.0" encoding="UTF-8"?><Document xmlns="urn:iso:std:iso:20022:tech:xsd:camt.052.001.08" xmlns:xsi="http://www.w3.org/2001/XMLSchema-instance" xsi:schemaLocation="urn:iso:std:iso:20022:tech:xsd:camt.052.001.08 camt.052.001.08.xsd"><BkToCstmrAcctRpt><GrpHdr><MsgId>camt52_20250902120647__ONLINEBA</MsgId><CreDtTm>2025-09-02T12:06:47+02:00</CreDtTm></GrpHdr><Rpt><Id>camt0528_ONLINEBA</Id><RptPgntn><PgNb>1</PgNb><LastPgInd>true</LastPgInd></RptPgntn><CreDtTm>2025-09-02T12:06:47+02:00</CreDtTm><Acct><Id><IBAN>DE35230510300004619086</IBAN></Id><Ccy>EUR</Ccy><Svcr><FinInstnId><BICFI>NOLADE21SHO</BICFI><Nm>SPARKASSE SUEDHOLSTEIN</Nm><Othr><Id>DE 134796412</Id><Issr>UmsStId</Issr></Othr></FinInstnId></Svcr></Acct><Bal><Tp><CdOrPrtry><Cd>OPBD</Cd></CdOrPrtry></Tp><Amt Ccy="EUR">49356.83</Amt><CdtDbtInd>CRDT</CdtDbtInd><Dt><Dt>2025-08-29</Dt></Dt></Bal><Bal><Tp><CdOrPrtry><Cd>CLBD</Cd></CdOrPrtry></Tp><Amt Ccy="EUR">48970.95</Amt><CdtDbtInd>CRDT</CdtDbtInd><Dt><Dt>2025-09-01</Dt></Dt></Bal><Ntry><Amt Ccy="EUR">123.47</Amt><CdtDbtInd>DBIT</CdtDbtInd><Sts><Cd>BOOK</Cd></Sts><BookgDt><Dt>2025-09-01</Dt></BookgDt><ValDt><Dt>2025-08-30</Dt></ValDt><AcctSvcrRef>2025-08-29-20.58.42.002410</AcctSvcrRef><BkTxCd/><NtryDtls><TxDtls><Refs><Prtry><Tp>FI-UMSATZ-ID</Tp><Ref>2025-08-29-20.58.42.002410</Ref></Prtry></Refs><Amt Ccy="EUR">123.47</Amt><BkTxCd><Domn><Cd>ACMT</Cd><Fmly><Cd>OPCL</Cd><SubFmlyCd>ACCC</SubFmlyCd></Fmly></Domn><Prtry><Cd>NMSC+805+6666+000</Cd><Issr>DK</Issr></Prtry></BkTxCd><RltdPties><DbtrAcct><Id><Othr><Id>0004619086</Id></Othr></Id></DbtrAcct><CdtrAcct><Id><Othr><Id>0000000000</Id></Othr></Id></CdtrAcct></RltdPties><RltdAgts><DbtrAgt><FinInstnId><Nm>SPK SUEDHOLSTEIN NEUMUENSTE</Nm><Othr><Id>23051030</Id></Othr></FinInstnId></DbtrAgt><CdtrAgt><FinInstnId><Nm>SPK SUEDHOLSTEIN NEUMUENSTE</Nm><Othr><Id>23051030</Id></Othr></FinInstnId></CdtrAgt></RltdAgts><RmtInf><Ustrd>Abrechnung 29.08.2025</Ustrd><Ustrd>siehe Anlage</Ustrd><Ustrd>Abrechnung 29.08.2025</Ustrd><Ustrd>Information zur Abrechnung</Ustrd><Ustrd>Kontostand am 29.08.2025                                       49.356,83 +</Ustrd><Ustrd>Abrechnungszeitraum vom 01.08.2025 bis 29.08.2025</Ustrd><Ustrd>Kreditprovision                                                     50,35-</Ustrd><Ustrd>aus nicht in Anspruch genommenem Kredit</Ustrd><Ustrd> 1,2500 v.H. Kred-Prov  bis 29.08.2025</Ustrd><Ustrd>Entgelte vom 01.08.2025 bis 29.08.2025                              53,40-</Ustrd><Ustrd>Kontoführung                1 x   29,90               29,90-</Ustrd><Ustrd>Daueraufträge               1 x    0,20                0,20-</Ustrd><Ustrd>Lastschriften              36 x    0,20                7,20-</Ustrd><Ustrd>Überweisungen DATA</Ustrd><Ustrd> Geschäftsvorfälle         35 x    0,10                3,50-</Ustrd><Ustrd>Gutschrift Überweisung     63 x    0,20               12,60-</Ustrd><Ustrd>Abrechnung 29.08.2025 vor Steuer                                   103,75-</Ustrd><Ustrd>Umsatzsteuer  19%  auf         103,75-                 USt:         19,72-</Ustrd><Ustrd>Abrechnung 29.08.2025                                              123,47-</Ustrd><Ustrd>Kontostand/Rechnungsabschluss am 29.08.2025                    49.233,36 +</Ustrd><Ustrd>Rechnungsnummer: 20250829-SH041-00033605555</Ustrd></RmtInf></TxDtls></NtryDtls><AddtlNtryInf>ABSCHLUSS</AddtlNtryInf></Ntry><Ntry><Amt Ccy="EUR">67.07</Amt><CdtDbtInd>DBIT</CdtDbtInd><Sts><Cd>BOOK</Cd></Sts><BookgDt><Dt>2025-09-01</Dt></BookgDt><ValDt><Dt>2025-09-01</Dt></ValDt><AcctSvcrRef>2025-09-01-00.06.16.224867</AcctSvcrRef><BkTxCd/><NtryDtls><TxDtls><Refs><EndToEndId>337373268</EndToEndId><MndtId>239193478B00014</MndtId><Prtry><Tp>FI-UMSATZ-ID</Tp><Ref>2025-09-01-00.06.16.224867</Ref></Prtry></Refs><Amt Ccy="EUR">67.07</Amt><BkTxCd><Domn><Cd>PMNT</Cd><Fmly><Cd>RDDT</Cd><SubFmlyCd>ESDD</SubFmlyCd></Fmly></Domn><Prtry><Cd>NDDT+105+9248+992</Cd><Issr>DK</Issr></Prtry></BkTxCd><RltdPties><Dbtr><Pty><Nm>Transact Gesellschaft fuer</Nm></Pty></Dbtr><DbtrAcct><Id><IBAN>DE35230510300004619086</IBAN></Id></DbtrAcct><Cdtr><Pty><Nm>HANSEMERKUR VERS.</Nm><Id><PrvtId><Othr><Id>DE74ZZZ00000066149</Id></Othr></PrvtId></Id></Pty></Cdtr><CdtrAcct><Id><IBAN>DE24200300000000241414</IBAN></Id></CdtrAcct></RltdPties><RltdAgts><DbtrAgt><FinInstnId><BICFI>NOLADE21SHO</BICFI></FinInstnId></DbtrAgt><CdtrAgt><FinInstnId><BICFI>HYVEDEMM300</BICFI></FinInstnId></CdtrAgt></RltdAgts><RmtInf><Ustrd>239193478B00014 01.09.2025 Rentenversicherung</Ustrd></RmtInf></TxDtls></NtryDtls><AddtlNtryInf>FOLGELASTSCHRIFT</AddtlNtryInf></Ntry><Ntry><Amt Ccy="EUR">102.26</Amt><CdtDbtInd>DBIT</CdtDbtInd><Sts><Cd>BOOK</Cd></Sts><BookgDt><Dt>2025-09-01</Dt></BookgDt><ValDt><Dt>2025-09-01</Dt></ValDt><AcctSvcrRef>2025-09-01-00.20.47.343790</AcctSvcrRef><BkTxCd/><NtryDtls><TxDtls><Refs><EndToEndId>2523412194291</EndToEndId><MndtId>0010024626420000122013001</MndtId><Prtry><Tp>FI-UMSATZ-ID</Tp><Ref>2025-09-01-00.20.47.343790</Ref></Prtry></Refs><Amt Ccy="EUR">102.26</Amt><BkTxCd><Domn><Cd>PMNT</Cd><Fmly><Cd>RDDT</Cd><SubFmlyCd>ESDD</SubFmlyCd></Fmly></Domn><Prtry><Cd>NDDT+105+9248+992</Cd><Issr>DK</Issr></Prtry></BkTxCd><RltdPties><Dbtr><Pty><Nm>TRANSACT GMBH</Nm></Pty></Dbtr><DbtrAcct><Id><IBAN>DE35230510300004619086</IBAN></Id></DbtrAcct><Cdtr><Pty><Nm>Nurnberger Lebensversicherung Aktiengesellschaft</Nm><Id><PrvtId><Othr><Id>DE96ZZZ00000022103</Id></Othr></PrvtId></Id></Pty></Cdtr><CdtrAcct><Id><IBAN>DE41760700120464189000</IBAN></Id></CdtrAcct></RltdPties><RltdAgts><DbtrAgt><FinInstnId><BICFI>NOLADE21SHO</BICFI></FinInstnId></DbtrAgt><CdtrAgt><FinInstnId><BICFI>DEUTDEMM760</BICFI></FinInstnId></CdtrAgt></RltdAgts><RmtInf><Ustrd>462642000012 NLV LEBENSVERS. / 01.09.2025 102,26</Ustrd></RmtInf></TxDtls></NtryDtls><AddtlNtryInf>FOLGELASTSCHRIFT</AddtlNtryInf></Ntry><Ntry><Amt Ccy="EUR">114.12</Amt><CdtDbtInd>DBIT</CdtDbtInd><Sts><Cd>BOOK</Cd></Sts><BookgDt><Dt>2025-09-01</Dt></BookgDt><ValDt><Dt>2025-09-01</Dt></ValDt><AcctSvcrRef>2025-09-01-00.21.04.770335</AcctSvcrRef><BkTxCd/><NtryDtls><TxDtls><Refs><EndToEndId>0-20250828-0259001-7</EndToEndId><MndtId>942197P-0521082</MndtId><Prtry><Tp>FI-UMSATZ-ID</Tp><Ref>2025-09-01-00.21.04.770335</Ref></Prtry></Refs><Amt Ccy="EUR">114.12</Amt><BkTxCd><Domn><Cd>PMNT</Cd><Fmly><Cd>RDDT</Cd><SubFmlyCd>ESDD</SubFmlyCd></Fmly></Domn><Prtry><Cd>NDDT+105+9248+992</Cd><Issr>DK</Issr></Prtry></BkTxCd><RltdPties><Dbtr><Pty><Nm>TRANSACT GMBH                                                         Kleine Reichenstr. 1</Nm></Pty></Dbtr><DbtrAcct><Id><IBAN>DE35230510300004619086</IBAN></Id></DbtrAcct><Cdtr><Pty><Nm>Canada Life Assuranc                                                  Siemensstr. 8</Nm><Id><PrvtId><Othr><Id>DE88ZZZ00000060465</Id></Othr></PrvtId></Id></Pty></Cdtr><CdtrAcct><Id><IBAN>DE76700202700015535845</IBAN></Id></CdtrAcct></RltdPties><RltdAgts><DbtrAgt><FinInstnId><BICFI>NOLADE21SHO</BICFI></FinInstnId></DbtrAgt><CdtrAgt><FinInstnId><BICFI>HYVEDEMMXXX</BICFI></FinInstnId></CdtrAgt></RltdAgts><RmtInf><Ustrd>0-20250828-0259001-7 Canada Life 6205233E Folgebeitrag 01.09.2025</Ustrd></RmtInf></TxDtls></NtryDtls><AddtlNtryInf>FOLGELASTSCHRIFT</AddtlNtryInf></Ntry><Ntry><Amt Ccy="EUR">568.00</Amt><CdtDbtInd>DBIT</CdtDbtInd><Sts><Cd>BOOK</Cd></Sts><BookgDt><Dt>2025-09-01</Dt></BookgDt><ValDt><Dt>2025-09-01</Dt></ValDt><AcctSvcrRef>2025-09-01-00.27.36.163758</AcctSvcrRef><BkTxCd/><NtryDtls><TxDtls><Refs><EndToEndId>041303244620</EndToEndId><MndtId>100000003592870</MndtId><Prtry><Tp>FI-UMSATZ-ID</Tp><Ref>2025-09-01-00.27.36.163758</Ref></Prtry></Refs><Amt Ccy="EUR">568.00</Amt><BkTxCd><Domn><Cd>PMNT</Cd><Fmly><Cd>RDDT</Cd><SubFmlyCd>ESDD</SubFmlyCd></Fmly></Domn><Prtry><Cd>NDDT+105+9202+992</Cd><Issr>DK</Issr></Prtry></BkTxCd><RltdPties><Dbtr><Pty><Nm>Transact - Gesellschaft fuer Software A nalyse mbH                    Kleine Reichenstr. 1</Nm></Pty></Dbtr><DbtrAcct><Id><IBAN>DE35230510300004619086</IBAN></Id></DbtrAcct><Cdtr><Pty><Nm>Gothaer Lebensversicherung Aktiengesellschaft                         Arnoldi-Platz 1</Nm><Id><PrvtId><Othr><Id>DE16ZZZ00000070200</Id></Othr></PrvtId></Id></Pty></Cdtr><CdtrAcct><Id><IBAN>DE12330500000000920009</IBAN></Id></CdtrAcct><UltmtCdtr><Pty><Nm>Gothaer Lebensvers.AG</Nm></Pty></UltmtCdtr></RltdPties><RltdAgts><DbtrAgt><FinInstnId><BICFI>NOLADE21SHO</BICFI></FinInstnId></DbtrAgt><CdtrAgt><FinInstnId><BICFI>WUPSDE33XXX</BICFI></FinInstnId></CdtrAgt></RltdAgts><RmtInf><Ustrd>Rentenversicherung/Vertrag 002635719T10</Ustrd></RmtInf></TxDtls></NtryDtls><AddtlNtryInf>FOLGELASTSCHRIFT</AddtlNtryInf></Ntry><Ntry><Amt Ccy="EUR">54.83</Amt><CdtDbtInd>DBIT</CdtDbtInd><Sts><Cd>BOOK</Cd></Sts><BookgDt><Dt>2025-09-01</Dt></BookgDt><ValDt><Dt>2025-09-01</Dt></ValDt><AcctSvcrRef>2025-09-01-00.28.24.399441</AcctSvcrRef><BkTxCd/><NtryDtls><TxDtls><Refs><EndToEndId>003201867617</EndToEndId><MndtId>T00200011000000040638006</MndtId><Prtry><Tp>FI-UMSATZ-ID</Tp><Ref>2025-09-01-00.28.24.399441</Ref></Prtry></Refs><Amt Ccy="EUR">54.83</Amt><BkTxCd><Domn><Cd>PMNT</Cd><Fmly><Cd>RDDT</Cd><SubFmlyCd>ESDD</SubFmlyCd></Fmly></Domn><Prtry><Cd>NDDT+105+9248+992</Cd><Issr>DK</Issr></Prtry></BkTxCd><RltdPties><Dbtr><Pty><Nm>TRANSACT - GESELLSCHAFT FUeR SO                                       Kleine Reichenstr. 1</Nm></Pty></Dbtr><DbtrAcct><Id><IBAN>DE35230510300004619086</IBAN></Id></DbtrAcct><Cdtr><Pty><Nm>TG GmbH Co. OHG                                                       Georg-Brauchle-Ring 23-25</Nm><Id><PrvtId><Othr><Id>DE9700000000142462</Id></Othr></PrvtId></Id></Pty></Cdtr><CdtrAcct><Id><IBAN>DE11700400410225563606</IBAN></Id></CdtrAcct></RltdPties><RltdAgts><DbtrAgt><FinInstnId><BICFI>NOLADE21SHO</BICFI></FinInstnId></DbtrAgt><CdtrAgt><FinInstnId><BICFI>COBADEFF</BICFI></FinInstnId></CdtrAgt></RltdAgts><RmtInf><Ustrd>Telefonica sagt Danke Kd-Nr.:7040425409, Rg-Nr.:2000405691</Ustrd></RmtInf></TxDtls></NtryDtls><AddtlNtryInf>FOLGELASTSCHRIFT</AddtlNtryInf></Ntry><Ntry><Amt Ccy="EUR">78.63</Amt><CdtDbtInd>DBIT</CdtDbtInd><Sts><Cd>BOOK</Cd></Sts><BookgDt><Dt>2025-09-01</Dt></BookgDt><ValDt><Dt>2025-09-01</Dt></ValDt><AcctSvcrRef>2025-09-01-00.28.24.404676</AcctSvcrRef><BkTxCd/><NtryDtls><TxDtls><Refs><EndToEndId>003201867618</EndToEndId><MndtId>T00200011000000040645551</MndtId><Prtry><Tp>FI-UMSATZ-ID</Tp><Ref>2025-09-01-00.28.24.404676</Ref></Prtry></Refs><Amt Ccy="EUR">78.63</Amt><BkTxCd><Domn><Cd>PMNT</Cd><Fmly><Cd>RDDT</Cd><SubFmlyCd>ESDD</SubFmlyCd></Fmly></Domn><Prtry><Cd>NDDT+105+9248+992</Cd><Issr>DK</Issr></Prtry></BkTxCd><RltdPties><Dbtr><Pty><Nm>TRANSACT - GESELLSCHAFT FUeR SO                                       Kleine Reichenstr. 1</Nm></Pty></Dbtr><DbtrAcct><Id><IBAN>DE35230510300004619086</IBAN></Id></DbtrAcct><Cdtr><Pty><Nm>TG GmbH Co. OHG                                                       Georg-Brauchle-Ring 23-25</Nm><Id><PrvtId><Othr><Id>DE9700000000142462</Id></Othr></PrvtId></Id></Pty></Cdtr><CdtrAcct><Id><IBAN>DE11700400410225563606</IBAN></Id></CdtrAcct></RltdPties><RltdAgts><DbtrAgt><FinInstnId><BICFI>NOLADE21SHO</BICFI></FinInstnId></DbtrAgt><CdtrAgt><FinInstnId><BICFI>COBADEFF</BICFI></FinInstnId></CdtrAgt></RltdAgts><RmtInf><Ustrd>Telefonica sagt Danke Kd-Nr.:7040425409, Rg-Nr.:2000412783</Ustrd></RmtInf></TxDtls></NtryDtls><AddtlNtryInf>FOLGELASTSCHRIFT</AddtlNtryInf></Ntry><Ntry><Amt Ccy="EUR">170.00</Amt><CdtDbtInd>DBIT</CdtDbtInd><Sts><Cd>BOOK</Cd></Sts><BookgDt><Dt>2025-09-01</Dt></BookgDt><ValDt><Dt>2025-09-01</Dt></ValDt><AcctSvcrRef>2025-09-01-00.30.43.469565</AcctSvcrRef><BkTxCd/><NtryDtls><TxDtls><Refs><EndToEndId>330008559911</EndToEndId><MndtId>MS0000013499670</MndtId><Prtry><Tp>FI-UMSATZ-ID</Tp><Ref>2025-09-01-00.30.43.469565</Ref></Prtry></Refs><Amt Ccy="EUR">170.00</Amt><BkTxCd><Domn><Cd>PMNT</Cd><Fmly><Cd>RDDT</Cd><SubFmlyCd>ESDD</SubFmlyCd></Fmly></Domn><Prtry><Cd>NDDT+105+9248+992</Cd><Issr>DK</Issr></Prtry></BkTxCd><RltdPties><Dbtr><Pty><Nm>Transact GmbH</Nm></Pty></Dbtr><DbtrAcct><Id><IBAN>DE35230510300004619086</IBAN></Id></DbtrAcct><Cdtr><Pty><Nm>Condor Lebensversicherungs-Aktiengesellschaft</Nm><Id><PrvtId><Othr><Id>DE6308300000090403</Id></Othr></PrvtId></Id></Pty></Cdtr><CdtrAcct><Id><IBAN>DE97500604000080145317</IBAN></Id></CdtrAcct></RltdPties><RltdAgts><DbtrAgt><FinInstnId><BICFI>NOLADE21SHO</BICFI></FinInstnId></DbtrAgt><CdtrAgt><FinInstnId><BICFI>GENODEFFXXX</BICFI></FinInstnId></CdtrAgt></RltdAgts><RmtInf><Ustrd>70901328226 Leben / Gaede, Meike Britta / 170.00 Folgeb. 01.09</Ustrd></RmtInf></TxDtls></NtryDtls><AddtlNtryInf>FOLGELASTSCHRIFT</AddtlNtryInf></Ntry><Ntry><Amt Ccy="EUR">892.50</Amt><CdtDbtInd>CRDT</CdtDbtInd><Sts><Cd>BOOK</Cd></Sts><BookgDt><Dt>2025-09-01</Dt></BookgDt><ValDt><Dt>2025-09-01</Dt></ValDt><AcctSvcrRef>2025-09-01-16.55.27.466978</AcctSvcrRef><BkTxCd/><NtryDtls><TxDtls><Refs><EndToEndId>0070004086</EndToEndId><Prtry><Tp>FI-UMSATZ-ID</Tp><Ref>2025-09-01-16.55.27.466978</Ref></Prtry></Refs><Amt Ccy="EUR">892.50</Amt><BkTxCd><Domn><Cd>PMNT</Cd><Fmly><Cd>RCDT</Cd><SubFmlyCd>ESCT</SubFmlyCd></Fmly></Domn><Prtry><Cd>NTRF+166+9249+000</Cd><Issr>DK</Issr></Prtry></BkTxCd><RltdPties><Dbtr><Pty><Nm>Rotkreuzklinikum Munchen gemeinnutzige GmbH</Nm></Pty></Dbtr><DbtrAcct><Id><IBAN>DE37370205000009856800</IBAN></Id></DbtrAcct><Cdtr><Pty><Nm>Transact GmbH                                                         Lagerstr. 17</Nm></Pty></Cdtr><CdtrAcct><Id><IBAN>DE35230510300004619086</IBAN></Id></CdtrAcct></RltdPties><RltdAgts><DbtrAgt><FinInstnId><BICFI>BFSWDE33XXX</BICFI></FinInstnId></DbtrAgt><CdtrAgt><FinInstnId><BICFI>NOLADE21SHO</BICFI></FinInstnId></CdtrAgt></RltdAgts><RmtInf><Ustrd>Kd/Re202500531/4.8.2025/</Ustrd></RmtInf></TxDtls></NtryDtls><AddtlNtryInf>GUTSCHRIFT ÜBERWEISUNG</AddtlNtryInf></Ntry></Rpt></BkToCstmrAcctRpt></Document>