<?xml version="1.0" encoding="UTF-8"?><Document xmlns="urn:iso:std:iso:20022:tech:xsd:camt.052.001.08" xmlns:xsi="http://www.w3.org/2001/XMLSchema-instance" xsi:schemaLocation="urn:iso:std:iso:20022:tech:xsd:camt.052.001.08 camt.052.001.08.xsd"><BkToCstmrAcctRpt><GrpHdr><MsgId>camt52_20250822111705__ONLINEBA</MsgId><CreDtTm>2025-08-22T11:17:05+02:00</CreDtTm></GrpHdr><Rpt><Id>camt0528_ONLINEBA</Id><RptPgntn><PgNb>1</PgNb><LastPgInd>true</LastPgInd></RptPgntn><CreDtTm>2025-08-22T11:17:05+02:00</CreDtTm><Acct><Id><IBAN>DE35230510300004619086</IBAN></Id><Ccy>EUR</Ccy><Svcr><FinInstnId><BICFI>NOLADE21SHO</BICFI><Nm>SPARKASSE SUEDHOLSTEIN</Nm><Othr><Id>DE 134796412</Id><Issr>UmsStId</Issr></Othr></FinInstnId></Svcr></Acct><Bal><Tp><CdOrPrtry><Cd>OPBD</Cd></CdOrPrtry></Tp><Amt Ccy="EUR">92590.00</Amt><CdtDbtInd>CRDT</CdtDbtInd><Dt><Dt>2025-08-21</Dt></Dt></Bal><Bal><Tp><CdOrPrtry><Cd>CLBD</Cd></CdOrPrtry></Tp><Amt Ccy="EUR">115289.14</Amt><CdtDbtInd>CRDT</CdtDbtInd><Dt><Dt>2025-08-22</Dt></Dt></Bal><Ntry><Amt Ccy="EUR">272.51</Amt><CdtDbtInd>DBIT</CdtDbtInd><Sts><Cd>BOOK</Cd></Sts><BookgDt><Dt>2025-08-22</Dt></BookgDt><ValDt><Dt>2025-08-22</Dt></ValDt><AcctSvcrRef>2025-08-22-00.07.28.892028</AcctSvcrRef><BkTxCd/><NtryDtls><TxDtls><Refs><EndToEndId>OLPAYMENTTAN.1.343402</EndToEndId><MndtId>2149609458</MndtId><Prtry><Tp>FI-UMSATZ-ID</Tp><Ref>2025-08-22-00.07.28.892028</Ref></Prtry></Refs><Amt Ccy="EUR">272.51</Amt><BkTxCd><Domn><Cd>PMNT</Cd><Fmly><Cd>RDDT</Cd><SubFmlyCd>ESDD</SubFmlyCd></Fmly></Domn><Prtry><Cd>NDDT+105+9248+992</Cd><Issr>DK</Issr></Prtry></BkTxCd><RltdPties><Dbtr><Pty><Nm>Transact - Gesellschaft fuer</Nm></Pty></Dbtr><DbtrAcct><Id><IBAN>DE35230510300004619086</IBAN></Id></DbtrAcct><Cdtr><Pty><Nm>DTAD GmbH</Nm><Id><PrvtId><Othr><Id>DE36ZZZ00000616532</Id></Othr></PrvtId></Id></Pty></Cdtr><CdtrAcct><Id><IBAN>DE94100800000921692300</IBAN></Id></CdtrAcct></RltdPties><RltdAgts><DbtrAgt><FinInstnId><BICFI>NOLADE21SHO</BICFI></FinInstnId></DbtrAgt><CdtrAgt><FinInstnId><BICFI>DRESDEFF100</BICFI></FinInstnId></CdtrAgt></RltdAgts><RmtInf><Ustrd>DTAD GmbH 2149609458,12.08.25 2025-28519 272,51</Ustrd></RmtInf></TxDtls></NtryDtls><AddtlNtryInf>FOLGELASTSCHRIFT</AddtlNtryInf></Ntry><Ntry><Amt Ccy="EUR">1015.12</Amt><CdtDbtInd>CRDT</CdtDbtInd><Sts><Cd>BOOK</Cd></Sts><BookgDt><Dt>2025-08-22</Dt></BookgDt><ValDt><Dt>2025-08-22</Dt></ValDt><AcctSvcrRef>2025-08-22-08.29.23.664920</AcctSvcrRef><BkTxCd/><NtryDtls><TxDtls><Refs><EndToEndId>0115073370</EndToEndId><Prtry><Tp>FI-UMSATZ-ID</Tp><Ref>2025-08-22-08.29.23.664920</Ref></Prtry></Refs><Amt Ccy="EUR">1015.12</Amt><BkTxCd><Domn><Cd>PMNT</Cd><Fmly><Cd>RCDT</Cd><SubFmlyCd>ESCT</SubFmlyCd></Fmly></Domn><Prtry><Cd>NTRF+166+9243+000</Cd><Issr>DK</Issr></Prtry></BkTxCd><RltdPties><Dbtr><Pty><Nm>Klinikum der Technischen Universität München (TUM Klinikum)</Nm></Pty></Dbtr><DbtrAcct><Id><IBAN>DE82700500000000020272</IBAN></Id></DbtrAcct><UltmtDbtr><Pty><Nm>Klinikum rechts der Isar</Nm></Pty></UltmtDbtr><Cdtr><Pty><Nm>Transact-Gesellschaft fuer                                            Rudolf-Klug-Weg 3</Nm></Pty></Cdtr><CdtrAcct><Id><IBAN>DE35230510300004619086</IBAN></Id></CdtrAcct></RltdPties><RltdAgts><DbtrAgt><FinInstnId><BICFI>BYLADEMMXXX</BICFI></FinInstnId></DbtrAgt><CdtrAgt><FinInstnId><BICFI>NOLADE21SHO</BICFI></FinInstnId></CdtrAgt></RltdAgts><RmtInf><Ustrd>/INV/RA202500489 11.7.2025/ IHRE KONTONR. 0000021633</Ustrd></RmtInf></TxDtls></NtryDtls><AddtlNtryInf>GUTSCHRIFT ÜBERWEISUNG</AddtlNtryInf></Ntry><Ntry><Amt Ccy="EUR">2038.64</Amt><CdtDbtInd>CRDT</CdtDbtInd><Sts><Cd>BOOK</Cd></Sts><BookgDt><Dt>2025-08-22</Dt></BookgDt><ValDt><Dt>2025-08-22</Dt></ValDt><AcctSvcrRef>2025-08-22-08.29.23.676933</AcctSvcrRef><BkTxCd/><NtryDtls><TxDtls><Refs><EndToEndId>0115073374</EndToEndId><Prtry><Tp>FI-UMSATZ-ID</Tp><Ref>2025-08-22-08.29.23.676933</Ref></Prtry></Refs><Amt Ccy="EUR">2038.64</Amt><BkTxCd><Domn><Cd>PMNT</Cd><Fmly><Cd>RCDT</Cd><SubFmlyCd>ESCT</SubFmlyCd></Fmly></Domn><Prtry><Cd>NTRF+166+9243+000</Cd><Issr>DK</Issr></Prtry></BkTxCd><RltdPties><Dbtr><Pty><Nm>Klinikum der Technischen Universität München (TUM Klinikum)</Nm></Pty></Dbtr><DbtrAcct><Id><IBAN>DE82700500000000020272</IBAN></Id></DbtrAcct><UltmtDbtr><Pty><Nm>Klinikum rechts der Isar</Nm></Pty></UltmtDbtr><Cdtr><Pty><Nm>Transact-Gesellschaft fuer                                            Rudolf-Klug-Weg 3</Nm></Pty></Cdtr><CdtrAcct><Id><IBAN>DE35230510300004619086</IBAN></Id></CdtrAcct></RltdPties><RltdAgts><DbtrAgt><FinInstnId><BICFI>BYLADEMMXXX</BICFI></FinInstnId></DbtrAgt><CdtrAgt><FinInstnId><BICFI>NOLADE21SHO</BICFI></FinInstnId></CdtrAgt></RltdAgts><RmtInf><Ustrd>/INV/RA202500486 11.7.2025/ IHRE KONTONR. 0000021633</Ustrd></RmtInf></TxDtls></NtryDtls><AddtlNtryInf>GUTSCHRIFT ÜBERWEISUNG</AddtlNtryInf></Ntry><Ntry><Amt Ccy="EUR">367.68</Amt><CdtDbtInd>CRDT</CdtDbtInd><Sts><Cd>BOOK</Cd></Sts><BookgDt><Dt>2025-08-22</Dt></BookgDt><ValDt><Dt>2025-08-22</Dt></ValDt><AcctSvcrRef>2025-08-22-08.29.23.679892</AcctSvcrRef><BkTxCd/><NtryDtls><TxDtls><Refs><EndToEndId>0115073363</EndToEndId><Prtry><Tp>FI-UMSATZ-ID</Tp><Ref>2025-08-22-08.29.23.679892</Ref></Prtry></Refs><Amt Ccy="EUR">367.68</Amt><BkTxCd><Domn><Cd>PMNT</Cd><Fmly><Cd>RCDT</Cd><SubFmlyCd>ESCT</SubFmlyCd></Fmly></Domn><Prtry><Cd>NTRF+166+9243+000</Cd><Issr>DK</Issr></Prtry></BkTxCd><RltdPties><Dbtr><Pty><Nm>Klinikum der Technischen Universität München (TUM Klinikum)</Nm></Pty></Dbtr><DbtrAcct><Id><IBAN>DE82700500000000020272</IBAN></Id></DbtrAcct><UltmtDbtr><Pty><Nm>Klinikum rechts der Isar</Nm></Pty></UltmtDbtr><Cdtr><Pty><Nm>Transact-Gesellschaft fuer                                            Rudolf-Klug-Weg 3</Nm></Pty></Cdtr><CdtrAcct><Id><IBAN>DE35230510300004619086</IBAN></Id></CdtrAcct></RltdPties><RltdAgts><DbtrAgt><FinInstnId><BICFI>BYLADEMMXXX</BICFI></FinInstnId></DbtrAgt><CdtrAgt><FinInstnId><BICFI>NOLADE21SHO</BICFI></FinInstnId></CdtrAgt></RltdAgts><RmtInf><Ustrd>/INV/RA202500505 16.7.2025/ IHRE KONTONR. 0000021633</Ustrd></RmtInf></TxDtls></NtryDtls><AddtlNtryInf>GUTSCHRIFT ÜBERWEISUNG</AddtlNtryInf></Ntry><Ntry><Amt Ccy="EUR">407.73</Amt><CdtDbtInd>CRDT</CdtDbtInd><Sts><Cd>BOOK</Cd></Sts><BookgDt><Dt>2025-08-22</Dt></BookgDt><ValDt><Dt>2025-08-22</Dt></ValDt><AcctSvcrRef>2025-08-22-08.29.23.680310</AcctSvcrRef><BkTxCd/><NtryDtls><TxDtls><Refs><EndToEndId>0115073365</EndToEndId><Prtry><Tp>FI-UMSATZ-ID</Tp><Ref>2025-08-22-08.29.23.680310</Ref></Prtry></Refs><Amt Ccy="EUR">407.73</Amt><BkTxCd><Domn><Cd>PMNT</Cd><Fmly><Cd>RCDT</Cd><SubFmlyCd>ESCT</SubFmlyCd></Fmly></Domn><Prtry><Cd>NTRF+166+9243+000</Cd><Issr>DK</Issr></Prtry></BkTxCd><RltdPties><Dbtr><Pty><Nm>Klinikum der Technischen Universität München (TUM Klinikum)</Nm></Pty></Dbtr><DbtrAcct><Id><IBAN>DE82700500000000020272</IBAN></Id></DbtrAcct><UltmtDbtr><Pty><Nm>Klinikum rechts der Isar</Nm></Pty></UltmtDbtr><Cdtr><Pty><Nm>Transact-Gesellschaft fuer                                            Rudolf-Klug-Weg 3</Nm></Pty></Cdtr><CdtrAcct><Id><IBAN>DE35230510300004619086</IBAN></Id></CdtrAcct></RltdPties><RltdAgts><DbtrAgt><FinInstnId><BICFI>BYLADEMMXXX</BICFI></FinInstnId></DbtrAgt><CdtrAgt><FinInstnId><BICFI>NOLADE21SHO</BICFI></FinInstnId></CdtrAgt></RltdAgts><RmtInf><Ustrd>/INV/RA202500484 10.7.2025/ IHRE KONTONR. 0000021633</Ustrd></RmtInf></TxDtls></NtryDtls><AddtlNtryInf>GUTSCHRIFT ÜBERWEISUNG</AddtlNtryInf></Ntry><Ntry><Amt Ccy="EUR">815.46</Amt><CdtDbtInd>CRDT</CdtDbtInd><Sts><Cd>BOOK</Cd></Sts><BookgDt><Dt>2025-08-22</Dt></BookgDt><ValDt><Dt>2025-08-22</Dt></ValDt><AcctSvcrRef>2025-08-22-08.29.23.680710</AcctSvcrRef><BkTxCd/><NtryDtls><TxDtls><Refs><EndToEndId>0115073368</EndToEndId><Prtry><Tp>FI-UMSATZ-ID</Tp><Ref>2025-08-22-08.29.23.680710</Ref></Prtry></Refs><Amt Ccy="EUR">815.46</Amt><BkTxCd><Domn><Cd>PMNT</Cd><Fmly><Cd>RCDT</Cd><SubFmlyCd>ESCT</SubFmlyCd></Fmly></Domn><Prtry><Cd>NTRF+166+9243+000</Cd><Issr>DK</Issr></Prtry></BkTxCd><RltdPties><Dbtr><Pty><Nm>Klinikum der Technischen Universität München (TUM Klinikum)</Nm></Pty></Dbtr><DbtrAcct><Id><IBAN>DE82700500000000020272</IBAN></Id></DbtrAcct><UltmtDbtr><Pty><Nm>Klinikum rechts der Isar</Nm></Pty></UltmtDbtr><Cdtr><Pty><Nm>Transact-Gesellschaft fuer                                            Rudolf-Klug-Weg 3</Nm></Pty></Cdtr><CdtrAcct><Id><IBAN>DE35230510300004619086</IBAN></Id></CdtrAcct></RltdPties><RltdAgts><DbtrAgt><FinInstnId><BICFI>BYLADEMMXXX</BICFI></FinInstnId></DbtrAgt><CdtrAgt><FinInstnId><BICFI>NOLADE21SHO</BICFI></FinInstnId></CdtrAgt></RltdAgts><RmtInf><Ustrd>/INV/RA202500483 10.7.2025/ IHRE KONTONR. 0000021633</Ustrd></RmtInf></TxDtls></NtryDtls><AddtlNtryInf>GUTSCHRIFT ÜBERWEISUNG</AddtlNtryInf></Ntry><Ntry><Amt Ccy="EUR">407.73</Amt><CdtDbtInd>CRDT</CdtDbtInd><Sts><Cd>BOOK</Cd></Sts><BookgDt><Dt>2025-08-22</Dt></BookgDt><ValDt><Dt>2025-08-22</Dt></ValDt><AcctSvcrRef>2025-08-22-08.29.23.681213</AcctSvcrRef><BkTxCd/><NtryDtls><TxDtls><Refs><EndToEndId>0115073366</EndToEndId><Prtry><Tp>FI-UMSATZ-ID</Tp><Ref>2025-08-22-08.29.23.681213</Ref></Prtry></Refs><Amt Ccy="EUR">407.73</Amt><BkTxCd><Domn><Cd>PMNT</Cd><Fmly><Cd>RCDT</Cd><SubFmlyCd>ESCT</SubFmlyCd></Fmly></Domn><Prtry><Cd>NTRF+166+9243+000</Cd><Issr>DK</Issr></Prtry></BkTxCd><RltdPties><Dbtr><Pty><Nm>Klinikum der Technischen Universität München (TUM Klinikum)</Nm></Pty></Dbtr><DbtrAcct><Id><IBAN>DE82700500000000020272</IBAN></Id></DbtrAcct><UltmtDbtr><Pty><Nm>Klinikum rechts der Isar</Nm></Pty></UltmtDbtr><Cdtr><Pty><Nm>Transact-Gesellschaft fuer                                            Rudolf-Klug-Weg 3</Nm></Pty></Cdtr><CdtrAcct><Id><IBAN>DE35230510300004619086</IBAN></Id></CdtrAcct></RltdPties><RltdAgts><DbtrAgt><FinInstnId><BICFI>BYLADEMMXXX</BICFI></FinInstnId></DbtrAgt><CdtrAgt><FinInstnId><BICFI>NOLADE21SHO</BICFI></FinInstnId></CdtrAgt></RltdAgts><RmtInf><Ustrd>/INV/RA202500482 10.7.2025/ IHRE KONTONR. 0000021633</Ustrd></RmtInf></TxDtls></NtryDtls><AddtlNtryInf>GUTSCHRIFT ÜBERWEISUNG</AddtlNtryInf></Ntry><Ntry><Amt Ccy="EUR">2038.64</Amt><CdtDbtInd>CRDT</CdtDbtInd><Sts><Cd>BOOK</Cd></Sts><BookgDt><Dt>2025-08-22</Dt></BookgDt><ValDt><Dt>2025-08-22</Dt></ValDt><AcctSvcrRef>2025-08-22-08.29.23.681857</AcctSvcrRef><BkTxCd/><NtryDtls><TxDtls><Refs><EndToEndId>0115073373</EndToEndId><Prtry><Tp>FI-UMSATZ-ID</Tp><Ref>2025-08-22-08.29.23.681857</Ref></Prtry></Refs><Amt Ccy="EUR">2038.64</Amt><BkTxCd><Domn><Cd>PMNT</Cd><Fmly><Cd>RCDT</Cd><SubFmlyCd>ESCT</SubFmlyCd></Fmly></Domn><Prtry><Cd>NTRF+166+9243+000</Cd><Issr>DK</Issr></Prtry></BkTxCd><RltdPties><Dbtr><Pty><Nm>Klinikum der Technischen Universität München (TUM Klinikum)</Nm></Pty></Dbtr><DbtrAcct><Id><IBAN>DE82700500000000020272</IBAN></Id></DbtrAcct><UltmtDbtr><Pty><Nm>Klinikum rechts der Isar</Nm></Pty></UltmtDbtr><Cdtr><Pty><Nm>Transact-Gesellschaft fuer                                            Rudolf-Klug-Weg 3</Nm></Pty></Cdtr><CdtrAcct><Id><IBAN>DE35230510300004619086</IBAN></Id></CdtrAcct></RltdPties><RltdAgts><DbtrAgt><FinInstnId><BICFI>BYLADEMMXXX</BICFI></FinInstnId></DbtrAgt><CdtrAgt><FinInstnId><BICFI>NOLADE21SHO</BICFI></FinInstnId></CdtrAgt></RltdAgts><RmtInf><Ustrd>/INV/RA202500488 11.7.2025/ IHRE KONTONR. 0000021633</Ustrd></RmtInf></TxDtls></NtryDtls><AddtlNtryInf>GUTSCHRIFT ÜBERWEISUNG</AddtlNtryInf></Ntry><Ntry><Amt Ccy="EUR">3432.94</Amt><CdtDbtInd>CRDT</CdtDbtInd><Sts><Cd>BOOK</Cd></Sts><BookgDt><Dt>2025-08-22</Dt></BookgDt><ValDt><Dt>2025-08-22</Dt></ValDt><AcctSvcrRef>2025-08-22-08.29.23.682537</AcctSvcrRef><BkTxCd/><NtryDtls><TxDtls><Refs><EndToEndId>0115073375</EndToEndId><Prtry><Tp>FI-UMSATZ-ID</Tp><Ref>2025-08-22-08.29.23.682537</Ref></Prtry></Refs><Amt Ccy="EUR">3432.94</Amt><BkTxCd><Domn><Cd>PMNT</Cd><Fmly><Cd>RCDT</Cd><SubFmlyCd>ESCT</SubFmlyCd></Fmly></Domn><Prtry><Cd>NTRF+166+9243+000</Cd><Issr>DK</Issr></Prtry></BkTxCd><RltdPties><Dbtr><Pty><Nm>Klinikum der Technischen Universität München (TUM Klinikum)</Nm></Pty></Dbtr><DbtrAcct><Id><IBAN>DE82700500000000020272</IBAN></Id></DbtrAcct><UltmtDbtr><Pty><Nm>Klinikum rechts der Isar</Nm></Pty></UltmtDbtr><Cdtr><Pty><Nm>Transact-Gesellschaft fuer                                            Rudolf-Klug-Weg 3</Nm></Pty></Cdtr><CdtrAcct><Id><IBAN>DE35230510300004619086</IBAN></Id></CdtrAcct></RltdPties><RltdAgts><DbtrAgt><FinInstnId><BICFI>BYLADEMMXXX</BICFI></FinInstnId></DbtrAgt><CdtrAgt><FinInstnId><BICFI>NOLADE21SHO</BICFI></FinInstnId></CdtrAgt></RltdAgts><RmtInf><Ustrd>/INV/RA202500476 10.7.2025/ IHRE KONTONR. 0000021633</Ustrd></RmtInf></TxDtls></NtryDtls><AddtlNtryInf>GUTSCHRIFT ÜBERWEISUNG</AddtlNtryInf></Ntry><Ntry><Amt Ccy="EUR">367.69</Amt><CdtDbtInd>CRDT</CdtDbtInd><Sts><Cd>BOOK</Cd></Sts><BookgDt><Dt>2025-08-22</Dt></BookgDt><ValDt><Dt>2025-08-22</Dt></ValDt><AcctSvcrRef>2025-08-22-08.29.23.683157</AcctSvcrRef><BkTxCd/><NtryDtls><TxDtls><Refs><EndToEndId>0115073364</EndToEndId><Prtry><Tp>FI-UMSATZ-ID</Tp><Ref>2025-08-22-08.29.23.683157</Ref></Prtry></Refs><Amt Ccy="EUR">367.69</Amt><BkTxCd><Domn><Cd>PMNT</Cd><Fmly><Cd>RCDT</Cd><SubFmlyCd>ESCT</SubFmlyCd></Fmly></Domn><Prtry><Cd>NTRF+166+9243+000</Cd><Issr>DK</Issr></Prtry></BkTxCd><RltdPties><Dbtr><Pty><Nm>Klinikum der Technischen Universität München (TUM Klinikum)</Nm></Pty></Dbtr><DbtrAcct><Id><IBAN>DE82700500000000020272</IBAN></Id></DbtrAcct><UltmtDbtr><Pty><Nm>Klinikum rechts der Isar</Nm></Pty></UltmtDbtr><Cdtr><Pty><Nm>Transact-Gesellschaft fuer                                            Rudolf-Klug-Weg 3</Nm></Pty></Cdtr><CdtrAcct><Id><IBAN>DE35230510300004619086</IBAN></Id></CdtrAcct></RltdPties><RltdAgts><DbtrAgt><FinInstnId><BICFI>BYLADEMMXXX</BICFI></FinInstnId></DbtrAgt><CdtrAgt><FinInstnId><BICFI>NOLADE21SHO</BICFI></FinInstnId></CdtrAgt></RltdAgts><RmtInf><Ustrd>/INV/202500505 16.7.2025/ IHRE KONTONR. 0000021633</Ustrd></RmtInf></TxDtls></NtryDtls><AddtlNtryInf>GUTSCHRIFT ÜBERWEISUNG</AddtlNtryInf></Ntry><Ntry><Amt Ccy="EUR">447.77</Amt><CdtDbtInd>CRDT</CdtDbtInd><Sts><Cd>BOOK</Cd></Sts><BookgDt><Dt>2025-08-22</Dt></BookgDt><ValDt><Dt>2025-08-22</Dt></ValDt><AcctSvcrRef>2025-08-22-08.29.23.684488</AcctSvcrRef><BkTxCd/><NtryDtls><TxDtls><Refs><EndToEndId>0115073367</EndToEndId><Prtry><Tp>FI-UMSATZ-ID</Tp><Ref>2025-08-22-08.29.23.684488</Ref></Prtry></Refs><Amt Ccy="EUR">447.77</Amt><BkTxCd><Domn><Cd>PMNT</Cd><Fmly><Cd>RCDT</Cd><SubFmlyCd>ESCT</SubFmlyCd></Fmly></Domn><Prtry><Cd>NTRF+166+9243+000</Cd><Issr>DK</Issr></Prtry></BkTxCd><RltdPties><Dbtr><Pty><Nm>Klinikum der Technischen Universität München (TUM Klinikum)</Nm></Pty></Dbtr><DbtrAcct><Id><IBAN>DE82700500000000020272</IBAN></Id></DbtrAcct><UltmtDbtr><Pty><Nm>Klinikum rechts der Isar</Nm></Pty></UltmtDbtr><Cdtr><Pty><Nm>Transact-Gesellschaft fuer                                            Rudolf-Klug-Weg 3</Nm></Pty></Cdtr><CdtrAcct><Id><IBAN>DE35230510300004619086</IBAN></Id></CdtrAcct></RltdPties><RltdAgts><DbtrAgt><FinInstnId><BICFI>BYLADEMMXXX</BICFI></FinInstnId></DbtrAgt><CdtrAgt><FinInstnId><BICFI>NOLADE21SHO</BICFI></FinInstnId></CdtrAgt></RltdAgts><RmtInf><Ustrd>/INV/RA202500490 11.7.2025/ IHRE KONTONR. 0000021633</Ustrd></RmtInf></TxDtls></NtryDtls><AddtlNtryInf>GUTSCHRIFT ÜBERWEISUNG</AddtlNtryInf></Ntry><Ntry><Amt Ccy="EUR">930.53</Amt><CdtDbtInd>CRDT</CdtDbtInd><Sts><Cd>BOOK</Cd></Sts><BookgDt><Dt>2025-08-22</Dt></BookgDt><ValDt><Dt>2025-08-22</Dt></ValDt><AcctSvcrRef>2025-08-22-08.29.23.685566</AcctSvcrRef><BkTxCd/><NtryDtls><TxDtls><Refs><EndToEndId>0115073369</EndToEndId><Prtry><Tp>FI-UMSATZ-ID</Tp><Ref>2025-08-22-08.29.23.685566</Ref></Prtry></Refs><Amt Ccy="EUR">930.53</Amt><BkTxCd><Domn><Cd>PMNT</Cd><Fmly><Cd>RCDT</Cd><SubFmlyCd>ESCT</SubFmlyCd></Fmly></Domn><Prtry><Cd>NTRF+166+9243+000</Cd><Issr>DK</Issr></Prtry></BkTxCd><RltdPties><Dbtr><Pty><Nm>Klinikum der Technischen Universität München (TUM Klinikum)</Nm></Pty></Dbtr><DbtrAcct><Id><IBAN>DE82700500000000020272</IBAN></Id></DbtrAcct><UltmtDbtr><Pty><Nm>Klinikum rechts der Isar</Nm></Pty></UltmtDbtr><Cdtr><Pty><Nm>Transact-Gesellschaft fuer                                            Rudolf-Klug-Weg 3</Nm></Pty></Cdtr><CdtrAcct><Id><IBAN>DE35230510300004619086</IBAN></Id></CdtrAcct></RltdPties><RltdAgts><DbtrAgt><FinInstnId><BICFI>BYLADEMMXXX</BICFI></FinInstnId></DbtrAgt><CdtrAgt><FinInstnId><BICFI>NOLADE21SHO</BICFI></FinInstnId></CdtrAgt></RltdAgts><RmtInf><Ustrd>/INV/RA202500485 10.7.2025/ IHRE KONTONR. 0000021633</Ustrd></RmtInf></TxDtls></NtryDtls><AddtlNtryInf>GUTSCHRIFT ÜBERWEISUNG</AddtlNtryInf></Ntry><Ntry><Amt Ccy="EUR">2038.64</Amt><CdtDbtInd>CRDT</CdtDbtInd><Sts><Cd>BOOK</Cd></Sts><BookgDt><Dt>2025-08-22</Dt></BookgDt><ValDt><Dt>2025-08-22</Dt></ValDt><AcctSvcrRef>2025-08-22-08.29.23.686435</AcctSvcrRef><BkTxCd/><NtryDtls><TxDtls><Refs><EndToEndId>0115073372</EndToEndId><Prtry><Tp>FI-UMSATZ-ID</Tp><Ref>2025-08-22-08.29.23.686435</Ref></Prtry></Refs><Amt Ccy="EUR">2038.64</Amt><BkTxCd><Domn><Cd>PMNT</Cd><Fmly><Cd>RCDT</Cd><SubFmlyCd>ESCT</SubFmlyCd></Fmly></Domn><Prtry><Cd>NTRF+166+9243+000</Cd><Issr>DK</Issr></Prtry></BkTxCd><RltdPties><Dbtr><Pty><Nm>Klinikum der Technischen Universität München (TUM Klinikum)</Nm></Pty></Dbtr><DbtrAcct><Id><IBAN>DE82700500000000020272</IBAN></Id></DbtrAcct><UltmtDbtr><Pty><Nm>Klinikum rechts der Isar</Nm></Pty></UltmtDbtr><Cdtr><Pty><Nm>Transact-Gesellschaft fuer                                            Rudolf-Klug-Weg 3</Nm></Pty></Cdtr><CdtrAcct><Id><IBAN>DE35230510300004619086</IBAN></Id></CdtrAcct></RltdPties><RltdAgts><DbtrAgt><FinInstnId><BICFI>BYLADEMMXXX</BICFI></FinInstnId></DbtrAgt><CdtrAgt><FinInstnId><BICFI>NOLADE21SHO</BICFI></FinInstnId></CdtrAgt></RltdAgts><RmtInf><Ustrd>/INV/RA202500478 10.7.2025/ IHRE KONTONR. 0000021633</Ustrd></RmtInf></TxDtls></NtryDtls><AddtlNtryInf>GUTSCHRIFT ÜBERWEISUNG</AddtlNtryInf></Ntry><Ntry><Amt Ccy="EUR">1015.12</Amt><CdtDbtInd>CRDT</CdtDbtInd><Sts><Cd>BOOK</Cd></Sts><BookgDt><Dt>2025-08-22</Dt></BookgDt><ValDt><Dt>2025-08-22</Dt></ValDt><AcctSvcrRef>2025-08-22-08.29.23.687204</AcctSvcrRef><BkTxCd/><NtryDtls><TxDtls><Refs><EndToEndId>0115073371</EndToEndId><Prtry><Tp>FI-UMSATZ-ID</Tp><Ref>2025-08-22-08.29.23.687204</Ref></Prtry></Refs><Amt Ccy="EUR">1015.12</Amt><BkTxCd><Domn><Cd>PMNT</Cd><Fmly><Cd>RCDT</Cd><SubFmlyCd>ESCT</SubFmlyCd></Fmly></Domn><Prtry><Cd>NTRF+166+9243+000</Cd><Issr>DK</Issr></Prtry></BkTxCd><RltdPties><Dbtr><Pty><Nm>Klinikum der Technischen Universität München (TUM Klinikum)</Nm></Pty></Dbtr><DbtrAcct><Id><IBAN>DE82700500000000020272</IBAN></Id></DbtrAcct><UltmtDbtr><Pty><Nm>Klinikum rechts der Isar</Nm></Pty></UltmtDbtr><Cdtr><Pty><Nm>Transact-Gesellschaft fuer                                            Rudolf-Klug-Weg 3</Nm></Pty></Cdtr><CdtrAcct><Id><IBAN>DE35230510300004619086</IBAN></Id></CdtrAcct></RltdPties><RltdAgts><DbtrAgt><FinInstnId><BICFI>BYLADEMMXXX</BICFI></FinInstnId></DbtrAgt><CdtrAgt><FinInstnId><BICFI>NOLADE21SHO</BICFI></FinInstnId></CdtrAgt></RltdAgts><RmtInf><Ustrd>/INV/202500481 10.7.2025/ IHRE KONTONR. 0000021633</Ustrd></RmtInf></TxDtls></NtryDtls><AddtlNtryInf>GUTSCHRIFT ÜBERWEISUNG</AddtlNtryInf></Ntry><Ntry><Amt Ccy="EUR">7262.65</Amt><CdtDbtInd>CRDT</CdtDbtInd><Sts><Cd>BOOK</Cd></Sts><BookgDt><Dt>2025-08-22</Dt></BookgDt><ValDt><Dt>2025-08-22</Dt></ValDt><AcctSvcrRef>2025-08-22-08.29.23.687643</AcctSvcrRef><BkTxCd/><NtryDtls><TxDtls><Refs><EndToEndId>0115073376</EndToEndId><Prtry><Tp>FI-UMSATZ-ID</Tp><Ref>2025-08-22-08.29.23.687643</Ref></Prtry></Refs><Amt Ccy="EUR">7262.65</Amt><BkTxCd><Domn><Cd>PMNT</Cd><Fmly><Cd>RCDT</Cd><SubFmlyCd>ESCT</SubFmlyCd></Fmly></Domn><Prtry><Cd>NTRF+166+9243+000</Cd><Issr>DK</Issr></Prtry></BkTxCd><RltdPties><Dbtr><Pty><Nm>Klinikum der Technischen Universität München (TUM Klinikum)</Nm></Pty></Dbtr><DbtrAcct><Id><IBAN>DE82700500000000020272</IBAN></Id></DbtrAcct><UltmtDbtr><Pty><Nm>Klinikum rechts der Isar</Nm></Pty></UltmtDbtr><Cdtr><Pty><Nm>Transact-Gesellschaft fuer                                            Rudolf-Klug-Weg 3</Nm></Pty></Cdtr><CdtrAcct><Id><IBAN>DE35230510300004619086</IBAN></Id></CdtrAcct></RltdPties><RltdAgts><DbtrAgt><FinInstnId><BICFI>BYLADEMMXXX</BICFI></FinInstnId></DbtrAgt><CdtrAgt><FinInstnId><BICFI>NOLADE21SHO</BICFI></FinInstnId></CdtrAgt></RltdAgts><RmtInf><Ustrd>/INV/RA202500480 10.7.2025/ IHRE KONTONR. 0000021633</Ustrd></RmtInf></TxDtls></NtryDtls><AddtlNtryInf>GUTSCHRIFT ÜBERWEISUNG</AddtlNtryInf></Ntry><Ntry><Amt Ccy="EUR">385.31</Amt><CdtDbtInd>CRDT</CdtDbtInd><Sts><Cd>BOOK</Cd></Sts><BookgDt><Dt>2025-08-22</Dt></BookgDt><ValDt><Dt>2025-08-22</Dt></ValDt><AcctSvcrRef>2025-08-22-10.10.04.451018</AcctSvcrRef><BkTxCd/><NtryDtls><TxDtls><Refs><EndToEndId>0000806261</EndToEndId><Prtry><Tp>FI-UMSATZ-ID</Tp><Ref>2025-08-22-10.10.04.451018</Ref></Prtry></Refs><Amt Ccy="EUR">385.31</Amt><BkTxCd><Domn><Cd>PMNT</Cd><Fmly><Cd>RCDT</Cd><SubFmlyCd>ESCT</SubFmlyCd></Fmly></Domn><Prtry><Cd>NTRF+166+9249+000</Cd><Issr>DK</Issr></Prtry></BkTxCd><RltdPties><Dbtr><Pty><Nm>Sankt Gertrauden- Krankenhaus GmbH</Nm></Pty></Dbtr><DbtrAcct><Id><IBAN>DE75370601936000385016</IBAN></Id></DbtrAcct><Cdtr><Pty><Nm>Transact GmbH</Nm></Pty></Cdtr><CdtrAcct><Id><IBAN>DE35230510300004619086</IBAN></Id></CdtrAcct></RltdPties><RltdAgts><DbtrAgt><FinInstnId><BICFI>GENODED1PAX</BICFI></FinInstnId></DbtrAgt><CdtrAgt><FinInstnId><BICFI>NOLADE21SHO</BICFI></FinInstnId></CdtrAgt></RltdAgts><RmtInf><Ustrd>353/INV/202500541 7.8.2025</Ustrd></RmtInf></TxDtls></NtryDtls><AddtlNtryInf>GUTSCHRIFT ÜBERWEISUNG</AddtlNtryInf></Ntry></Rpt></BkToCstmrAcctRpt></Document>