<?xml version="1.0" encoding="UTF-8"?><Document xmlns="urn:iso:std:iso:20022:tech:xsd:camt.052.001.08" xmlns:xsi="http://www.w3.org/2001/XMLSchema-instance" xsi:schemaLocation="urn:iso:std:iso:20022:tech:xsd:camt.052.001.08 camt.052.001.08.xsd"><BkToCstmrAcctRpt><GrpHdr><MsgId>camt52_20250822111705__ONLINEBA</MsgId><CreDtTm>2025-08-22T11:17:05+02:00</CreDtTm></GrpHdr><Rpt><Id>camt0528_ONLINEBA</Id><RptPgntn><PgNb>1</PgNb><LastPgInd>true</LastPgInd></RptPgntn><CreDtTm>2025-08-22T11:17:05+02:00</CreDtTm><Acct><Id><IBAN>DE35230510300004619086</IBAN></Id><Ccy>EUR</Ccy><Svcr><FinInstnId><BICFI>NOLADE21SHO</BICFI><Nm>SPARKASSE SUEDHOLSTEIN</Nm><Othr><Id>DE 134796412</Id><Issr>UmsStId</Issr></Othr></FinInstnId></Svcr></Acct><Bal><Tp><CdOrPrtry><Cd>OPBD</Cd></CdOrPrtry></Tp><Amt Ccy="EUR">109742.46</Amt><CdtDbtInd>CRDT</CdtDbtInd><Dt><Dt>2025-08-12</Dt></Dt></Bal><Bal><Tp><CdOrPrtry><Cd>CLBD</Cd></CdOrPrtry></Tp><Amt Ccy="EUR">118892.33</Amt><CdtDbtInd>CRDT</CdtDbtInd><Dt><Dt>2025-08-13</Dt></Dt></Bal><Ntry><Amt Ccy="EUR">4819.50</Amt><CdtDbtInd>CRDT</CdtDbtInd><Sts><Cd>BOOK</Cd></Sts><BookgDt><Dt>2025-08-13</Dt></BookgDt><ValDt><Dt>2025-08-13</Dt></ValDt><AcctSvcrRef>2025-08-13-12.12.01.260798</AcctSvcrRef><BkTxCd/><NtryDtls><TxDtls><Refs><EndToEndId>0003209826</EndToEndId><Prtry><Tp>FI-UMSATZ-ID</Tp><Ref>2025-08-13-12.12.01.260798</Ref></Prtry></Refs><Amt Ccy="EUR">4819.50</Amt><BkTxCd><Domn><Cd>PMNT</Cd><Fmly><Cd>RCDT</Cd><SubFmlyCd>ESCT</SubFmlyCd></Fmly></Domn><Prtry><Cd>NTRF+166+9227+000</Cd><Issr>DK</Issr></Prtry></BkTxCd><RltdPties><Dbtr><Pty><Nm>Zentralinstitut fuer Seelische Gesundheit                             68159 Mannheim</Nm></Pty></Dbtr><DbtrAcct><Id><IBAN>DE33670505050030150015</IBAN></Id></DbtrAcct><Cdtr><Pty><Nm>Transact Gesellsch. f. Softw. u. Analyse mbH                          Kleine Reichenstrasse 1</Nm></Pty></Cdtr><CdtrAcct><Id><IBAN>DE35230510300004619086</IBAN></Id></CdtrAcct></RltdPties><RltdAgts><DbtrAgt><FinInstnId><BICFI>MANSDE66XXX</BICFI></FinInstnId></DbtrAgt><CdtrAgt><FinInstnId><BICFI>NOLADE21SHO</BICFI></FinInstnId></CdtrAgt></RltdAgts><RmtInf><Ustrd>478/INV/RA 202500533 5.8.2025</Ustrd></RmtInf></TxDtls></NtryDtls><AddtlNtryInf>GUTSCHRIFT ÜBERWEISUNG</AddtlNtryInf></Ntry><Ntry><Amt Ccy="EUR">2409.75</Amt><CdtDbtInd>CRDT</CdtDbtInd><Sts><Cd>BOOK</Cd></Sts><BookgDt><Dt>2025-08-13</Dt></BookgDt><ValDt><Dt>2025-08-13</Dt></ValDt><AcctSvcrRef>2025-08-13-14.17.07.637197</AcctSvcrRef><BkTxCd/><NtryDtls><TxDtls><Refs><EndToEndId>00104354/521/R8D9HHD460FT</EndToEndId><Prtry><Tp>FI-UMSATZ-ID</Tp><Ref>2025-08-13-14.17.07.637197</Ref></Prtry></Refs><Amt Ccy="EUR">2409.75</Amt><BkTxCd><Domn><Cd>PMNT</Cd><Fmly><Cd>RCDT</Cd><SubFmlyCd>ESCT</SubFmlyCd></Fmly></Domn><Prtry><Cd>NTRF+166+9237+000</Cd><Issr>DK</Issr></Prtry></BkTxCd><RltdPties><Dbtr><Pty><Nm>Kath.Hospitalvereinigung Thuer. gGmbH</Nm></Pty></Dbtr><DbtrAcct><Id><IBAN>DE44820510000125023030</IBAN></Id></DbtrAcct><UltmtDbtr><Pty><Nm>Kath.Hospitalvereinigung Thuer. gGmbH</Nm></Pty></UltmtDbtr><Cdtr><Pty><Nm>Transact GmbH Gesellschaft fuer Software</Nm></Pty></Cdtr><CdtrAcct><Id><IBAN>DE35230510300004619086</IBAN></Id></CdtrAcct></RltdPties><RltdAgts><DbtrAgt><FinInstnId><BICFI>HELADEF1WEM</BICFI></FinInstnId></DbtrAgt><CdtrAgt><FinInstnId><BICFI>NOLADE21SHO</BICFI></FinInstnId></CdtrAgt></RltdAgts><RmtInf><Ustrd>/1520/RA202500534/2409.75/0.00/2409.75</Ustrd></RmtInf></TxDtls></NtryDtls><AddtlNtryInf>GUTSCHRIFT ÜBERWEISUNG</AddtlNtryInf></Ntry><Ntry><Amt Ccy="EUR">803.25</Amt><CdtDbtInd>CRDT</CdtDbtInd><Sts><Cd>BOOK</Cd></Sts><BookgDt><Dt>2025-08-13</Dt></BookgDt><ValDt><Dt>2025-08-13</Dt></ValDt><AcctSvcrRef>2025-08-13-15.22.11.829253</AcctSvcrRef><BkTxCd/><NtryDtls><TxDtls><Refs><EndToEndId>0002380362</EndToEndId><Prtry><Tp>FI-UMSATZ-ID</Tp><Ref>2025-08-13-15.22.11.829253</Ref></Prtry></Refs><Amt Ccy="EUR">803.25</Amt><BkTxCd><Domn><Cd>PMNT</Cd><Fmly><Cd>RCDT</Cd><SubFmlyCd>ESCT</SubFmlyCd></Fmly></Domn><Prtry><Cd>NTRF+166+9249+000</Cd><Issr>DK</Issr></Prtry></BkTxCd><RltdPties><Dbtr><Pty><Nm>Universitatsklinikum Wurzburg</Nm></Pty></Dbtr><DbtrAcct><Id><IBAN>DE44790900000000185086</IBAN></Id></DbtrAcct><Cdtr><Pty><Nm>Transact                                                              Kleine Reichenstrasse 1</Nm></Pty></Cdtr><CdtrAcct><Id><IBAN>DE35230510300004619086</IBAN></Id></CdtrAcct></RltdPties><RltdAgts><DbtrAgt><FinInstnId><BICFI>GENODEF1WU1</BICFI></FinInstnId></DbtrAgt><CdtrAgt><FinInstnId><BICFI>NOLADE21SHO</BICFI></FinInstnId></CdtrAgt></RltdAgts><RmtInf><Ustrd>ReNr: 202500500 15.7.2025588abzgl. Skonto</Ustrd></RmtInf></TxDtls></NtryDtls><AddtlNtryInf>GUTSCHRIFT ÜBERWEISUNG</AddtlNtryInf></Ntry><Ntry><Amt Ccy="EUR">1117.37</Amt><CdtDbtInd>CRDT</CdtDbtInd><Sts><Cd>BOOK</Cd></Sts><BookgDt><Dt>2025-08-13</Dt></BookgDt><ValDt><Dt>2025-08-13</Dt></ValDt><AcctSvcrRef>2025-08-13-16.48.38.908901</AcctSvcrRef><BkTxCd/><NtryDtls><TxDtls><Refs><EndToEndId>0059015740</EndToEndId><Prtry><Tp>FI-UMSATZ-ID</Tp><Ref>2025-08-13-16.48.38.908901</Ref></Prtry></Refs><Amt Ccy="EUR">1117.37</Amt><BkTxCd><Domn><Cd>PMNT</Cd><Fmly><Cd>RCDT</Cd><SubFmlyCd>ESCT</SubFmlyCd></Fmly></Domn><Prtry><Cd>NTRF+166+9249+000</Cd><Issr>DK</Issr></Prtry></BkTxCd><RltdPties><Dbtr><Pty><Nm>Johannesstift Diakonie Serv. GmbH Service Center Einkauf und Logistik 13629 Berlin</Nm></Pty></Dbtr><DbtrAcct><Id><IBAN>DE77100400000585860000</IBAN></Id></DbtrAcct><Cdtr><Pty><Nm>Transact GmbH                                                         Kleine Reichenstrasse 1</Nm></Pty></Cdtr><CdtrAcct><Id><IBAN>DE35230510300004619086</IBAN></Id></CdtrAcct></RltdPties><RltdAgts><DbtrAgt><FinInstnId><BICFI>COBADEBB</BICFI></FinInstnId></DbtrAgt><CdtrAgt><FinInstnId><BICFI>NOLADE21SHO</BICFI></FinInstnId></CdtrAgt></RltdAgts><RmtInf><Ustrd>/INV/202500532 5.8.2025</Ustrd></RmtInf></TxDtls></NtryDtls><AddtlNtryInf>GUTSCHRIFT ÜBERWEISUNG</AddtlNtryInf></Ntry></Rpt></BkToCstmrAcctRpt></Document>