<?xml version="1.0" encoding="UTF-8"?><Document xmlns="urn:iso:std:iso:20022:tech:xsd:camt.052.001.08" xmlns:xsi="http://www.w3.org/2001/XMLSchema-instance" xsi:schemaLocation="urn:iso:std:iso:20022:tech:xsd:camt.052.001.08 camt.052.001.08.xsd"><BkToCstmrAcctRpt><GrpHdr><MsgId>camt52_20250714105311__ONLINEBA</MsgId><CreDtTm>2025-07-14T10:53:11+02:00</CreDtTm></GrpHdr><Rpt><Id>camt0528_ONLINEBA</Id><RptPgntn><PgNb>1</PgNb><LastPgInd>true</LastPgInd></RptPgntn><CreDtTm>2025-07-14T10:53:11+02:00</CreDtTm><Acct><Id><IBAN>DE35230510300004619086</IBAN></Id><Ccy>EUR</Ccy><Svcr><FinInstnId><BICFI>NOLADE21SHO</BICFI><Nm>SPARKASSE SUEDHOLSTEIN</Nm><Othr><Id>DE 134796412</Id><Issr>UmsStId</Issr></Othr></FinInstnId></Svcr></Acct><Bal><Tp><CdOrPrtry><Cd>OPBD</Cd></CdOrPrtry></Tp><Amt Ccy="EUR">14045.07</Amt><CdtDbtInd>CRDT</CdtDbtInd><Dt><Dt>2025-07-03</Dt></Dt></Bal><Bal><Tp><CdOrPrtry><Cd>CLBD</Cd></CdOrPrtry></Tp><Amt Ccy="EUR">26442.92</Amt><CdtDbtInd>CRDT</CdtDbtInd><Dt><Dt>2025-07-04</Dt></Dt></Bal><Ntry><Amt Ccy="EUR">910.13</Amt><CdtDbtInd>DBIT</CdtDbtInd><Sts><Cd>BOOK</Cd></Sts><BookgDt><Dt>2025-07-04</Dt></BookgDt><ValDt><Dt>2025-07-04</Dt></ValDt><AcctSvcrRef>2025-07-04-00.07.06.005575</AcctSvcrRef><BkTxCd/><NtryDtls><TxDtls><Refs><EndToEndId>LED005907807588</EndToEndId><MndtId>000003778071</MndtId><Prtry><Tp>FI-UMSATZ-ID</Tp><Ref>2025-07-04-00.07.06.005575</Ref></Prtry></Refs><Amt Ccy="EUR">910.13</Amt><BkTxCd><Domn><Cd>PMNT</Cd><Fmly><Cd>RDDT</Cd><SubFmlyCd>ESDD</SubFmlyCd></Fmly></Domn><Prtry><Cd>NDDT+105+9262+992</Cd><Issr>DK</Issr></Prtry></BkTxCd><RltdPties><Dbtr><Pty><Nm>Transact - Gesellschaft fuer Software Analyse mbH                     Kleine Reichenstr. 1</Nm></Pty></Dbtr><DbtrAcct><Id><IBAN>DE35230510300004619086</IBAN></Id></DbtrAcct><Cdtr><Pty><Nm>VW Leasing GmbH                                                       Gifhorner Strasse 57</Nm><Id><PrvtId><Othr><Id>DE42LEA00000072739</Id></Othr></PrvtId></Id></Pty></Cdtr><CdtrAcct><Id><IBAN>DE09270200008100000002</IBAN></Id></CdtrAcct></RltdPties><RltdAgts><DbtrAgt><FinInstnId><BICFI>NOLADE21SHO</BICFI></FinInstnId></DbtrAgt><CdtrAgt><FinInstnId><BICFI>VOWADE2BXXX</BICFI></FinInstnId></CdtrAgt></RltdAgts><RmtInf><Ustrd>01.07.2025 RATE07/25 RE10246875327 4460955893 V HH-TA2044 737,55 DL-ST.FR.32,45 19VH UST 140,13AUF737,55 UST-IDNR.DE811115317</Ustrd></RmtInf></TxDtls></NtryDtls><AddtlNtryInf>FOLGELASTSCHRIFT</AddtlNtryInf></Ntry><Ntry><Amt Ccy="EUR">66.00</Amt><CdtDbtInd>DBIT</CdtDbtInd><Sts><Cd>BOOK</Cd></Sts><BookgDt><Dt>2025-07-04</Dt></BookgDt><ValDt><Dt>2025-07-04</Dt></ValDt><AcctSvcrRef>2025-07-04-11.00.32.536711</AcctSvcrRef><BkTxCd/><NtryDtls><TxDtls><Refs><PmtInfId>7429cc-1961656796-10443143-20250704</PmtInfId><Prtry><Tp>FI-UMSATZ-ID</Tp><Ref>2025-07-04-11.00.32.536711</Ref></Prtry></Refs><Amt Ccy="EUR">66.00</Amt><BkTxCd><Domn><Cd>PMNT</Cd><Fmly><Cd>ICDT</Cd><SubFmlyCd>ESCT</SubFmlyCd></Fmly></Domn><Prtry><Cd>NTRF+191+9301+997</Cd><Issr>DK</Issr></Prtry></BkTxCd><RltdPties><Dbtr><Pty><Nm>Transact-Gesellschaft für Software &amp; Analyse GmbH</Nm></Pty></Dbtr><DbtrAcct><Id><IBAN>DE35230510300004619086</IBAN></Id></DbtrAcct><UltmtDbtr><Pty><Nm>FIRMA TRANSACT-GESELLSCHAFT</Nm></Pty></UltmtDbtr><CdtrAcct><Id><Othr><Id>0000000000</Id></Othr></Id></CdtrAcct></RltdPties><RltdAgts><DbtrAgt><FinInstnId><BICFI>NOLADE21SHO</BICFI></FinInstnId></DbtrAgt><CdtrAgt><FinInstnId><Othr><Id>00000000</Id></Othr></FinInstnId></CdtrAgt></RltdAgts><RmtInf><Ustrd>ANZAHL        1</Ustrd></RmtInf></TxDtls></NtryDtls><AddtlNtryInf>SAMMELÜBERWEISUNG</AddtlNtryInf></Ntry><Ntry><Amt Ccy="EUR">8054.77</Amt><CdtDbtInd>CRDT</CdtDbtInd><Sts><Cd>BOOK</Cd></Sts><BookgDt><Dt>2025-07-04</Dt></BookgDt><ValDt><Dt>2025-07-04</Dt></ValDt><AcctSvcrRef>2025-07-04-13.11.36.618520</AcctSvcrRef><BkTxCd/><NtryDtls><TxDtls><Refs><EndToEndId>KD210 44</EndToEndId><Prtry><Tp>FI-UMSATZ-ID</Tp><Ref>2025-07-04-13.11.36.618520</Ref></Prtry></Refs><Amt Ccy="EUR">8054.77</Amt><BkTxCd><Domn><Cd>PMNT</Cd><Fmly><Cd>RCDT</Cd><SubFmlyCd>ESCT</SubFmlyCd></Fmly></Domn><Prtry><Cd>NTRF+166+9249+000</Cd><Issr>DK</Issr></Prtry></BkTxCd><RltdPties><Dbtr><Pty><Nm>Evangelische Krankenhausgemeinschaft Herne/Castrop-Rauxel gemeinnutzig</Nm></Pty></Dbtr><DbtrAcct><Id><IBAN>DE24430700610609108600</IBAN></Id></DbtrAcct><Cdtr><Pty><Nm>Transact-Gesellschaft f.Softwa</Nm></Pty></Cdtr><CdtrAcct><Id><IBAN>DE35230510300004619086</IBAN></Id></CdtrAcct></RltdPties><RltdAgts><DbtrAgt><FinInstnId><BICFI>DEUTDEDE430</BICFI></FinInstnId></DbtrAgt><CdtrAgt><FinInstnId><BICFI>NOLADE21SHO</BICFI></FinInstnId></CdtrAgt></RltdAgts><RmtInf><Ustrd>23.06.2025 1498.29 RA 202500423 23.06.2025 5954.76 RA 202500425 23.06.2025 601.72 RE 202500426</Ustrd></RmtInf></TxDtls></NtryDtls><AddtlNtryInf>GUTSCHRIFT ÜBERWEISUNG</AddtlNtryInf></Ntry><Ntry><Amt Ccy="EUR">35.79</Amt><CdtDbtInd>DBIT</CdtDbtInd><Sts><Cd>BOOK</Cd></Sts><BookgDt><Dt>2025-07-04</Dt></BookgDt><ValDt><Dt>2025-07-04</Dt></ValDt><AcctSvcrRef>2025-07-04-14.34.37.488152</AcctSvcrRef><BkTxCd/><NtryDtls><TxDtls><Refs><PmtInfId>NOTPROVIDED</PmtInfId><Prtry><Tp>FI-UMSATZ-ID</Tp><Ref>2025-07-04-14.34.37.488152</Ref></Prtry></Refs><Amt Ccy="EUR">35.79</Amt><BkTxCd><Domn><Cd>PMNT</Cd><Fmly><Cd>ICDT</Cd><SubFmlyCd>ESCT</SubFmlyCd></Fmly></Domn><Prtry><Cd>NTRF+177+9310+997</Cd><Issr>DK</Issr></Prtry></BkTxCd><RltdPties><Dbtr><Pty><Nm>Transact-Gesellschaft für Software &amp; Analyse GmbH</Nm></Pty></Dbtr><DbtrAcct><Id><IBAN>DE35230510300004619086</IBAN></Id></DbtrAcct><UltmtDbtr><Pty><Nm>Transact-Gesellschaft, für Software &amp; Analyse GmbH</Nm></Pty></UltmtDbtr><Cdtr><Pty><Nm>H. Ullrich GmbH &amp; Co KG</Nm></Pty></Cdtr><CdtrAcct><Id><IBAN>DE22370100500029850503</IBAN></Id></CdtrAcct></RltdPties><RltdAgts><DbtrAgt><FinInstnId><BICFI>NOLADE21SHO</BICFI></FinInstnId></DbtrAgt><CdtrAgt><FinInstnId><BICFI>PBNKDEFFXXX</BICFI></FinInstnId></CdtrAgt></RltdAgts><RmtInf><Ustrd>9011082403685, Kunden-Nr.: 0012992292, Rechnungs-Nr.: 108240368             DATUM 04.07.2025, 14.34 UHR</Ustrd></RmtInf></TxDtls></NtryDtls><AddtlNtryInf>ONLINE-ÜBERWEISUNG</AddtlNtryInf></Ntry><Ntry><Amt Ccy="EUR">5355.00</Amt><CdtDbtInd>CRDT</CdtDbtInd><Sts><Cd>BOOK</Cd></Sts><BookgDt><Dt>2025-07-04</Dt></BookgDt><ValDt><Dt>2025-07-04</Dt></ValDt><AcctSvcrRef>2025-07-04-15.21.46.782006</AcctSvcrRef><BkTxCd/><NtryDtls><TxDtls><Refs><EndToEndId>0001309588</EndToEndId><Prtry><Tp>FI-UMSATZ-ID</Tp><Ref>2025-07-04-15.21.46.782006</Ref></Prtry></Refs><Amt Ccy="EUR">5355.00</Amt><BkTxCd><Domn><Cd>PMNT</Cd><Fmly><Cd>RCDT</Cd><SubFmlyCd>ESCT</SubFmlyCd></Fmly></Domn><Prtry><Cd>NTRF+166+9249+000</Cd><Issr>DK</Issr></Prtry></BkTxCd><RltdPties><Dbtr><Pty><Nm>Klinikum Mittelbaden gGmbH</Nm></Pty></Dbtr><DbtrAcct><Id><IBAN>DE83662914000005263999</IBAN></Id></DbtrAcct><Cdtr><Pty><Nm>Transact GmbH                                                         Rudolf-Klug-Weg 3</Nm></Pty></Cdtr><CdtrAcct><Id><IBAN>DE35230510300004619086</IBAN></Id></CdtrAcct></RltdPties><RltdAgts><DbtrAgt><FinInstnId><BICFI>GENODE61BHL</BICFI></FinInstnId></DbtrAgt><CdtrAgt><FinInstnId><BICFI>NOLADE21SHO</BICFI></FinInstnId></CdtrAgt></RltdAgts><RmtInf><Ustrd>216/Rech. 202500419 18.6.2025</Ustrd></RmtInf></TxDtls></NtryDtls><AddtlNtryInf>GUTSCHRIFT ÜBERWEISUNG</AddtlNtryInf></Ntry></Rpt></BkToCstmrAcctRpt></Document>