<?xml version="1.0" encoding="UTF-8"?><Document xmlns="urn:iso:std:iso:20022:tech:xsd:camt.052.001.08" xmlns:xsi="http://www.w3.org/2001/XMLSchema-instance" xsi:schemaLocation="urn:iso:std:iso:20022:tech:xsd:camt.052.001.08 camt.052.001.08.xsd"><BkToCstmrAcctRpt><GrpHdr><MsgId>camt52_20250714105311__ONLINEBA</MsgId><CreDtTm>2025-07-14T10:53:11+02:00</CreDtTm></GrpHdr><Rpt><Id>camt0528_ONLINEBA</Id><RptPgntn><PgNb>1</PgNb><LastPgInd>true</LastPgInd></RptPgntn><CreDtTm>2025-07-14T10:53:11+02:00</CreDtTm><Acct><Id><IBAN>DE35230510300004619086</IBAN></Id><Ccy>EUR</Ccy><Svcr><FinInstnId><BICFI>NOLADE21SHO</BICFI><Nm>SPARKASSE SUEDHOLSTEIN</Nm><Othr><Id>DE 134796412</Id><Issr>UmsStId</Issr></Othr></FinInstnId></Svcr></Acct><Bal><Tp><CdOrPrtry><Cd>OPBD</Cd></CdOrPrtry></Tp><Amt Ccy="EUR">48127.20</Amt><CdtDbtInd>CRDT</CdtDbtInd><Dt><Dt>2025-07-08</Dt></Dt></Bal><Bal><Tp><CdOrPrtry><Cd>CLBD</Cd></CdOrPrtry></Tp><Amt Ccy="EUR">51340.20</Amt><CdtDbtInd>CRDT</CdtDbtInd><Dt><Dt>2025-07-09</Dt></Dt></Bal><Ntry><Amt Ccy="EUR">803.25</Amt><CdtDbtInd>CRDT</CdtDbtInd><Sts><Cd>BOOK</Cd></Sts><BookgDt><Dt>2025-07-09</Dt></BookgDt><ValDt><Dt>2025-07-09</Dt></ValDt><AcctSvcrRef>2025-07-09-14.12.53.001134</AcctSvcrRef><BkTxCd/><NtryDtls><TxDtls><Refs><EndToEndId>0002509887</EndToEndId><Prtry><Tp>FI-UMSATZ-ID</Tp><Ref>2025-07-09-14.12.53.001134</Ref></Prtry></Refs><Amt Ccy="EUR">803.25</Amt><BkTxCd><Domn><Cd>PMNT</Cd><Fmly><Cd>RCDT</Cd><SubFmlyCd>ESCT</SubFmlyCd></Fmly></Domn><Prtry><Cd>NTRF+166+9227+000</Cd><Issr>DK</Issr></Prtry></BkTxCd><RltdPties><Dbtr><Pty><Nm>Kliniken des Landkreises Lörrach GmbH                                 79539 Loerrach</Nm></Pty></Dbtr><DbtrAcct><Id><IBAN>DE79683500480001720119</IBAN></Id></DbtrAcct><UltmtDbtr><Pty><Nm>KKH Loerrach Spitalstrasse 25</Nm></Pty></UltmtDbtr><Cdtr><Pty><Nm>Transact GmbH                                                         Kleine Reichenstrasse 1</Nm></Pty></Cdtr><CdtrAcct><Id><IBAN>DE35230510300004619086</IBAN></Id></CdtrAcct></RltdPties><RltdAgts><DbtrAgt><FinInstnId><BICFI>SKLODE66XXX</BICFI></FinInstnId></DbtrAgt><CdtrAgt><FinInstnId><BICFI>NOLADE21SHO</BICFI></FinInstnId></CdtrAgt></RltdAgts><RmtInf><Ustrd>426/202500469   /       803,25</Ustrd></RmtInf></TxDtls></NtryDtls><AddtlNtryInf>GUTSCHRIFT ÜBERWEISUNG</AddtlNtryInf></Ntry><Ntry><Amt Ccy="EUR">2409.75</Amt><CdtDbtInd>CRDT</CdtDbtInd><Sts><Cd>BOOK</Cd></Sts><BookgDt><Dt>2025-07-09</Dt></BookgDt><ValDt><Dt>2025-07-09</Dt></ValDt><AcctSvcrRef>2025-07-09-15.16.35.038460</AcctSvcrRef><BkTxCd/><NtryDtls><TxDtls><Refs><EndToEndId>0019009758</EndToEndId><Prtry><Tp>FI-UMSATZ-ID</Tp><Ref>2025-07-09-15.16.35.038460</Ref></Prtry></Refs><Amt Ccy="EUR">2409.75</Amt><BkTxCd><Domn><Cd>PMNT</Cd><Fmly><Cd>RCDT</Cd><SubFmlyCd>ESCT</SubFmlyCd></Fmly></Domn><Prtry><Cd>NTRF+166+9213+000</Cd><Issr>DK</Issr></Prtry></BkTxCd><RltdPties><Dbtr><Pty><Nm>Ruppiner Kliniken GmbH                                                16816 Neuruppin</Nm></Pty></Dbtr><DbtrAcct><Id><IBAN>DE09160502021720004389</IBAN></Id></DbtrAcct><UltmtDbtr><Pty><Nm>Ruppiner Kliniken GmbH Fehrbelliner Strasse 38</Nm></Pty></UltmtDbtr><Cdtr><Pty><Nm>TRANSACT GMBH                                                         KLEINE REICHENSTR. 1</Nm></Pty></Cdtr><CdtrAcct><Id><IBAN>DE35230510300004619086</IBAN></Id></CdtrAcct></RltdPties><RltdAgts><DbtrAgt><FinInstnId><BICFI>WELADED1OPR</BICFI></FinInstnId></DbtrAgt><CdtrAgt><FinInstnId><BICFI>NOLADE21SHO</BICFI></FinInstnId></CdtrAgt></RltdAgts><RmtInf><Ustrd>1541/R/202500446/803,25/R/RA202500384/1606,50</Ustrd></RmtInf></TxDtls></NtryDtls><AddtlNtryInf>GUTSCHRIFT ÜBERWEISUNG</AddtlNtryInf></Ntry></Rpt></BkToCstmrAcctRpt></Document>