<?xml version="1.0" encoding="UTF-8"?><Document xmlns="urn:iso:std:iso:20022:tech:xsd:camt.052.001.08" xmlns:xsi="http://www.w3.org/2001/XMLSchema-instance" xsi:schemaLocation="urn:iso:std:iso:20022:tech:xsd:camt.052.001.08 camt.052.001.08.xsd"><BkToCstmrAcctRpt><GrpHdr><MsgId>camt52_20250722192131__ONLINEBA</MsgId><CreDtTm>2025-07-22T19:21:31+02:00</CreDtTm></GrpHdr><Rpt><Id>camt0528_ONLINEBA</Id><RptPgntn><PgNb>1</PgNb><LastPgInd>true</LastPgInd></RptPgntn><CreDtTm>2025-07-22T19:21:31+02:00</CreDtTm><Acct><Id><IBAN>DE35230510300004619086</IBAN></Id><Ccy>EUR</Ccy><Svcr><FinInstnId><BICFI>NOLADE21SHO</BICFI><Nm>SPARKASSE SUEDHOLSTEIN</Nm><Othr><Id>DE 134796412</Id><Issr>UmsStId</Issr></Othr></FinInstnId></Svcr></Acct><Bal><Tp><CdOrPrtry><Cd>OPBD</Cd></CdOrPrtry></Tp><Amt Ccy="EUR">188959.28</Amt><CdtDbtInd>CRDT</CdtDbtInd><Dt><Dt>2025-07-18</Dt></Dt></Bal><Bal><Tp><CdOrPrtry><Cd>CLBD</Cd></CdOrPrtry></Tp><Amt Ccy="EUR">197378.55</Amt><CdtDbtInd>CRDT</CdtDbtInd><Dt><Dt>2025-07-21</Dt></Dt></Bal><Ntry><Amt Ccy="EUR">249.90</Amt><CdtDbtInd>DBIT</CdtDbtInd><Sts><Cd>BOOK</Cd></Sts><BookgDt><Dt>2025-07-21</Dt></BookgDt><ValDt><Dt>2025-07-21</Dt></ValDt><AcctSvcrRef>2025-07-21-00.07.08.822154</AcctSvcrRef><BkTxCd/><NtryDtls><TxDtls><Refs><EndToEndId>OLPAYMENTTAN.1.340519</EndToEndId><MndtId>2149609458</MndtId><Prtry><Tp>FI-UMSATZ-ID</Tp><Ref>2025-07-21-00.07.08.822154</Ref></Prtry></Refs><Amt Ccy="EUR">249.90</Amt><BkTxCd><Domn><Cd>PMNT</Cd><Fmly><Cd>RDDT</Cd><SubFmlyCd>ESDD</SubFmlyCd></Fmly></Domn><Prtry><Cd>NDDT+105+9248+992</Cd><Issr>DK</Issr></Prtry></BkTxCd><RltdPties><Dbtr><Pty><Nm>Transact - Gesellschaft fuer</Nm></Pty></Dbtr><DbtrAcct><Id><IBAN>DE35230510300004619086</IBAN></Id></DbtrAcct><Cdtr><Pty><Nm>DTAD GmbH</Nm><Id><PrvtId><Othr><Id>DE36ZZZ00000616532</Id></Othr></PrvtId></Id></Pty></Cdtr><CdtrAcct><Id><IBAN>DE94100800000921692300</IBAN></Id></CdtrAcct></RltdPties><RltdAgts><DbtrAgt><FinInstnId><BICFI>NOLADE21SHO</BICFI></FinInstnId></DbtrAgt><CdtrAgt><FinInstnId><BICFI>DRESDEFF100</BICFI></FinInstnId></CdtrAgt></RltdAgts><RmtInf><Ustrd>DTAD GmbH 2149609458,14.07.25 2025-26111 249,90</Ustrd></RmtInf></TxDtls></NtryDtls><AddtlNtryInf>FOLGELASTSCHRIFT</AddtlNtryInf></Ntry><Ntry><Amt Ccy="EUR">2170.56</Amt><CdtDbtInd>CRDT</CdtDbtInd><Sts><Cd>BOOK</Cd></Sts><BookgDt><Dt>2025-07-21</Dt></BookgDt><ValDt><Dt>2025-07-21</Dt></ValDt><AcctSvcrRef>2025-07-21-08.00.21.016266</AcctSvcrRef><BkTxCd/><NtryDtls><TxDtls><Refs><EndToEndId>12915/2025-07-18/39</EndToEndId><Prtry><Tp>FI-UMSATZ-ID</Tp><Ref>2025-07-21-08.00.21.016266</Ref></Prtry></Refs><Amt Ccy="EUR">2170.56</Amt><BkTxCd><Domn><Cd>PMNT</Cd><Fmly><Cd>RCDT</Cd><SubFmlyCd>ESCT</SubFmlyCd></Fmly></Domn><Prtry><Cd>NTRF+166+9249+000</Cd><Issr>DK</Issr></Prtry></BkTxCd><RltdPties><Dbtr><Pty><Nm>BITMARCK Beratung GmbH</Nm></Pty></Dbtr><DbtrAcct><Id><IBAN>DE13700800000306384700</IBAN></Id></DbtrAcct><Cdtr><Pty><Nm>TRANSACT GmbH</Nm></Pty></Cdtr><CdtrAcct><Id><IBAN>DE35230510300004619086</IBAN></Id></CdtrAcct></RltdPties><RltdAgts><DbtrAgt><FinInstnId><BICFI>DRESDEFF700</BICFI></FinInstnId></DbtrAgt><CdtrAgt><FinInstnId><BICFI>NOLADE21SHO</BICFI></FinInstnId></CdtrAgt></RltdAgts><RmtInf><Ustrd>RA202500422/1</Ustrd></RmtInf></TxDtls></NtryDtls><AddtlNtryInf>GUTSCHRIFT ÜBERWEISUNG</AddtlNtryInf></Ntry><Ntry><Amt Ccy="EUR">6498.61</Amt><CdtDbtInd>CRDT</CdtDbtInd><Sts><Cd>BOOK</Cd></Sts><BookgDt><Dt>2025-07-21</Dt></BookgDt><ValDt><Dt>2025-07-21</Dt></ValDt><AcctSvcrRef>2025-07-21-10.13.25.551616</AcctSvcrRef><BkTxCd/><NtryDtls><TxDtls><Refs><EndToEndId>8</EndToEndId><Prtry><Tp>FI-UMSATZ-ID</Tp><Ref>2025-07-21-10.13.25.551616</Ref></Prtry></Refs><Amt Ccy="EUR">6498.61</Amt><BkTxCd><Domn><Cd>PMNT</Cd><Fmly><Cd>RCDT</Cd><SubFmlyCd>ESCT</SubFmlyCd></Fmly></Domn><Prtry><Cd>NTRF+166+9249+000</Cd><Issr>DK</Issr></Prtry></BkTxCd><RltdPties><Dbtr><Pty><Nm>DRK Schwesternschaft Berlin Gemeinnutzige Krh. GmbH</Nm></Pty></Dbtr><DbtrAcct><Id><IBAN>DE76370205000003140400</IBAN></Id></DbtrAcct><Cdtr><Pty><Nm>Transact GmbH</Nm></Pty></Cdtr><CdtrAcct><Id><IBAN>DE35230510300004619086</IBAN></Id></CdtrAcct></RltdPties><RltdAgts><DbtrAgt><FinInstnId><BICFI>BFSWDE33</BICFI></FinInstnId></DbtrAgt><CdtrAgt><FinInstnId><BICFI>NOLADE21SHO</BICFI></FinInstnId></CdtrAgt></RltdAgts><RmtInf><Ustrd>11.07.2025 6498.61 RA 202500492 985</Ustrd></RmtInf></TxDtls></NtryDtls><AddtlNtryInf>GUTSCHRIFT ÜBERWEISUNG</AddtlNtryInf></Ntry></Rpt></BkToCstmrAcctRpt></Document>