<?xml version="1.0" encoding="UTF-8"?><Document xmlns="urn:iso:std:iso:20022:tech:xsd:camt.052.001.08" xmlns:xsi="http://www.w3.org/2001/XMLSchema-instance" xsi:schemaLocation="urn:iso:std:iso:20022:tech:xsd:camt.052.001.08 camt.052.001.08.xsd"><BkToCstmrAcctRpt><GrpHdr><MsgId>camt52_20250717112737__ONLINEBA</MsgId><CreDtTm>2025-07-17T11:27:37+02:00</CreDtTm></GrpHdr><Rpt><Id>camt0528_ONLINEBA</Id><RptPgntn><PgNb>1</PgNb><LastPgInd>true</LastPgInd></RptPgntn><CreDtTm>2025-07-17T11:27:37+02:00</CreDtTm><Acct><Id><IBAN>DE35230510300004619086</IBAN></Id><Ccy>EUR</Ccy><Svcr><FinInstnId><BICFI>NOLADE21SHO</BICFI><Nm>SPARKASSE SUEDHOLSTEIN</Nm><Othr><Id>DE 134796412</Id><Issr>UmsStId</Issr></Othr></FinInstnId></Svcr></Acct><Bal><Tp><CdOrPrtry><Cd>OPBD</Cd></CdOrPrtry></Tp><Amt Ccy="EUR">33243.95</Amt><CdtDbtInd>CRDT</CdtDbtInd><Dt><Dt>2025-07-07</Dt></Dt></Bal><Bal><Tp><CdOrPrtry><Cd>CLBD</Cd></CdOrPrtry></Tp><Amt Ccy="EUR">48127.20</Amt><CdtDbtInd>CRDT</CdtDbtInd><Dt><Dt>2025-07-08</Dt></Dt></Bal><Ntry><Amt Ccy="EUR">801.07</Amt><CdtDbtInd>CRDT</CdtDbtInd><Sts><Cd>BOOK</Cd></Sts><BookgDt><Dt>2025-07-08</Dt></BookgDt><ValDt><Dt>2025-07-08</Dt></ValDt><AcctSvcrRef>2025-07-08-10.08.25.882436</AcctSvcrRef><BkTxCd/><NtryDtls><TxDtls><Refs><EndToEndId>0020026472</EndToEndId><Prtry><Tp>FI-UMSATZ-ID</Tp><Ref>2025-07-08-10.08.25.882436</Ref></Prtry></Refs><Amt Ccy="EUR">801.07</Amt><BkTxCd><Domn><Cd>PMNT</Cd><Fmly><Cd>RCDT</Cd><SubFmlyCd>ESCT</SubFmlyCd></Fmly></Domn><Prtry><Cd>NTRF+166+9249+000</Cd><Issr>DK</Issr></Prtry></BkTxCd><RltdPties><Dbtr><Pty><Nm>Klinikum St. Georg gGmbH</Nm></Pty></Dbtr><DbtrAcct><Id><IBAN>DE11370205000003557700</IBAN></Id></DbtrAcct><Cdtr><Pty><Nm>TRANSACT GMBH</Nm></Pty></Cdtr><CdtrAcct><Id><IBAN>DE35230510300004619086</IBAN></Id></CdtrAcct></RltdPties><RltdAgts><DbtrAgt><FinInstnId><BICFI>BFSWDE33XXX</BICFI></FinInstnId></DbtrAgt><CdtrAgt><FinInstnId><BICFI>NOLADE21SHO</BICFI></FinInstnId></CdtrAgt></RltdAgts><RmtInf><Ustrd>970/Rg./202500431 23.6.2025</Ustrd></RmtInf></TxDtls></NtryDtls><AddtlNtryInf>GUTSCHRIFT ÜBERWEISUNG</AddtlNtryInf></Ntry><Ntry><Amt Ccy="EUR">1477.98</Amt><CdtDbtInd>CRDT</CdtDbtInd><Sts><Cd>BOOK</Cd></Sts><BookgDt><Dt>2025-07-08</Dt></BookgDt><ValDt><Dt>2025-07-08</Dt></ValDt><AcctSvcrRef>2025-07-08-10.08.25.893330</AcctSvcrRef><BkTxCd/><NtryDtls><TxDtls><Refs><EndToEndId>24.6.2025 0080065184</EndToEndId><Prtry><Tp>FI-UMSATZ-ID</Tp><Ref>2025-07-08-10.08.25.893330</Ref></Prtry></Refs><Amt Ccy="EUR">1477.98</Amt><BkTxCd><Domn><Cd>PMNT</Cd><Fmly><Cd>RCDT</Cd><SubFmlyCd>ESCT</SubFmlyCd></Fmly></Domn><Prtry><Cd>NTRF+166+9249+000</Cd><Issr>DK</Issr></Prtry></BkTxCd><RltdPties><Dbtr><Pty><Nm>Universitatsklinikum Koln AoR</Nm></Pty></Dbtr><DbtrAcct><Id><IBAN>DE04370205000008150000</IBAN></Id></DbtrAcct><Cdtr><Pty><Nm>Transact GmbH                                                         Kleine Reichenstr. 14</Nm></Pty></Cdtr><CdtrAcct><Id><IBAN>DE35230510300004619086</IBAN></Id></CdtrAcct></RltdPties><RltdAgts><DbtrAgt><FinInstnId><BICFI>BFSWDE33XXX</BICFI></FinInstnId></DbtrAgt><CdtrAgt><FinInstnId><BICFI>NOLADE21SHO</BICFI></FinInstnId></CdtrAgt></RltdAgts><RmtInf><Ustrd>482 000100800651842025/INV/202500440 24.6.2025</Ustrd></RmtInf></TxDtls></NtryDtls><AddtlNtryInf>GUTSCHRIFT ÜBERWEISUNG</AddtlNtryInf></Ntry><Ntry><Amt Ccy="EUR">1985.69</Amt><CdtDbtInd>CRDT</CdtDbtInd><Sts><Cd>BOOK</Cd></Sts><BookgDt><Dt>2025-07-08</Dt></BookgDt><ValDt><Dt>2025-07-08</Dt></ValDt><AcctSvcrRef>2025-07-08-13.09.01.222092</AcctSvcrRef><BkTxCd/><NtryDtls><TxDtls><Refs><EndToEndId>0005001620</EndToEndId><Prtry><Tp>FI-UMSATZ-ID</Tp><Ref>2025-07-08-13.09.01.222092</Ref></Prtry></Refs><Amt Ccy="EUR">1985.69</Amt><BkTxCd><Domn><Cd>PMNT</Cd><Fmly><Cd>RCDT</Cd><SubFmlyCd>ESCT</SubFmlyCd></Fmly></Domn><Prtry><Cd>NTRF+166+9249+000</Cd><Issr>DK</Issr></Prtry></BkTxCd><RltdPties><Dbtr><Pty><Nm>Sana Paulinenkranken                                                  14055 Berlin</Nm></Pty></Dbtr><DbtrAcct><Id><IBAN>DE92700202700040392874</IBAN></Id></DbtrAcct><Cdtr><Pty><Nm>Transact GmbH Gesellschaft fuer Software Analyse                      Kleine Reichenstrasse 1</Nm></Pty></Cdtr><CdtrAcct><Id><IBAN>DE35230510300004619086</IBAN></Id></CdtrAcct></RltdPties><RltdAgts><DbtrAgt><FinInstnId><BICFI>HYVEDEMMXXX</BICFI></FinInstnId></DbtrAgt><CdtrAgt><FinInstnId><BICFI>NOLADE21SHO</BICFI></FinInstnId></CdtrAgt></RltdAgts><RmtInf><Ustrd>/202500433 / 1.985,69</Ustrd></RmtInf></TxDtls></NtryDtls><AddtlNtryInf>GUTSCHRIFT ÜBERWEISUNG</AddtlNtryInf></Ntry><Ntry><Amt Ccy="EUR">10618.51</Amt><CdtDbtInd>CRDT</CdtDbtInd><Sts><Cd>BOOK</Cd></Sts><BookgDt><Dt>2025-07-08</Dt></BookgDt><ValDt><Dt>2025-07-08</Dt></ValDt><AcctSvcrRef>2025-07-08-14.11.19.513658</AcctSvcrRef><BkTxCd/><NtryDtls><TxDtls><Refs><EndToEndId>4518999631-0000002</EndToEndId><Prtry><Tp>FI-UMSATZ-ID</Tp><Ref>2025-07-08-14.11.19.513658</Ref></Prtry></Refs><Amt Ccy="EUR">10618.51</Amt><BkTxCd><Domn><Cd>PMNT</Cd><Fmly><Cd>RCDT</Cd><SubFmlyCd>ESCT</SubFmlyCd></Fmly></Domn><Prtry><Cd>NTRF+166+9203+000</Cd><Issr>DK</Issr></Prtry></BkTxCd><RltdPties><Dbtr><Pty><Nm>AGKAMED GmbH</Nm></Pty></Dbtr><DbtrAcct><Id><IBAN>DE44360501050001968007</IBAN></Id></DbtrAcct><Cdtr><Pty><Nm>Transact GmbH</Nm></Pty></Cdtr><CdtrAcct><Id><IBAN>DE35230510300004619086</IBAN></Id></CdtrAcct></RltdPties><RltdAgts><DbtrAgt><FinInstnId><BICFI>SPESDE3EXXX</BICFI></FinInstnId></DbtrAgt><CdtrAgt><FinInstnId><BICFI>NOLADE21SHO</BICFI></FinInstnId></CdtrAgt></RltdAgts><RmtInf><Ustrd>RNr. RA202500443 RDat. 25.06.2025 KNr. 1109</Ustrd></RmtInf></TxDtls></NtryDtls><AddtlNtryInf>GUTSCHRIFT ÜBERWEISUNG</AddtlNtryInf></Ntry></Rpt></BkToCstmrAcctRpt></Document>