<?xml version="1.0" encoding="UTF-8"?><Document xmlns="urn:iso:std:iso:20022:tech:xsd:camt.052.001.08" xmlns:xsi="http://www.w3.org/2001/XMLSchema-instance" xsi:schemaLocation="urn:iso:std:iso:20022:tech:xsd:camt.052.001.08 camt.052.001.08.xsd"><BkToCstmrAcctRpt><GrpHdr><MsgId>camt52_20250717112737__ONLINEBA</MsgId><CreDtTm>2025-07-17T11:27:37+02:00</CreDtTm></GrpHdr><Rpt><Id>camt0528_ONLINEBA</Id><RptPgntn><PgNb>1</PgNb><LastPgInd>true</LastPgInd></RptPgntn><CreDtTm>2025-07-17T11:27:37+02:00</CreDtTm><Acct><Id><IBAN>DE35230510300004619086</IBAN></Id><Ccy>EUR</Ccy><Svcr><FinInstnId><BICFI>NOLADE21SHO</BICFI><Nm>SPARKASSE SUEDHOLSTEIN</Nm><Othr><Id>DE 134796412</Id><Issr>UmsStId</Issr></Othr></FinInstnId></Svcr></Acct><Bal><Tp><CdOrPrtry><Cd>OPBD</Cd></CdOrPrtry></Tp><Amt Ccy="EUR">26442.92</Amt><CdtDbtInd>CRDT</CdtDbtInd><Dt><Dt>2025-07-04</Dt></Dt></Bal><Bal><Tp><CdOrPrtry><Cd>CLBD</Cd></CdOrPrtry></Tp><Amt Ccy="EUR">33243.95</Amt><CdtDbtInd>CRDT</CdtDbtInd><Dt><Dt>2025-07-07</Dt></Dt></Bal><Ntry><Amt Ccy="EUR">415.92</Amt><CdtDbtInd>DBIT</CdtDbtInd><Sts><Cd>BOOK</Cd></Sts><BookgDt><Dt>2025-07-07</Dt></BookgDt><ValDt><Dt>2025-07-07</Dt></ValDt><AcctSvcrRef>2025-07-07-00.05.12.795715</AcctSvcrRef><BkTxCd/><NtryDtls><TxDtls><Refs><EndToEndId>PAY01212</EndToEndId><MndtId>63051515520912032025</MndtId><Prtry><Tp>FI-UMSATZ-ID</Tp><Ref>2025-07-07-00.05.12.795715</Ref></Prtry></Refs><Amt Ccy="EUR">415.92</Amt><BkTxCd><Domn><Cd>PMNT</Cd><Fmly><Cd>RDDT</Cd><SubFmlyCd>ESDD</SubFmlyCd></Fmly></Domn><Prtry><Cd>NDDT+105+9208+992</Cd><Issr>DK</Issr></Prtry></BkTxCd><RltdPties><Dbtr><Pty><Nm>Transact - Gesellschaft fur Software &amp; Analyse mbH</Nm></Pty></Dbtr><DbtrAcct><Id><IBAN>DE35230510300004619086</IBAN></Id></DbtrAcct><Cdtr><Pty><Nm>NETZLABORANTEN GMBH</Nm><Id><PrvtId><Othr><Id>DE80ZZZ00001436748</Id></Othr></PrvtId></Id></Pty></Cdtr><CdtrAcct><Id><IBAN>DE59513500250205039995</IBAN></Id></CdtrAcct></RltdPties><RltdAgts><DbtrAgt><FinInstnId><BICFI>NOLADE21SHO</BICFI></FinInstnId></DbtrAgt><CdtrAgt><FinInstnId><BICFI>SKGIDE5FXXX</BICFI></FinInstnId></CdtrAgt></RltdAgts><RmtInf><Ustrd>RE/2025/02839</Ustrd></RmtInf></TxDtls></NtryDtls><AddtlNtryInf>FOLGELASTSCHRIFT</AddtlNtryInf></Ntry><Ntry><Amt Ccy="EUR">110.20</Amt><CdtDbtInd>DBIT</CdtDbtInd><Sts><Cd>BOOK</Cd></Sts><BookgDt><Dt>2025-07-07</Dt></BookgDt><ValDt><Dt>2025-07-07</Dt></ValDt><AcctSvcrRef>2025-07-07-00.07.19.286223</AcctSvcrRef><BkTxCd/><NtryDtls><TxDtls><Refs><EndToEndId>ZAA0162268833</EndToEndId><MndtId>1060622505</MndtId><Prtry><Tp>FI-UMSATZ-ID</Tp><Ref>2025-07-07-00.07.19.286223</Ref></Prtry></Refs><Amt Ccy="EUR">110.20</Amt><BkTxCd><Domn><Cd>PMNT</Cd><Fmly><Cd>RDDT</Cd><SubFmlyCd>ESDD</SubFmlyCd></Fmly></Domn><Prtry><Cd>NDDT+105+9248+992</Cd><Issr>DK</Issr></Prtry></BkTxCd><RltdPties><Dbtr><Pty><Nm>TRANSACT-GESELLSCHAFT, FUER SOFT</Nm></Pty></Dbtr><DbtrAcct><Id><IBAN>DE35230510300004619086</IBAN></Id></DbtrAcct><Cdtr><Pty><Nm>LOGPAY FINANCIAL SERVICES GMBH                                        Schwalbacher Str. 72</Nm><Id><PrvtId><Othr><Id>DE90LPY00000046849</Id></Othr></PrvtId></Id></Pty></Cdtr><CdtrAcct><Id><IBAN>DE75500400000586784100</IBAN></Id></CdtrAcct></RltdPties><RltdAgts><DbtrAgt><FinInstnId><BICFI>NOLADE21SHO</BICFI></FinInstnId></DbtrAgt><CdtrAgt><FinInstnId><BICFI>COBADEFF</BICFI></FinInstnId></CdtrAgt></RltdAgts><RmtInf><Ustrd>-ABO S-Bahn Hamburg</Ustrd></RmtInf></TxDtls></NtryDtls><AddtlNtryInf>FOLGELASTSCHRIFT</AddtlNtryInf></Ntry><Ntry><Amt Ccy="EUR">513.76</Amt><CdtDbtInd>DBIT</CdtDbtInd><Sts><Cd>BOOK</Cd></Sts><BookgDt><Dt>2025-07-07</Dt></BookgDt><ValDt><Dt>2025-07-07</Dt></ValDt><AcctSvcrRef>2025-07-07-00.09.45.719609</AcctSvcrRef><BkTxCd/><NtryDtls><TxDtls><Refs><EndToEndId>EII2740CA830F804F0DB87BF693C6A51275</EndToEndId><MndtId>KD-22680-20240131</MndtId><Prtry><Tp>FI-UMSATZ-ID</Tp><Ref>2025-07-07-00.09.45.719609</Ref></Prtry></Refs><Amt Ccy="EUR">513.76</Amt><BkTxCd><Domn><Cd>PMNT</Cd><Fmly><Cd>RDDT</Cd><SubFmlyCd>ESDD</SubFmlyCd></Fmly></Domn><Prtry><Cd>NDDT+105+9236+992</Cd><Issr>DK</Issr></Prtry></BkTxCd><RltdPties><Dbtr><Pty><Nm>TRANSACT GMBH</Nm></Pty></Dbtr><DbtrAcct><Id><IBAN>DE35230510300004619086</IBAN></Id></DbtrAcct><Cdtr><Pty><Nm>INKASSO 24 AG</Nm><Id><PrvtId><Othr><Id>DE34ZZZ00000074629</Id></Othr></PrvtId></Id></Pty></Cdtr><CdtrAcct><Id><IBAN>DE05870500003552004628</IBAN></Id></CdtrAcct></RltdPties><RltdAgts><DbtrAgt><FinInstnId><BICFI>NOLADE21SHO</BICFI></FinInstnId></DbtrAgt><CdtrAgt><FinInstnId><BICFI>CHEKDE81XXX</BICFI></FinInstnId></CdtrAgt></RltdAgts><RmtInf><Ustrd>ABRECHNUNG ZUM 30.06.2025 ABR.-NR. A2025/005685 RG.-NR. R2025/000295</Ustrd></RmtInf></TxDtls></NtryDtls><AddtlNtryInf>FOLGELASTSCHRIFT</AddtlNtryInf></Ntry><Ntry><Amt Ccy="EUR">2975.00</Amt><CdtDbtInd>CRDT</CdtDbtInd><Sts><Cd>BOOK</Cd></Sts><BookgDt><Dt>2025-07-07</Dt></BookgDt><ValDt><Dt>2025-07-07</Dt></ValDt><AcctSvcrRef>2025-07-07-10.07.33.843433</AcctSvcrRef><BkTxCd/><NtryDtls><TxDtls><Refs><Prtry><Tp>FI-UMSATZ-ID</Tp><Ref>2025-07-07-10.07.33.843433</Ref></Prtry></Refs><Amt Ccy="EUR">2975.00</Amt><BkTxCd><Domn><Cd>PMNT</Cd><Fmly><Cd>RCDT</Cd><SubFmlyCd>ESCT</SubFmlyCd></Fmly></Domn><Prtry><Cd>NTRF+166+9249+000</Cd><Issr>DK</Issr></Prtry></BkTxCd><RltdPties><Dbtr><Pty><Nm>Katholischer Hospitalverbund Hellweg gGmbH</Nm></Pty></Dbtr><DbtrAcct><Id><IBAN>DE21370601931052839005</IBAN></Id></DbtrAcct><Cdtr><Pty><Nm>TRANSACT GMBH</Nm></Pty></Cdtr><CdtrAcct><Id><IBAN>DE35230510300004619086</IBAN></Id></CdtrAcct></RltdPties><RltdAgts><DbtrAgt><FinInstnId><BICFI>GENODED1PAX</BICFI></FinInstnId></DbtrAgt><CdtrAgt><FinInstnId><BICFI>NOLADE21SHO</BICFI></FinInstnId></CdtrAgt></RltdAgts><RmtInf><Ustrd>385 2975,00</Ustrd></RmtInf></TxDtls></NtryDtls><AddtlNtryInf>GUTSCHRIFT ÜBERWEISUNG</AddtlNtryInf></Ntry><Ntry><Amt Ccy="EUR">4865.91</Amt><CdtDbtInd>CRDT</CdtDbtInd><Sts><Cd>BOOK</Cd></Sts><BookgDt><Dt>2025-07-07</Dt></BookgDt><ValDt><Dt>2025-07-07</Dt></ValDt><AcctSvcrRef>2025-07-07-16.44.46.464197</AcctSvcrRef><BkTxCd/><NtryDtls><TxDtls><Refs><EndToEndId>4568508645-0000003</EndToEndId><Prtry><Tp>FI-UMSATZ-ID</Tp><Ref>2025-07-07-16.44.46.464197</Ref></Prtry></Refs><Amt Ccy="EUR">4865.91</Amt><BkTxCd><Domn><Cd>PMNT</Cd><Fmly><Cd>RCDT</Cd><SubFmlyCd>ESCT</SubFmlyCd></Fmly></Domn><Prtry><Cd>NTRF+166+9249+000</Cd><Issr>DK</Issr></Prtry></BkTxCd><RltdPties><Dbtr><Pty><Nm>Oberender AG</Nm></Pty></Dbtr><DbtrAcct><Id><IBAN>DE36773400760134325000</IBAN></Id></DbtrAcct><Cdtr><Pty><Nm>Transact - Gesellschaft fuer Software +amp Analys</Nm></Pty></Cdtr><CdtrAcct><Id><IBAN>DE35230510300004619086</IBAN></Id></CdtrAcct></RltdPties><RltdAgts><DbtrAgt><FinInstnId><BICFI>COBADEFF</BICFI></FinInstnId></DbtrAgt><CdtrAgt><FinInstnId><BICFI>NOLADE21SHO</BICFI></FinInstnId></CdtrAgt></RltdAgts><RmtInf><Ustrd>RNr. 202500450 RDat. 27.06.2025 KNr. 1408</Ustrd></RmtInf></TxDtls></NtryDtls><AddtlNtryInf>GUTSCHRIFT ÜBERWEISUNG</AddtlNtryInf></Ntry></Rpt></BkToCstmrAcctRpt></Document>