<?xml version="1.0" encoding="UTF-8"?><Document xmlns="urn:iso:std:iso:20022:tech:xsd:camt.052.001.08" xmlns:xsi="http://www.w3.org/2001/XMLSchema-instance" xsi:schemaLocation="urn:iso:std:iso:20022:tech:xsd:camt.052.001.08 camt.052.001.08.xsd"><BkToCstmrAcctRpt><GrpHdr><MsgId>camt52_20250717112737__ONLINEBA</MsgId><CreDtTm>2025-07-17T11:27:37+02:00</CreDtTm></GrpHdr><Rpt><Id>camt0528_ONLINEBA</Id><RptPgntn><PgNb>1</PgNb><LastPgInd>true</LastPgInd></RptPgntn><CreDtTm>2025-07-17T11:27:37+02:00</CreDtTm><Acct><Id><IBAN>DE35230510300004619086</IBAN></Id><Ccy>EUR</Ccy><Svcr><FinInstnId><BICFI>NOLADE21SHO</BICFI><Nm>SPARKASSE SUEDHOLSTEIN</Nm><Othr><Id>DE 134796412</Id><Issr>UmsStId</Issr></Othr></FinInstnId></Svcr></Acct><Bal><Tp><CdOrPrtry><Cd>OPBD</Cd></CdOrPrtry></Tp><Amt Ccy="EUR">54813.92</Amt><CdtDbtInd>CRDT</CdtDbtInd><Dt><Dt>2025-07-10</Dt></Dt></Bal><Bal><Tp><CdOrPrtry><Cd>CLBD</Cd></CdOrPrtry></Tp><Amt Ccy="EUR">172280.40</Amt><CdtDbtInd>CRDT</CdtDbtInd><Dt><Dt>2025-07-11</Dt></Dt></Bal><Ntry><Amt Ccy="EUR">18419.38</Amt><CdtDbtInd>DBIT</CdtDbtInd><Sts><Cd>BOOK</Cd></Sts><BookgDt><Dt>2025-07-11</Dt></BookgDt><ValDt><Dt>2025-07-11</Dt></ValDt><AcctSvcrRef>2025-07-11-09.01.14.074195</AcctSvcrRef><BkTxCd/><NtryDtls><TxDtls><Refs><PmtInfId>3c6f96e-2560023390-8573538-20250711</PmtInfId><Prtry><Tp>FI-UMSATZ-ID</Tp><Ref>2025-07-11-09.01.14.074195</Ref></Prtry></Refs><Amt Ccy="EUR">18419.38</Amt><BkTxCd><Domn><Cd>PMNT</Cd><Fmly><Cd>ICDT</Cd><SubFmlyCd>ESCT</SubFmlyCd></Fmly></Domn><Prtry><Cd>NTRF+191+9301+997</Cd><Issr>DK</Issr></Prtry></BkTxCd><RltdPties><DbtrAcct><Id><Othr><Id>0004619086</Id></Othr></Id></DbtrAcct><CdtrAcct><Id><Othr><Id>0004619086</Id></Othr></Id></CdtrAcct></RltdPties><RltdAgts><DbtrAgt><FinInstnId><Nm>SPK SUEDHOLSTEIN NEUMUENSTE</Nm><Othr><Id>23051030</Id></Othr></FinInstnId></DbtrAgt><CdtrAgt><FinInstnId><Nm>SPK SUEDHOLSTEIN NEUMUENSTE</Nm><Othr><Id>23051030</Id></Othr></FinInstnId></CdtrAgt></RltdAgts><RmtInf><Ustrd>ANZAHL        5</Ustrd></RmtInf></TxDtls></NtryDtls><AddtlNtryInf>SAMMELÜBERWEISUNG</AddtlNtryInf></Ntry><Ntry><Amt Ccy="EUR">132774.18</Amt><CdtDbtInd>CRDT</CdtDbtInd><Sts><Cd>BOOK</Cd></Sts><BookgDt><Dt>2025-07-11</Dt></BookgDt><ValDt><Dt>2025-07-11</Dt></ValDt><AcctSvcrRef>2025-07-11-11.13.53.861601</AcctSvcrRef><BkTxCd/><NtryDtls><TxDtls><Refs><EndToEndId>200008015534282025</EndToEndId><Prtry><Tp>FI-UMSATZ-ID</Tp><Ref>2025-07-11-11.13.53.861601</Ref></Prtry></Refs><Amt Ccy="EUR">132774.18</Amt><BkTxCd><Domn><Cd>PMNT</Cd><Fmly><Cd>RCDT</Cd><SubFmlyCd>ESCT</SubFmlyCd></Fmly></Domn><Prtry><Cd>NTRF+166+9227+000</Cd><Issr>DK</Issr></Prtry></BkTxCd><RltdPties><Dbtr><Pty><Nm>Landschaftsverband Westfalen-Lippe LWL-Kämmerei</Nm></Pty></Dbtr><DbtrAcct><Id><IBAN>DE53400501500000409706</IBAN></Id></DbtrAcct><UltmtDbtr><Pty><Nm>LWL</Nm></Pty></UltmtDbtr><Cdtr><Pty><Nm>Transact - Gesellschaft</Nm></Pty></Cdtr><CdtrAcct><Id><IBAN>DE35230510300004619086</IBAN></Id></CdtrAcct></RltdPties><RltdAgts><DbtrAgt><FinInstnId><BICFI>WELADED1MST</BICFI></FinInstnId></DbtrAgt><CdtrAgt><FinInstnId><BICFI>NOLADE21SHO</BICFI></FinInstnId></CdtrAgt></RltdAgts><RmtInf><Ustrd>0410016253/RA202500452/30.06.2025/Kd-Nr. 366/1901237189</Ustrd></RmtInf></TxDtls></NtryDtls><AddtlNtryInf>GUTSCHRIFT ÜBERWEISUNG</AddtlNtryInf></Ntry><Ntry><Amt Ccy="EUR">701.93</Amt><CdtDbtInd>CRDT</CdtDbtInd><Sts><Cd>BOOK</Cd></Sts><BookgDt><Dt>2025-07-11</Dt></BookgDt><ValDt><Dt>2025-07-11</Dt></ValDt><AcctSvcrRef>2025-07-11-14.39.47.586543</AcctSvcrRef><BkTxCd/><NtryDtls><TxDtls><Refs><EndToEndId>OLPAYMENTTAN.710.1572280</EndToEndId><Prtry><Tp>FI-UMSATZ-ID</Tp><Ref>2025-07-11-14.39.47.586543</Ref></Prtry></Refs><Amt Ccy="EUR">701.93</Amt><BkTxCd><Domn><Cd>PMNT</Cd><Fmly><Cd>RCDT</Cd><SubFmlyCd>ESCT</SubFmlyCd></Fmly></Domn><Prtry><Cd>NTRF+166+9243+000</Cd><Issr>DK</Issr></Prtry></BkTxCd><RltdPties><Dbtr><Pty><Nm>medatixx GmbH + Co. KG</Nm></Pty></Dbtr><DbtrAcct><Id><IBAN>DE08770500000300710209</IBAN></Id></DbtrAcct><Cdtr><Pty><Nm>Transact GmbH</Nm></Pty></Cdtr><CdtrAcct><Id><IBAN>DE35230510300004619086</IBAN></Id></CdtrAcct></RltdPties><RltdAgts><DbtrAgt><FinInstnId><BICFI>BYLADEM1SKB</BICFI></FinInstnId></DbtrAgt><CdtrAgt><FinInstnId><BICFI>NOLADE21SHO</BICFI></FinInstnId></CdtrAgt></RltdAgts><RmtInf><Ustrd>KdNr. 459,RG RA 202500435      701,93</Ustrd></RmtInf></TxDtls></NtryDtls><AddtlNtryInf>GUTSCHRIFT ÜBERWEISUNG</AddtlNtryInf></Ntry><Ntry><Amt Ccy="EUR">2409.75</Amt><CdtDbtInd>CRDT</CdtDbtInd><Sts><Cd>BOOK</Cd></Sts><BookgDt><Dt>2025-07-11</Dt></BookgDt><ValDt><Dt>2025-07-11</Dt></ValDt><AcctSvcrRef>2025-07-11-15.19.48.511627</AcctSvcrRef><BkTxCd/><NtryDtls><TxDtls><Refs><EndToEndId>0019009966</EndToEndId><Prtry><Tp>FI-UMSATZ-ID</Tp><Ref>2025-07-11-15.19.48.511627</Ref></Prtry></Refs><Amt Ccy="EUR">2409.75</Amt><BkTxCd><Domn><Cd>PMNT</Cd><Fmly><Cd>RCDT</Cd><SubFmlyCd>ESCT</SubFmlyCd></Fmly></Domn><Prtry><Cd>NTRF+166+9213+000</Cd><Issr>DK</Issr></Prtry></BkTxCd><RltdPties><Dbtr><Pty><Nm>Ruppiner Kliniken GmbH                                                16816 Neuruppin</Nm></Pty></Dbtr><DbtrAcct><Id><IBAN>DE09160502021720004389</IBAN></Id></DbtrAcct><UltmtDbtr><Pty><Nm>Ruppiner Kliniken GmbH Fehrbelliner Strasse 38</Nm></Pty></UltmtDbtr><Cdtr><Pty><Nm>TRANSACT GMBH                                                         KLEINE REICHENSTR. 1</Nm></Pty></Cdtr><CdtrAcct><Id><IBAN>DE35230510300004619086</IBAN></Id></CdtrAcct></RltdPties><RltdAgts><DbtrAgt><FinInstnId><BICFI>WELADED1OPR</BICFI></FinInstnId></DbtrAgt><CdtrAgt><FinInstnId><BICFI>NOLADE21SHO</BICFI></FinInstnId></CdtrAgt></RltdAgts><RmtInf><Ustrd>1541/R/202500441/2409,75</Ustrd></RmtInf></TxDtls></NtryDtls><AddtlNtryInf>GUTSCHRIFT ÜBERWEISUNG</AddtlNtryInf></Ntry></Rpt></BkToCstmrAcctRpt></Document>