<?xml version="1.0" encoding="UTF-8"?><Document xmlns="urn:iso:std:iso:20022:tech:xsd:camt.052.001.08" xmlns:xsi="http://www.w3.org/2001/XMLSchema-instance" xsi:schemaLocation="urn:iso:std:iso:20022:tech:xsd:camt.052.001.08 camt.052.001.08.xsd"><BkToCstmrAcctRpt><GrpHdr><MsgId>camt52_20250829140330__ONLINEBA</MsgId><CreDtTm>2025-08-29T14:03:30+02:00</CreDtTm></GrpHdr><Rpt><Id>camt0528_ONLINEBA</Id><RptPgntn><PgNb>1</PgNb><LastPgInd>true</LastPgInd></RptPgntn><CreDtTm>2025-08-29T14:03:30+02:00</CreDtTm><Acct><Id><IBAN>DE35230510300004619086</IBAN></Id><Ccy>EUR</Ccy><Svcr><FinInstnId><BICFI>NOLADE21SHO</BICFI><Nm>SPARKASSE SUEDHOLSTEIN</Nm><Othr><Id>DE 134796412</Id><Issr>UmsStId</Issr></Othr></FinInstnId></Svcr></Acct><Bal><Tp><CdOrPrtry><Cd>OPBD</Cd></CdOrPrtry></Tp><Amt Ccy="EUR">95231.11</Amt><CdtDbtInd>CRDT</CdtDbtInd><Dt><Dt>2025-08-28</Dt></Dt></Bal><Bal><Tp><CdOrPrtry><Cd>CLBD</Cd></CdOrPrtry></Tp><Amt Ccy="EUR">49007.35</Amt><CdtDbtInd>CRDT</CdtDbtInd><Dt><Dt>2025-08-29</Dt></Dt></Bal><Ntry><Amt Ccy="EUR">69.81</Amt><CdtDbtInd>DBIT</CdtDbtInd><Sts><Cd>BOOK</Cd></Sts><BookgDt><Dt>2025-08-29</Dt></BookgDt><ValDt><Dt>2025-08-29</Dt></ValDt><AcctSvcrRef>2025-08-29-00.05.50.196464</AcctSvcrRef><BkTxCd/><NtryDtls><TxDtls><Refs><EndToEndId>AB425237-000496SZ052025000000011992</EndToEndId><MndtId>SZ050000000000000000000000000997795</MndtId><Prtry><Tp>FI-UMSATZ-ID</Tp><Ref>2025-08-29-00.05.50.196464</Ref></Prtry></Refs><Amt Ccy="EUR">69.81</Amt><BkTxCd><Domn><Cd>PMNT</Cd><Fmly><Cd>RDDT</Cd><SubFmlyCd>ESDD</SubFmlyCd></Fmly></Domn><Prtry><Cd>NDDT+105+9248+992</Cd><Issr>DK</Issr></Prtry></BkTxCd><RltdPties><Dbtr><Pty><Nm>Transact - Gesellschaft fuer Software + Analyse mbH                   Kleine Reichenstr. 1</Nm></Pty></Dbtr><DbtrAcct><Id><IBAN>DE35230510300004619086</IBAN></Id></DbtrAcct><Cdtr><Pty><Nm>Volkswagen Autovers. AG</Nm><Id><PrvtId><Othr><Id>DE03ZZZ00000662134</Id></Othr></PrvtId></Id></Pty></Cdtr><CdtrAcct><Id><IBAN>DE24700202700015146841</IBAN></Id></CdtrAcct><UltmtCdtr><Pty><Nm>Volkswagen Autovers. AG</Nm></Pty></UltmtCdtr></RltdPties><RltdAgts><DbtrAgt><FinInstnId><BICFI>NOLADE21SHO</BICFI></FinInstnId></DbtrAgt><CdtrAgt><FinInstnId><BICFI>HYVEDEMMXXX</BICFI></FinInstnId></CdtrAgt></RltdAgts><RmtInf><Ustrd>VWAV / VSNR VM1038726209 / HH-TA 2044 / Abrechnung vom 25.08.2025 bis 24.09.2025</Ustrd></RmtInf></TxDtls></NtryDtls><AddtlNtryInf>FOLGELASTSCHRIFT</AddtlNtryInf></Ntry><Ntry><Amt Ccy="EUR">59.96</Amt><CdtDbtInd>DBIT</CdtDbtInd><Sts><Cd>BOOK</Cd></Sts><BookgDt><Dt>2025-08-29</Dt></BookgDt><ValDt><Dt>2025-08-29</Dt></ValDt><AcctSvcrRef>2025-08-29-00.07.50.847403</AcctSvcrRef><BkTxCd/><NtryDtls><TxDtls><Refs><EndToEndId>0016652000ZV0000110Z</EndToEndId><MndtId>WTG00000000000329644</MndtId><Prtry><Tp>FI-UMSATZ-ID</Tp><Ref>2025-08-29-00.07.50.847403</Ref></Prtry></Refs><Amt Ccy="EUR">59.96</Amt><BkTxCd><Domn><Cd>PMNT</Cd><Fmly><Cd>RDDT</Cd><SubFmlyCd>ESDD</SubFmlyCd></Fmly></Domn><Prtry><Cd>NDDT+105+9216+992</Cd><Issr>DK</Issr></Prtry></BkTxCd><RltdPties><Dbtr><Pty><Nm>Transact Gesellschaft fuer Software   Analyse mbH</Nm></Pty></Dbtr><DbtrAcct><Id><IBAN>DE35230510300004619086</IBAN></Id></DbtrAcct><Cdtr><Pty><Nm>wilhelm.tel GmbH</Nm><Id><PrvtId><Othr><Id>DE91ZZZ00000124528</Id></Othr></PrvtId></Id></Pty></Cdtr><CdtrAcct><Id><IBAN>DE40213522400179098488</IBAN></Id></CdtrAcct></RltdPties><RltdAgts><DbtrAgt><FinInstnId><BICFI>NOLADE21SHO</BICFI></FinInstnId></DbtrAgt><CdtrAgt><FinInstnId><BICFI>NOLADE21HOL</BICFI></FinInstnId></CdtrAgt></RltdAgts><RmtInf><Ustrd>KD. NR. 1327641 RE 2251113314 vom 14.08.25 EUR 59,9</Ustrd></RmtInf></TxDtls></NtryDtls><AddtlNtryInf>FOLGELASTSCHRIFT</AddtlNtryInf></Ntry><Ntry><Amt Ccy="EUR">5.95</Amt><CdtDbtInd>DBIT</CdtDbtInd><Sts><Cd>BOOK</Cd></Sts><BookgDt><Dt>2025-08-29</Dt></BookgDt><ValDt><Dt>2025-08-29</Dt></ValDt><AcctSvcrRef>2025-08-29-02.04.00.375191</AcctSvcrRef><BkTxCd/><NtryDtls><TxDtls><Refs><Prtry><Tp>FI-UMSATZ-ID</Tp><Ref>2025-08-29-02.04.00.375191</Ref></Prtry></Refs><Amt Ccy="EUR">5.95</Amt><BkTxCd><Domn><Cd>ACMT</Cd><Fmly><Cd>MDOP</Cd><SubFmlyCd>CHRG</SubFmlyCd></Fmly></Domn><Prtry><Cd>NCHG+808+7080+000</Cd><Issr>DK</Issr></Prtry></BkTxCd><RltdPties><DbtrAcct><Id><Othr><Id>0004619086</Id></Othr></Id></DbtrAcct><CdtrAcct><Id><Othr><Id>0000000000</Id></Othr></Id></CdtrAcct></RltdPties><RltdAgts><DbtrAgt><FinInstnId><Nm>SPK SUEDHOLSTEIN NEUMUENSTE</Nm><Othr><Id>23051030</Id></Othr></FinInstnId></DbtrAgt><CdtrAgt><FinInstnId><Nm>SPK SUEDHOLSTEIN NEUMUENSTE</Nm><Othr><Id>23051030</Id></Othr></FinInstnId></CdtrAgt></RltdAgts><RmtInf><Ustrd>Rechnung</Ustrd><Ustrd>EBICS-Freischaltung</Ustrd><Ustrd>Dauerrechnungsnummer:</Ustrd><Ustrd>20240426-SH041-00028855265</Ustrd><Ustrd>Einzelrechnungsnummer:</Ustrd><Ustrd>20250829-SH041-00033472396</Ustrd><Ustrd>01.08.2025 - 31.08.2025</Ustrd></RmtInf></TxDtls></NtryDtls><AddtlNtryInf>RECHNUNG</AddtlNtryInf></Ntry><Ntry><Amt Ccy="EUR">5.95</Amt><CdtDbtInd>DBIT</CdtDbtInd><Sts><Cd>BOOK</Cd></Sts><BookgDt><Dt>2025-08-29</Dt></BookgDt><ValDt><Dt>2025-08-29</Dt></ValDt><AcctSvcrRef>2025-08-29-07.05.07.890340</AcctSvcrRef><BkTxCd/><NtryDtls><TxDtls><Refs><Prtry><Tp>FI-UMSATZ-ID</Tp><Ref>2025-08-29-07.05.07.890340</Ref></Prtry></Refs><Amt Ccy="EUR">5.95</Amt><BkTxCd><Domn><Cd>ACMT</Cd><Fmly><Cd>MDOP</Cd><SubFmlyCd>CHRG</SubFmlyCd></Fmly></Domn><Prtry><Cd>NCHG+808+7080+000</Cd><Issr>DK</Issr></Prtry></BkTxCd><RltdPties><DbtrAcct><Id><Othr><Id>0004619086</Id></Othr></Id></DbtrAcct><CdtrAcct><Id><Othr><Id>0000000000</Id></Othr></Id></CdtrAcct></RltdPties><RltdAgts><DbtrAgt><FinInstnId><Nm>SPK SUEDHOLSTEIN NEUMUENSTE</Nm><Othr><Id>23051030</Id></Othr></FinInstnId></DbtrAgt><CdtrAgt><FinInstnId><Nm>SPK SUEDHOLSTEIN NEUMUENSTE</Nm><Othr><Id>23051030</Id></Othr></FinInstnId></CdtrAgt></RltdAgts><RmtInf><Ustrd>Rechnung</Ustrd><Ustrd>Firmenkundenportal</Ustrd><Ustrd>20250829-SH041-00033480105</Ustrd><Ustrd>siehe Anlage</Ustrd><Ustrd>Rechnung</Ustrd><Ustrd>Information zur Rechnung</Ustrd><Ustrd>Rechnungsdatum:  29.08.2025</Ustrd><Ustrd>Rechnungsnummer: 20250829-SH041-00033480105</Ustrd><Ustrd>Firmenkundenportal</Ustrd><Ustrd>     1x Entgelt                                          5,00 EUR</Ustrd><Ustrd>     Zugang Firmenkundenportal</Ustrd><Ustrd>     vom 31.08.2025</Ustrd><Ustrd>Bemessungsgrundlage Umsatzsteuer                                   5,00 EUR</Ustrd><Ustrd>Umsatzsteuer 19%                                                   0,95 EUR</Ustrd><Ustrd>Rechnungsbetrag                                                    5,95 EUR</Ustrd></RmtInf></TxDtls></NtryDtls><AddtlNtryInf>RECHNUNG</AddtlNtryInf></Ntry><Ntry><Amt Ccy="EUR">59857.90</Amt><CdtDbtInd>DBIT</CdtDbtInd><Sts><Cd>BOOK</Cd></Sts><BookgDt><Dt>2025-08-29</Dt></BookgDt><ValDt><Dt>2025-08-29</Dt></ValDt><AcctSvcrRef>2025-08-29-07.30.29.421568</AcctSvcrRef><BkTxCd/><NtryDtls><TxDtls><Refs><PmtInfId>b7cc439-1342687546-6444050-20250829</PmtInfId><Prtry><Tp>FI-UMSATZ-ID</Tp><Ref>2025-08-29-07.30.29.421568</Ref></Prtry></Refs><Amt Ccy="EUR">59857.90</Amt><BkTxCd><Domn><Cd>PMNT</Cd><Fmly><Cd>ICDT</Cd><SubFmlyCd>ESCT</SubFmlyCd></Fmly></Domn><Prtry><Cd>NTRF+191+9301+997</Cd><Issr>DK</Issr></Prtry></BkTxCd><RltdPties><DbtrAcct><Id><Othr><Id>0004619086</Id></Othr></Id></DbtrAcct><CdtrAcct><Id><Othr><Id>0004619086</Id></Othr></Id></CdtrAcct></RltdPties><RltdAgts><DbtrAgt><FinInstnId><Nm>SPK SUEDHOLSTEIN NEUMUENSTE</Nm><Othr><Id>23051030</Id></Othr></FinInstnId></DbtrAgt><CdtrAgt><FinInstnId><Nm>SPK SUEDHOLSTEIN NEUMUENSTE</Nm><Othr><Id>23051030</Id></Othr></FinInstnId></CdtrAgt></RltdAgts><RmtInf><Ustrd>ANZAHL       26</Ustrd></RmtInf></TxDtls></NtryDtls><AddtlNtryInf>SAMMELÜBERWEISUNG</AddtlNtryInf></Ntry><Ntry><Amt Ccy="EUR">12655.72</Amt><CdtDbtInd>CRDT</CdtDbtInd><Sts><Cd>BOOK</Cd></Sts><BookgDt><Dt>2025-08-29</Dt></BookgDt><ValDt><Dt>2025-08-29</Dt></ValDt><AcctSvcrRef>2025-08-29-09.18.57.576647</AcctSvcrRef><BkTxCd/><NtryDtls><TxDtls><Refs><EndToEndId>0072020221</EndToEndId><Prtry><Tp>FI-UMSATZ-ID</Tp><Ref>2025-08-29-09.18.57.576647</Ref></Prtry></Refs><Amt Ccy="EUR">12655.72</Amt><BkTxCd><Domn><Cd>PMNT</Cd><Fmly><Cd>RCDT</Cd><SubFmlyCd>ESCT</SubFmlyCd></Fmly></Domn><Prtry><Cd>NTRF+166+9227+000</Cd><Issr>DK</Issr></Prtry></BkTxCd><RltdPties><Dbtr><Pty><Nm>Klinikum Mannheim GmbH Theodor-Kutzer-Ufer 1-3</Nm></Pty></Dbtr><DbtrAcct><Id><IBAN>DE64670505050030251113</IBAN></Id></DbtrAcct><UltmtDbtr><Pty><Nm>Klinikum Mannheim GmbH Theodor-Kutzer-Ufer 1-3</Nm></Pty></UltmtDbtr><Cdtr><Pty><Nm>Transact-Gesellschaft fuer SoftwareAnalyse mbH</Nm></Pty></Cdtr><CdtrAcct><Id><IBAN>DE35230510300004619086</IBAN></Id></CdtrAcct></RltdPties><RltdAgts><DbtrAgt><FinInstnId><BICFI>MANSDE66XXX</BICFI></FinInstnId></DbtrAgt><CdtrAgt><FinInstnId><BICFI>NOLADE21SHO</BICFI></FinInstnId></CdtrAgt></RltdAgts><RmtInf><Ustrd>/ADV/0072020221 28.8.2025/R/RA202500530/12655,72</Ustrd></RmtInf></TxDtls></NtryDtls><AddtlNtryInf>GUTSCHRIFT ÜBERWEISUNG</AddtlNtryInf></Ntry><Ntry><Amt Ccy="EUR">349.47</Amt><CdtDbtInd>CRDT</CdtDbtInd><Sts><Cd>BOOK</Cd></Sts><BookgDt><Dt>2025-08-29</Dt></BookgDt><ValDt><Dt>2025-08-29</Dt></ValDt><AcctSvcrRef>2025-08-29-10.14.14.587454</AcctSvcrRef><BkTxCd/><NtryDtls><TxDtls><Refs><Prtry><Tp>FI-UMSATZ-ID</Tp><Ref>2025-08-29-10.14.14.587454</Ref></Prtry></Refs><Amt Ccy="EUR">349.47</Amt><BkTxCd><Domn><Cd>PMNT</Cd><Fmly><Cd>RCDT</Cd><SubFmlyCd>ESCT</SubFmlyCd></Fmly></Domn><Prtry><Cd>NTRF+166+9249+000</Cd><Issr>DK</Issr></Prtry></BkTxCd><RltdPties><Dbtr><Pty><Nm>St. Barbara-Klinik Hamm GmbH</Nm></Pty></Dbtr><DbtrAcct><Id><IBAN>DE64400602650003152800</IBAN></Id></DbtrAcct><Cdtr><Pty><Nm>TRANSACT - GESELLSCHAFT FUER SO</Nm></Pty></Cdtr><CdtrAcct><Id><IBAN>DE35230510300004619086</IBAN></Id></CdtrAcct></RltdPties><RltdAgts><DbtrAgt><FinInstnId><BICFI>GENODEM1DKM</BICFI></FinInstnId></DbtrAgt><CdtrAgt><FinInstnId><BICFI>NOLADE21SHO</BICFI></FinInstnId></CdtrAgt></RltdAgts><RmtInf><Ustrd>202500546 349,47</Ustrd></RmtInf></TxDtls></NtryDtls><AddtlNtryInf>GUTSCHRIFT ÜBERWEISUNG</AddtlNtryInf></Ntry><Ntry><Amt Ccy="EUR">770.62</Amt><CdtDbtInd>CRDT</CdtDbtInd><Sts><Cd>BOOK</Cd></Sts><BookgDt><Dt>2025-08-29</Dt></BookgDt><ValDt><Dt>2025-08-29</Dt></ValDt><AcctSvcrRef>2025-08-29-10.14.14.588423</AcctSvcrRef><BkTxCd/><NtryDtls><TxDtls><Refs><EndToEndId>0000806346</EndToEndId><Prtry><Tp>FI-UMSATZ-ID</Tp><Ref>2025-08-29-10.14.14.588423</Ref></Prtry></Refs><Amt Ccy="EUR">770.62</Amt><BkTxCd><Domn><Cd>PMNT</Cd><Fmly><Cd>RCDT</Cd><SubFmlyCd>ESCT</SubFmlyCd></Fmly></Domn><Prtry><Cd>NTRF+166+9249+000</Cd><Issr>DK</Issr></Prtry></BkTxCd><RltdPties><Dbtr><Pty><Nm>Sankt Gertrauden- Krankenhaus GmbH</Nm></Pty></Dbtr><DbtrAcct><Id><IBAN>DE75370601936000385016</IBAN></Id></DbtrAcct><Cdtr><Pty><Nm>Transact GmbH</Nm></Pty></Cdtr><CdtrAcct><Id><IBAN>DE35230510300004619086</IBAN></Id></CdtrAcct></RltdPties><RltdAgts><DbtrAgt><FinInstnId><BICFI>GENODED1PAX</BICFI></FinInstnId></DbtrAgt><CdtrAgt><FinInstnId><BICFI>NOLADE21SHO</BICFI></FinInstnId></CdtrAgt></RltdAgts><RmtInf><Ustrd>353/INV/202500540 7.8.2025</Ustrd></RmtInf></TxDtls></NtryDtls><AddtlNtryInf>GUTSCHRIFT ÜBERWEISUNG</AddtlNtryInf></Ntry></Rpt></BkToCstmrAcctRpt></Document>