<?xml version="1.0" encoding="UTF-8"?><Document xmlns="urn:iso:std:iso:20022:tech:xsd:camt.052.001.08" xmlns:xsi="http://www.w3.org/2001/XMLSchema-instance" xsi:schemaLocation="urn:iso:std:iso:20022:tech:xsd:camt.052.001.08 camt.052.001.08.xsd"><BkToCstmrAcctRpt><GrpHdr><MsgId>camt52_20250829140330__ONLINEBA</MsgId><CreDtTm>2025-08-29T14:03:30+02:00</CreDtTm></GrpHdr><Rpt><Id>camt0528_ONLINEBA</Id><RptPgntn><PgNb>1</PgNb><LastPgInd>true</LastPgInd></RptPgntn><CreDtTm>2025-08-29T14:03:30+02:00</CreDtTm><Acct><Id><IBAN>DE35230510300004619086</IBAN></Id><Ccy>EUR</Ccy><Svcr><FinInstnId><BICFI>NOLADE21SHO</BICFI><Nm>SPARKASSE SUEDHOLSTEIN</Nm><Othr><Id>DE 134796412</Id><Issr>UmsStId</Issr></Othr></FinInstnId></Svcr></Acct><Bal><Tp><CdOrPrtry><Cd>OPBD</Cd></CdOrPrtry></Tp><Amt Ccy="EUR">115289.14</Amt><CdtDbtInd>CRDT</CdtDbtInd><Dt><Dt>2025-08-22</Dt></Dt></Bal><Bal><Tp><CdOrPrtry><Cd>CLBD</Cd></CdOrPrtry></Tp><Amt Ccy="EUR">108898.51</Amt><CdtDbtInd>CRDT</CdtDbtInd><Dt><Dt>2025-08-25</Dt></Dt></Bal><Ntry><Amt Ccy="EUR">1941.60</Amt><CdtDbtInd>CRDT</CdtDbtInd><Sts><Cd>BOOK</Cd></Sts><BookgDt><Dt>2025-08-25</Dt></BookgDt><ValDt><Dt>2025-08-25</Dt></ValDt><AcctSvcrRef>2025-08-25-13.09.58.765081</AcctSvcrRef><BkTxCd/><NtryDtls><TxDtls><Refs><EndToEndId>0008012330</EndToEndId><Prtry><Tp>FI-UMSATZ-ID</Tp><Ref>2025-08-25-13.09.58.765081</Ref></Prtry></Refs><Amt Ccy="EUR">1941.60</Amt><BkTxCd><Domn><Cd>PMNT</Cd><Fmly><Cd>RCDT</Cd><SubFmlyCd>ESCT</SubFmlyCd></Fmly></Domn><Prtry><Cd>NTRF+166+9227+000</Cd><Issr>DK</Issr></Prtry></BkTxCd><RltdPties><Dbtr><Pty><Nm>Zollernalb Klinikum gGmbH                                             72306 Balingen</Nm></Pty></Dbtr><DbtrAcct><Id><IBAN>DE05653512600134006042</IBAN></Id></DbtrAcct><UltmtDbtr><Pty><Nm>Zollernalb Klinikum gGmbH Klinik Balingen</Nm></Pty></UltmtDbtr><Cdtr><Pty><Nm>TRANSACT SOFTWARE  ANALYSE mbH                                        RUDOLF-KLUG-WEG 3</Nm></Pty></Cdtr><CdtrAcct><Id><IBAN>DE35230510300004619086</IBAN></Id></CdtrAcct></RltdPties><RltdAgts><DbtrAgt><FinInstnId><BICFI>SOLADES1BAL</BICFI></FinInstnId></DbtrAgt><CdtrAgt><FinInstnId><BICFI>NOLADE21SHO</BICFI></FinInstnId></CdtrAgt></RltdAgts><RmtInf><Ustrd>Nr. RA202500516,</Ustrd></RmtInf></TxDtls></NtryDtls><AddtlNtryInf>GUTSCHRIFT ÜBERWEISUNG</AddtlNtryInf></Ntry><Ntry><Amt Ccy="EUR">8332.23</Amt><CdtDbtInd>DBIT</CdtDbtInd><Sts><Cd>BOOK</Cd></Sts><BookgDt><Dt>2025-08-25</Dt></BookgDt><ValDt><Dt>2025-08-25</Dt></ValDt><AcctSvcrRef>2025-08-25-17.00.29.051678</AcctSvcrRef><BkTxCd/><NtryDtls><TxDtls><Refs><PmtInfId>55854f-1033012906-16430369-20250825</PmtInfId><Prtry><Tp>FI-UMSATZ-ID</Tp><Ref>2025-08-25-17.00.29.051678</Ref></Prtry></Refs><Amt Ccy="EUR">8332.23</Amt><BkTxCd><Domn><Cd>PMNT</Cd><Fmly><Cd>ICDT</Cd><SubFmlyCd>ESCT</SubFmlyCd></Fmly></Domn><Prtry><Cd>NTRF+191+9301+997</Cd><Issr>DK</Issr></Prtry></BkTxCd><RltdPties><DbtrAcct><Id><Othr><Id>0004619086</Id></Othr></Id></DbtrAcct><CdtrAcct><Id><Othr><Id>0004619086</Id></Othr></Id></CdtrAcct></RltdPties><RltdAgts><DbtrAgt><FinInstnId><Nm>SPK SUEDHOLSTEIN NEUMUENSTE</Nm><Othr><Id>23051030</Id></Othr></FinInstnId></DbtrAgt><CdtrAgt><FinInstnId><Nm>SPK SUEDHOLSTEIN NEUMUENSTE</Nm><Othr><Id>23051030</Id></Othr></FinInstnId></CdtrAgt></RltdAgts><RmtInf><Ustrd>ANZAHL        2</Ustrd></RmtInf></TxDtls></NtryDtls><AddtlNtryInf>SAMMELÜBERWEISUNG</AddtlNtryInf></Ntry></Rpt></BkToCstmrAcctRpt></Document>