<?xml version="1.0" encoding="UTF-8"?><Document xmlns="urn:iso:std:iso:20022:tech:xsd:camt.052.001.08" xmlns:xsi="http://www.w3.org/2001/XMLSchema-instance" xsi:schemaLocation="urn:iso:std:iso:20022:tech:xsd:camt.052.001.08 camt.052.001.08.xsd"><BkToCstmrAcctRpt><GrpHdr><MsgId>camt52_20250507144454__ONLINEBA</MsgId><CreDtTm>2025-05-07T14:44:54+02:00</CreDtTm></GrpHdr><Rpt><Id>camt0528_ONLINEBA</Id><RptPgntn><PgNb>1</PgNb><LastPgInd>true</LastPgInd></RptPgntn><CreDtTm>2025-05-07T14:44:54+02:00</CreDtTm><Acct><Id><IBAN>DE35230510300004619086</IBAN></Id><Ccy>EUR</Ccy><Svcr><FinInstnId><BICFI>NOLADE21SHO</BICFI><Nm>SPARKASSE SUEDHOLSTEIN</Nm><Othr><Id>DE 134796412</Id><Issr>UmsStId</Issr></Othr></FinInstnId></Svcr></Acct><Bal><Tp><CdOrPrtry><Cd>OPBD</Cd></CdOrPrtry></Tp><Amt Ccy="EUR">223484.41</Amt><CdtDbtInd>CRDT</CdtDbtInd><Dt><Dt>2025-04-25</Dt></Dt></Bal><Bal><Tp><CdOrPrtry><Cd>CLBD</Cd></CdOrPrtry></Tp><Amt Ccy="EUR">139489.78</Amt><CdtDbtInd>CRDT</CdtDbtInd><Dt><Dt>2025-04-28</Dt></Dt></Bal><Ntry><Amt Ccy="EUR">1494.04</Amt><CdtDbtInd>DBIT</CdtDbtInd><Sts><Cd>BOOK</Cd></Sts><BookgDt><Dt>2025-04-28</Dt></BookgDt><ValDt><Dt>2025-04-28</Dt></ValDt><AcctSvcrRef>2025-04-28-00.05.18.266327</AcctSvcrRef><BkTxCd/><NtryDtls><TxDtls><Refs><EndToEndId>2610020322923319</EndToEndId><MndtId>02051608241-1</MndtId><Prtry><Tp>FI-UMSATZ-ID</Tp><Ref>2025-04-28-00.05.18.266327</Ref></Prtry></Refs><Amt Ccy="EUR">1494.04</Amt><BkTxCd><Domn><Cd>PMNT</Cd><Fmly><Cd>RDDT</Cd><SubFmlyCd>ESDD</SubFmlyCd></Fmly></Domn><Prtry><Cd>NDDT+105+9230+992</Cd><Issr>DK</Issr></Prtry></BkTxCd><RltdPties><Dbtr><Pty><Nm>Transact GmbH</Nm></Pty></Dbtr><DbtrAcct><Id><IBAN>DE35230510300004619086</IBAN></Id></DbtrAcct><Cdtr><Pty><Nm>IKK classic</Nm><Id><PrvtId><Othr><Id>DE21ZZZ00000017342</Id></Othr></PrvtId></Id></Pty></Cdtr><CdtrAcct><Id><IBAN>DE61600501017461505611</IBAN></Id></CdtrAcct></RltdPties><RltdAgts><DbtrAgt><FinInstnId><BICFI>NOLADE21SHO</BICFI></FinInstnId></DbtrAgt><CdtrAgt><FinInstnId><BICFI>SOLADEST600</BICFI></FinInstnId></CdtrAgt></RltdAgts><RmtInf><Ustrd>Beitraege 01.04.2025 - 30.04.2025 15213435 1494.04</Ustrd></RmtInf></TxDtls></NtryDtls><AddtlNtryInf>FOLGELASTSCHRIFT</AddtlNtryInf></Ntry><Ntry><Amt Ccy="EUR">3024.02</Amt><CdtDbtInd>DBIT</CdtDbtInd><Sts><Cd>BOOK</Cd></Sts><BookgDt><Dt>2025-04-28</Dt></BookgDt><ValDt><Dt>2025-04-28</Dt></ValDt><AcctSvcrRef>2025-04-28-00.05.27.342941</AcctSvcrRef><BkTxCd/><NtryDtls><TxDtls><Refs><EndToEndId>4005524672 OB-15213435</EndToEndId><MndtId>2000882554000001</MndtId><Prtry><Tp>FI-UMSATZ-ID</Tp><Ref>2025-04-28-00.05.27.342941</Ref></Prtry></Refs><Amt Ccy="EUR">3024.02</Amt><BkTxCd><Domn><Cd>PMNT</Cd><Fmly><Cd>RDDT</Cd><SubFmlyCd>ESDD</SubFmlyCd></Fmly></Domn><Prtry><Cd>NDDT+105+9248+992</Cd><Issr>DK</Issr></Prtry></BkTxCd><RltdPties><Dbtr><Pty><Nm>TRANSACT-GESELLSCHAFT FUER SOFTWARE ANALYSE MBH</Nm></Pty></Dbtr><DbtrAcct><Id><IBAN>DE35230510300004619086</IBAN></Id></DbtrAcct><Cdtr><Pty><Nm>AOK Rheinland/Hamburg</Nm><Id><PrvtId><Othr><Id>DE05ZZZ00000018503</Id></Othr></PrvtId></Id></Pty></Cdtr><CdtrAcct><Id><IBAN>DE80300500000004066718</IBAN></Id></CdtrAcct><UltmtCdtr><Pty><Nm>AOK Rheinland/Hamburg - Die Gesundheitskasse</Nm></Pty></UltmtCdtr></RltdPties><RltdAgts><DbtrAgt><FinInstnId><BICFI>NOLADE21SHO</BICFI></FinInstnId></DbtrAgt><CdtrAgt><FinInstnId><BICFI>WELADEDDXXX</BICFI></FinInstnId></CdtrAgt></RltdAgts><RmtInf><Ustrd>4005524672 OB-15213435 EUR 3.024,02. BEITRAG 0425 - 0425</Ustrd></RmtInf></TxDtls></NtryDtls><AddtlNtryInf>FOLGELASTSCHRIFT</AddtlNtryInf></Ntry><Ntry><Amt Ccy="EUR">212.06</Amt><CdtDbtInd>DBIT</CdtDbtInd><Sts><Cd>BOOK</Cd></Sts><BookgDt><Dt>2025-04-28</Dt></BookgDt><ValDt><Dt>2025-04-28</Dt></ValDt><AcctSvcrRef>2025-04-28-00.05.27.349937</AcctSvcrRef><BkTxCd/><NtryDtls><TxDtls><Refs><EndToEndId>5506516043 OB-15213435</EndToEndId><MndtId>4600732646000001</MndtId><Prtry><Tp>FI-UMSATZ-ID</Tp><Ref>2025-04-28-00.05.27.349937</Ref></Prtry></Refs><Amt Ccy="EUR">212.06</Amt><BkTxCd><Domn><Cd>PMNT</Cd><Fmly><Cd>RDDT</Cd><SubFmlyCd>ESDD</SubFmlyCd></Fmly></Domn><Prtry><Cd>NDDT+105+9248+992</Cd><Issr>DK</Issr></Prtry></BkTxCd><RltdPties><Dbtr><Pty><Nm>TRANSACT-GESELLSCHAFT FUER SOFTWARE ANALYSE MBH</Nm></Pty></Dbtr><DbtrAcct><Id><IBAN>DE35230510300004619086</IBAN></Id></DbtrAcct><Cdtr><Pty><Nm>Knappschaft-Bahn-See</Nm><Id><PrvtId><Othr><Id>DE81KBS00000034886</Id></Othr></PrvtId></Id></Pty></Cdtr><CdtrAcct><Id><IBAN>DE24300500000001050541</IBAN></Id></CdtrAcct><UltmtCdtr><Pty><Nm>Deutsche Rentenversicherung Knappschaft-Bahn-See</Nm></Pty></UltmtCdtr></RltdPties><RltdAgts><DbtrAgt><FinInstnId><BICFI>NOLADE21SHO</BICFI></FinInstnId></DbtrAgt><CdtrAgt><FinInstnId><BICFI>WELADEDDXXX</BICFI></FinInstnId></CdtrAgt></RltdAgts><RmtInf><Ustrd>5506516043 OB-15213435 EINZUG BEITRAG</Ustrd></RmtInf></TxDtls></NtryDtls><AddtlNtryInf>FOLGELASTSCHRIFT</AddtlNtryInf></Ntry><Ntry><Amt Ccy="EUR">5885.48</Amt><CdtDbtInd>DBIT</CdtDbtInd><Sts><Cd>BOOK</Cd></Sts><BookgDt><Dt>2025-04-28</Dt></BookgDt><ValDt><Dt>2025-04-28</Dt></ValDt><AcctSvcrRef>2025-04-28-00.05.35.153140</AcctSvcrRef><BkTxCd/><NtryDtls><TxDtls><Refs><EndToEndId>7600538329 OB-15213435</EndToEndId><MndtId>4207622573000001</MndtId><Prtry><Tp>FI-UMSATZ-ID</Tp><Ref>2025-04-28-00.05.35.153140</Ref></Prtry></Refs><Amt Ccy="EUR">5885.48</Amt><BkTxCd><Domn><Cd>PMNT</Cd><Fmly><Cd>RDDT</Cd><SubFmlyCd>ESDD</SubFmlyCd></Fmly></Domn><Prtry><Cd>NDDT+105+9216+992</Cd><Issr>DK</Issr></Prtry></BkTxCd><RltdPties><Dbtr><Pty><Nm>TRANSACT-GESELLSCHAFT FUER SOFTWARE   ANALYSE MBH</Nm></Pty></Dbtr><DbtrAcct><Id><IBAN>DE35230510300004619086</IBAN></Id></DbtrAcct><Cdtr><Pty><Nm>AOK NORDWEST Die Gesundheitskasse</Nm><Id><PrvtId><Othr><Id>DE56AOK00000058422</Id></Othr></PrvtId></Id></Pty></Cdtr><CdtrAcct><Id><IBAN>DE49210501701400235600</IBAN></Id></CdtrAcct><UltmtCdtr><Pty><Nm>AOK NORDWEST</Nm></Pty></UltmtCdtr></RltdPties><RltdAgts><DbtrAgt><FinInstnId><BICFI>NOLADE21SHO</BICFI></FinInstnId></DbtrAgt><CdtrAgt><FinInstnId><BICFI>NOLADE21KIE</BICFI></FinInstnId></CdtrAgt></RltdAgts><RmtInf><Ustrd>7600538329 OB-15213435 EUR 5.885,48. BEITRAG 0425 - 0425</Ustrd></RmtInf></TxDtls></NtryDtls><AddtlNtryInf>FOLGELASTSCHRIFT</AddtlNtryInf></Ntry><Ntry><Amt Ccy="EUR">2407.88</Amt><CdtDbtInd>DBIT</CdtDbtInd><Sts><Cd>BOOK</Cd></Sts><BookgDt><Dt>2025-04-28</Dt></BookgDt><ValDt><Dt>2025-04-28</Dt></ValDt><AcctSvcrRef>2025-04-28-00.05.38.354563</AcctSvcrRef><BkTxCd/><NtryDtls><TxDtls><Refs><EndToEndId>0401317648 OB-15213435</EndToEndId><MndtId>7200389849000001</MndtId><Prtry><Tp>FI-UMSATZ-ID</Tp><Ref>2025-04-28-00.05.38.354563</Ref></Prtry></Refs><Amt Ccy="EUR">2407.88</Amt><BkTxCd><Domn><Cd>PMNT</Cd><Fmly><Cd>RDDT</Cd><SubFmlyCd>ESDD</SubFmlyCd></Fmly></Domn><Prtry><Cd>NDDT+105+9248+992</Cd><Issr>DK</Issr></Prtry></BkTxCd><RltdPties><Dbtr><Pty><Nm>TRANSACT-GESELLSCHAFT FUER</Nm></Pty></Dbtr><DbtrAcct><Id><IBAN>DE35230510300004619086</IBAN></Id></DbtrAcct><Cdtr><Pty><Nm>Mobil Krankenkasse</Nm><Id><PrvtId><Othr><Id>DE86ZZZ00001158056</Id></Othr></PrvtId></Id></Pty></Cdtr><CdtrAcct><Id><IBAN>DE21200400000638715300</IBAN></Id></CdtrAcct></RltdPties><RltdAgts><DbtrAgt><FinInstnId><BICFI>NOLADE21SHO</BICFI></FinInstnId></DbtrAgt><CdtrAgt><FinInstnId><BICFI>COBADEHH</BICFI></FinInstnId></CdtrAgt></RltdAgts><RmtInf><Ustrd>0401317648 OB-15213435 7200389849000001 SCHAETZUNG 04.2025</Ustrd></RmtInf></TxDtls></NtryDtls><AddtlNtryInf>FOLGELASTSCHRIFT</AddtlNtryInf></Ntry><Ntry><Amt Ccy="EUR">3002.32</Amt><CdtDbtInd>DBIT</CdtDbtInd><Sts><Cd>BOOK</Cd></Sts><BookgDt><Dt>2025-04-28</Dt></BookgDt><ValDt><Dt>2025-04-28</Dt></ValDt><AcctSvcrRef>2025-04-28-00.05.38.356670</AcctSvcrRef><BkTxCd/><NtryDtls><TxDtls><Refs><EndToEndId>2610010015307585</EndToEndId><MndtId>101106832-1</MndtId><Prtry><Tp>FI-UMSATZ-ID</Tp><Ref>2025-04-28-00.05.38.356670</Ref></Prtry></Refs><Amt Ccy="EUR">3002.32</Amt><BkTxCd><Domn><Cd>PMNT</Cd><Fmly><Cd>RDDT</Cd><SubFmlyCd>ESDD</SubFmlyCd></Fmly></Domn><Prtry><Cd>NDDT+105+9248+992</Cd><Issr>DK</Issr></Prtry></BkTxCd><RltdPties><Dbtr><Pty><Nm>Nitschke, Guido</Nm></Pty></Dbtr><DbtrAcct><Id><IBAN>DE35230510300004619086</IBAN></Id></DbtrAcct><Cdtr><Pty><Nm>Novitas BKK</Nm><Id><PrvtId><Othr><Id>DE28ZZZ00000092100</Id></Othr></PrvtId></Id></Pty></Cdtr><CdtrAcct><Id><IBAN>DE27200800000370380000</IBAN></Id></CdtrAcct></RltdPties><RltdAgts><DbtrAgt><FinInstnId><BICFI>NOLADE21SHO</BICFI></FinInstnId></DbtrAgt><CdtrAgt><FinInstnId><BICFI>DRESDEFF200</BICFI></FinInstnId></CdtrAgt></RltdAgts><RmtInf><Ustrd>Beitraege 01.04.2025 - 30.04.2025 15213435 3002.32</Ustrd></RmtInf></TxDtls></NtryDtls><AddtlNtryInf>FOLGELASTSCHRIFT</AddtlNtryInf></Ntry><Ntry><Amt Ccy="EUR">1191.87</Amt><CdtDbtInd>DBIT</CdtDbtInd><Sts><Cd>BOOK</Cd></Sts><BookgDt><Dt>2025-04-28</Dt></BookgDt><ValDt><Dt>2025-04-28</Dt></ValDt><AcctSvcrRef>2025-04-28-00.06.08.972783</AcctSvcrRef><BkTxCd/><NtryDtls><TxDtls><Refs><EndToEndId>2610013754579081</EndToEndId><MndtId>026181156590-1</MndtId><Prtry><Tp>FI-UMSATZ-ID</Tp><Ref>2025-04-28-00.06.08.972783</Ref></Prtry></Refs><Amt Ccy="EUR">1191.87</Amt><BkTxCd><Domn><Cd>PMNT</Cd><Fmly><Cd>RDDT</Cd><SubFmlyCd>ESDD</SubFmlyCd></Fmly></Domn><Prtry><Cd>NDDT+105+9246+992</Cd><Issr>DK</Issr></Prtry></BkTxCd><RltdPties><Dbtr><Pty><Nm>Transact-Gesellschaft fuer Software &amp; Analyse mbH</Nm></Pty></Dbtr><DbtrAcct><Id><IBAN>DE35230510300004619086</IBAN></Id></DbtrAcct><Cdtr><Pty><Nm>hkk</Nm><Id><PrvtId><Othr><Id>DE51ZZZ00000507816</Id></Othr></PrvtId></Id></Pty></Cdtr><CdtrAcct><Id><IBAN>DE79290501010001006543</IBAN></Id></CdtrAcct><UltmtCdtr><Pty><Nm>hkk</Nm></Pty></UltmtCdtr></RltdPties><RltdAgts><DbtrAgt><FinInstnId><BICFI>NOLADE21SHO</BICFI></FinInstnId></DbtrAgt><CdtrAgt><FinInstnId><BICFI>SBREDE22XXX</BICFI></FinInstnId></CdtrAgt></RltdAgts><RmtInf><Ustrd>Beitraege 01.04.2025 - 30.04.2025 15213435 1191.87</Ustrd></RmtInf></TxDtls></NtryDtls><AddtlNtryInf>FOLGELASTSCHRIFT</AddtlNtryInf></Ntry><Ntry><Amt Ccy="EUR">8622.24</Amt><CdtDbtInd>DBIT</CdtDbtInd><Sts><Cd>BOOK</Cd></Sts><BookgDt><Dt>2025-04-28</Dt></BookgDt><ValDt><Dt>2025-04-28</Dt></ValDt><AcctSvcrRef>2025-04-28-00.06.29.920573</AcctSvcrRef><BkTxCd/><NtryDtls><TxDtls><Refs><EndToEndId>9950691263</EndToEndId><MndtId>MD950390295</MndtId><Prtry><Tp>FI-UMSATZ-ID</Tp><Ref>2025-04-28-00.06.29.920573</Ref></Prtry></Refs><Amt Ccy="EUR">8622.24</Amt><BkTxCd><Domn><Cd>PMNT</Cd><Fmly><Cd>RDDT</Cd><SubFmlyCd>ESDD</SubFmlyCd></Fmly></Domn><Prtry><Cd>NDDT+105+9208+992</Cd><Issr>DK</Issr></Prtry></BkTxCd><RltdPties><Dbtr><Pty><Nm>TransAct Software GmbH</Nm></Pty></Dbtr><DbtrAcct><Id><IBAN>DE35230510300004619086</IBAN></Id></DbtrAcct><Cdtr><Pty><Nm>Techniker Krankenkasse</Nm><Id><PrvtId><Othr><Id>DE51TK100000031158</Id></Othr></PrvtId></Id></Pty></Cdtr><CdtrAcct><Id><IBAN>DE59200505501280376854</IBAN></Id></CdtrAcct></RltdPties><RltdAgts><DbtrAgt><FinInstnId><BICFI>NOLADE21SHO</BICFI></FinInstnId></DbtrAgt><CdtrAgt><FinInstnId><BICFI>HASPDEHHXXX</BICFI></FinInstnId></CdtrAgt></RltdAgts><RmtInf><Ustrd>BNR: 15213435 B5640003757 Beitraege 04/25</Ustrd></RmtInf></TxDtls></NtryDtls><AddtlNtryInf>FOLGELASTSCHRIFT</AddtlNtryInf></Ntry><Ntry><Amt Ccy="EUR">1486.84</Amt><CdtDbtInd>DBIT</CdtDbtInd><Sts><Cd>BOOK</Cd></Sts><BookgDt><Dt>2025-04-28</Dt></BookgDt><ValDt><Dt>2025-04-28</Dt></ValDt><AcctSvcrRef>2025-04-28-00.06.36.582229</AcctSvcrRef><BkTxCd/><NtryDtls><TxDtls><Refs><EndToEndId>2610002540623584</EndToEndId><MndtId>020532384526-1</MndtId><Prtry><Tp>FI-UMSATZ-ID</Tp><Ref>2025-04-28-00.06.36.582229</Ref></Prtry></Refs><Amt Ccy="EUR">1486.84</Amt><BkTxCd><Domn><Cd>PMNT</Cd><Fmly><Cd>RDDT</Cd><SubFmlyCd>ESDD</SubFmlyCd></Fmly></Domn><Prtry><Cd>NDDT+105+9200+992</Cd><Issr>DK</Issr></Prtry></BkTxCd><RltdPties><Dbtr><Pty><Nm>Transact GmbH</Nm></Pty></Dbtr><DbtrAcct><Id><IBAN>DE35230510300004619086</IBAN></Id></DbtrAcct><Cdtr><Pty><Nm>IKK Suedwest</Nm><Id><PrvtId><Othr><Id>DE45IKK00000178415</Id></Othr></PrvtId></Id></Pty></Cdtr><CdtrAcct><Id><IBAN>DE32590500000031513583</IBAN></Id></CdtrAcct></RltdPties><RltdAgts><DbtrAgt><FinInstnId><BICFI>NOLADE21SHO</BICFI></FinInstnId></DbtrAgt><CdtrAgt><FinInstnId><BICFI>SALADE55XXX</BICFI></FinInstnId></CdtrAgt></RltdAgts><RmtInf><Ustrd>Beitraege 01.04.2025 - 30.04.2025 15213435 1486.84</Ustrd></RmtInf></TxDtls></NtryDtls><AddtlNtryInf>FOLGELASTSCHRIFT</AddtlNtryInf></Ntry><Ntry><Amt Ccy="EUR">10455.64</Amt><CdtDbtInd>DBIT</CdtDbtInd><Sts><Cd>BOOK</Cd></Sts><BookgDt><Dt>2025-04-28</Dt></BookgDt><ValDt><Dt>2025-04-28</Dt></ValDt><AcctSvcrRef>2025-04-28-00.07.43.489085</AcctSvcrRef><BkTxCd/><NtryDtls><TxDtls><Refs><EndToEndId>C9652949407 OB-15213435</EndToEndId><MndtId>0115832110000001</MndtId><Prtry><Tp>FI-UMSATZ-ID</Tp><Ref>2025-04-28-00.07.43.489085</Ref></Prtry></Refs><Amt Ccy="EUR">10455.64</Amt><BkTxCd><Domn><Cd>PMNT</Cd><Fmly><Cd>RDDT</Cd><SubFmlyCd>ESDD</SubFmlyCd></Fmly></Domn><Prtry><Cd>NDDT+105+9248+992</Cd><Issr>DK</Issr></Prtry></BkTxCd><RltdPties><Dbtr><Pty><Nm>TRANSACT GMBH</Nm></Pty></Dbtr><DbtrAcct><Id><IBAN>DE35230510300004619086</IBAN></Id></DbtrAcct><Cdtr><Pty><Nm>BARMER</Nm><Id><PrvtId><Othr><Id>DE91ZZZ00000008807</Id></Othr></PrvtId></Id></Pty></Cdtr><CdtrAcct><Id><IBAN>DE67300500000004000410</IBAN></Id></CdtrAcct><UltmtCdtr><Pty><Nm>Barmer Ersatzkasse</Nm></Pty></UltmtCdtr></RltdPties><RltdAgts><DbtrAgt><FinInstnId><BICFI>NOLADE21SHO</BICFI></FinInstnId></DbtrAgt><CdtrAgt><FinInstnId><BICFI>WELADEDDXXX</BICFI></FinInstnId></CdtrAgt></RltdAgts><RmtInf><Ustrd>EUR 10455,64 SCHAETZ. 0425-0425 BNR 15213435</Ustrd></RmtInf></TxDtls></NtryDtls><AddtlNtryInf>FOLGELASTSCHRIFT</AddtlNtryInf></Ntry><Ntry><Amt Ccy="EUR">19833.77</Amt><CdtDbtInd>CRDT</CdtDbtInd><Sts><Cd>BOOK</Cd></Sts><BookgDt><Dt>2025-04-28</Dt></BookgDt><ValDt><Dt>2025-04-28</Dt></ValDt><AcctSvcrRef>2025-04-28-00.08.50.396525</AcctSvcrRef><BkTxCd/><NtryDtls><TxDtls><Refs><EndToEndId>48/764/04562 UMS.SG2404202504490047</EndToEndId><Prtry><Tp>FI-UMSATZ-ID</Tp><Ref>2025-04-28-00.08.50.396525</Ref></Prtry></Refs><Amt Ccy="EUR">19833.77</Amt><BkTxCd><Domn><Cd>PMNT</Cd><Fmly><Cd>RCDT</Cd><SubFmlyCd>ESCT</SubFmlyCd></Fmly></Domn><Prtry><Cd>NTRF+166+9263+000</Cd><Issr>DK</Issr></Prtry></BkTxCd><RltdPties><Dbtr><Pty><Nm>Finanzamt für Steuererhebung in Hamburg</Nm></Pty></Dbtr><DbtrAcct><Id><IBAN>DE03200000000020001530</IBAN></Id></DbtrAcct><UltmtDbtr><Pty><Nm>STEUERKASSE HAMBURG</Nm></Pty></UltmtDbtr><Cdtr><Pty><Nm>TRANSACT - GESELLSCHAFT FUER SOFTWARE U. ANALYSE M.</Nm></Pty></Cdtr><CdtrAcct><Id><IBAN>DE35230510300004619086</IBAN></Id></CdtrAcct></RltdPties><RltdAgts><DbtrAgt><FinInstnId><BICFI>MARKDEF1200</BICFI></FinInstnId></DbtrAgt><CdtrAgt><FinInstnId><BICFI>NOLADE21SHO</BICFI></FinInstnId></CdtrAgt></RltdAgts><RmtInf><Ustrd>ERSTATT.48/764/04562 UMS.ST JAN.25 19.833,77 EUR</Ustrd></RmtInf></TxDtls></NtryDtls><AddtlNtryInf>GUTSCHRIFT ÜBERWEISUNG</AddtlNtryInf></Ntry><Ntry><Amt Ccy="EUR">2356.89</Amt><CdtDbtInd>DBIT</CdtDbtInd><Sts><Cd>BOOK</Cd></Sts><BookgDt><Dt>2025-04-28</Dt></BookgDt><ValDt><Dt>2025-04-28</Dt></ValDt><AcctSvcrRef>2025-04-28-00.14.56.464751</AcctSvcrRef><BkTxCd/><NtryDtls><TxDtls><Refs><EndToEndId>000020620</EndToEndId><MndtId>0100322382-0202-1</MndtId><Prtry><Tp>FI-UMSATZ-ID</Tp><Ref>2025-04-28-00.14.56.464751</Ref></Prtry></Refs><Amt Ccy="EUR">2356.89</Amt><BkTxCd><Domn><Cd>PMNT</Cd><Fmly><Cd>RDDT</Cd><SubFmlyCd>ESDD</SubFmlyCd></Fmly></Domn><Prtry><Cd>NDDT+105+9248+992</Cd><Issr>DK</Issr></Prtry></BkTxCd><RltdPties><Dbtr><Pty><Nm>TRANSACT-GESELLSCHAFT FUER</Nm></Pty></Dbtr><DbtrAcct><Id><IBAN>DE35230510300004619086</IBAN></Id></DbtrAcct><Cdtr><Pty><Nm>KKH HAUPTVERW., HANNOVER                                              Karl-Wiechert-Allee 61</Nm><Id><PrvtId><Othr><Id>DE58KKH00000263929</Id></Othr></PrvtId></Id></Pty></Cdtr><CdtrAcct><Id><IBAN>DE52250400660313958108</IBAN></Id></CdtrAcct></RltdPties><RltdAgts><DbtrAgt><FinInstnId><BICFI>NOLADE21SHO</BICFI></FinInstnId></DbtrAgt><CdtrAgt><FinInstnId><BICFI>COBADEFF</BICFI></FinInstnId></CdtrAgt></RltdAgts><RmtInf><Ustrd>BEITRAG 04/25 FUER 15213435 TRANSACT GMBH SOZIALVERSICHERUNGSBEITRAG KKH 2.356,89 EUR Mandat 0100322382-0202-1</Ustrd></RmtInf></TxDtls></NtryDtls><AddtlNtryInf>FOLGELASTSCHRIFT</AddtlNtryInf></Ntry><Ntry><Amt Ccy="EUR">63689.12</Amt><CdtDbtInd>DBIT</CdtDbtInd><Sts><Cd>BOOK</Cd></Sts><BookgDt><Dt>2025-04-28</Dt></BookgDt><ValDt><Dt>2025-04-28</Dt></ValDt><AcctSvcrRef>2025-04-28-06.00.18.038673</AcctSvcrRef><BkTxCd/><NtryDtls><TxDtls><Refs><PmtInfId>c03c3a4c-448732718-5344043-20250428</PmtInfId><Prtry><Tp>FI-UMSATZ-ID</Tp><Ref>2025-04-28-06.00.18.038673</Ref></Prtry></Refs><Amt Ccy="EUR">63689.12</Amt><BkTxCd><Domn><Cd>PMNT</Cd><Fmly><Cd>ICDT</Cd><SubFmlyCd>ESCT</SubFmlyCd></Fmly></Domn><Prtry><Cd>NTRF+191+9301+997</Cd><Issr>DK</Issr></Prtry></BkTxCd><RltdPties><DbtrAcct><Id><Othr><Id>0004619086</Id></Othr></Id></DbtrAcct><CdtrAcct><Id><Othr><Id>0004619086</Id></Othr></Id></CdtrAcct></RltdPties><RltdAgts><DbtrAgt><FinInstnId><Nm>SPK SUEDHOLSTEIN NEUMUENSTE</Nm><Othr><Id>23051030</Id></Othr></FinInstnId></DbtrAgt><CdtrAgt><FinInstnId><Nm>SPK SUEDHOLSTEIN NEUMUENSTE</Nm><Othr><Id>23051030</Id></Othr></FinInstnId></CdtrAgt></RltdAgts><RmtInf><Ustrd>ANZAHL       27</Ustrd></RmtInf></TxDtls></NtryDtls><AddtlNtryInf>SAMMELÜBERWEISUNG</AddtlNtryInf></Ntry></Rpt></BkToCstmrAcctRpt></Document>