<?xml version="1.0" encoding="UTF-8"?><Document xmlns="urn:iso:std:iso:20022:tech:xsd:camt.052.001.08" xmlns:xsi="http://www.w3.org/2001/XMLSchema-instance" xsi:schemaLocation="urn:iso:std:iso:20022:tech:xsd:camt.052.001.08 camt.052.001.08.xsd"><BkToCstmrAcctRpt><GrpHdr><MsgId>camt52_20250507144454__ONLINEBA</MsgId><CreDtTm>2025-05-07T14:44:54+02:00</CreDtTm></GrpHdr><Rpt><Id>camt0528_ONLINEBA</Id><RptPgntn><PgNb>1</PgNb><LastPgInd>true</LastPgInd></RptPgntn><CreDtTm>2025-05-07T14:44:54+02:00</CreDtTm><Acct><Id><IBAN>DE35230510300004619086</IBAN></Id><Ccy>EUR</Ccy><Svcr><FinInstnId><BICFI>NOLADE21SHO</BICFI><Nm>SPARKASSE SUEDHOLSTEIN</Nm><Othr><Id>DE 134796412</Id><Issr>UmsStId</Issr></Othr></FinInstnId></Svcr></Acct><Bal><Tp><CdOrPrtry><Cd>OPBD</Cd></CdOrPrtry></Tp><Amt Ccy="EUR">84862.92</Amt><CdtDbtInd>CRDT</CdtDbtInd><Dt><Dt>2025-04-30</Dt></Dt></Bal><Bal><Tp><CdOrPrtry><Cd>CLBD</Cd></CdOrPrtry></Tp><Amt Ccy="EUR">88340.61</Amt><CdtDbtInd>CRDT</CdtDbtInd><Dt><Dt>2025-05-02</Dt></Dt></Bal><Ntry><Amt Ccy="EUR">128.62</Amt><CdtDbtInd>DBIT</CdtDbtInd><Sts><Cd>BOOK</Cd></Sts><BookgDt><Dt>2025-05-02</Dt></BookgDt><ValDt><Dt>2025-05-01</Dt></ValDt><AcctSvcrRef>2025-04-30-21.09.46.355649</AcctSvcrRef><BkTxCd/><NtryDtls><TxDtls><Refs><Prtry><Tp>FI-UMSATZ-ID</Tp><Ref>2025-04-30-21.09.46.355649</Ref></Prtry></Refs><Amt Ccy="EUR">128.62</Amt><BkTxCd><Domn><Cd>ACMT</Cd><Fmly><Cd>OPCL</Cd><SubFmlyCd>ACCC</SubFmlyCd></Fmly></Domn><Prtry><Cd>NMSC+805+6666+000</Cd><Issr>DK</Issr></Prtry></BkTxCd><RltdPties><DbtrAcct><Id><Othr><Id>0004619086</Id></Othr></Id></DbtrAcct><CdtrAcct><Id><Othr><Id>0000000000</Id></Othr></Id></CdtrAcct></RltdPties><RltdAgts><DbtrAgt><FinInstnId><Nm>SPK SUEDHOLSTEIN NEUMUENSTE</Nm><Othr><Id>23051030</Id></Othr></FinInstnId></DbtrAgt><CdtrAgt><FinInstnId><Nm>SPK SUEDHOLSTEIN NEUMUENSTE</Nm><Othr><Id>23051030</Id></Othr></FinInstnId></CdtrAgt></RltdAgts><RmtInf><Ustrd>Abrechnung 30.04.2025</Ustrd><Ustrd>siehe Anlage</Ustrd><Ustrd>Abrechnung 30.04.2025</Ustrd><Ustrd>Information zur Abrechnung</Ustrd><Ustrd>Kontostand am 30.04.2025                                       84.862,92 +</Ustrd><Ustrd>Abrechnungszeitraum vom 01.04.2025 bis 30.04.2025</Ustrd><Ustrd>Kreditprovision                                                     52,08-</Ustrd><Ustrd>aus nicht in Anspruch genommenem Kredit</Ustrd><Ustrd> 1,2500 v.H. Kred-Prov  bis 30.04.2025</Ustrd><Ustrd>Entgelte vom 01.04.2025 bis 30.04.2025                              56,00-</Ustrd><Ustrd>Kontoführung                1 x   29,90               29,90-</Ustrd><Ustrd>Daueraufträge               1 x    0,20                0,20-</Ustrd><Ustrd>Lastschriften              40 x    0,20                8,00-</Ustrd><Ustrd>Einsatz Debitkarte EUR      1 x    0,20                0,20-</Ustrd><Ustrd>Überweisungen o.Beleg       5 x    0,10                0,50-</Ustrd><Ustrd>Überweisungen DATA</Ustrd><Ustrd> Geschäftsvorfälle         43 x    0,10                4,30-</Ustrd><Ustrd>Gutschrift Überweisung     64 x    0,20               12,80-</Ustrd><Ustrd>Überweisungen Echtzeit      1 x    0,10                0,10-</Ustrd><Ustrd>Abrechnung 30.04.2025 vor Steuer                                   108,08-</Ustrd><Ustrd>Umsatzsteuer  19%  auf         108,08-                 USt:         20,54-</Ustrd><Ustrd>Abrechnung 30.04.2025                                              128,62-</Ustrd><Ustrd>Kontostand/Rechnungsabschluss am 30.04.2025                    84.734,30 +</Ustrd><Ustrd>Rechnungsnummer: 20250430-SH041-00032510274</Ustrd></RmtInf></TxDtls></NtryDtls><AddtlNtryInf>ABSCHLUSS</AddtlNtryInf></Ntry><Ntry><Amt Ccy="EUR">4761.51</Amt><CdtDbtInd>CRDT</CdtDbtInd><Sts><Cd>BOOK</Cd></Sts><BookgDt><Dt>2025-05-02</Dt></BookgDt><ValDt><Dt>2025-05-02</Dt></ValDt><AcctSvcrRef>2025-05-02-00.08.51.301385</AcctSvcrRef><BkTxCd/><NtryDtls><TxDtls><Refs><EndToEndId>0004515190</EndToEndId><Prtry><Tp>FI-UMSATZ-ID</Tp><Ref>2025-05-02-00.08.51.301385</Ref></Prtry></Refs><Amt Ccy="EUR">4761.51</Amt><BkTxCd><Domn><Cd>PMNT</Cd><Fmly><Cd>RCDT</Cd><SubFmlyCd>ESCT</SubFmlyCd></Fmly></Domn><Prtry><Cd>NTRF+166+9263+000</Cd><Issr>DK</Issr></Prtry></BkTxCd><RltdPties><Dbtr><Pty><Nm>Universitätsmedizin Greifswald Körperschaft des öffentlichen Rechts</Nm></Pty></Dbtr><DbtrAcct><Id><IBAN>DE32130000000013001534</IBAN></Id></DbtrAcct><Cdtr><Pty><Nm>Transact GmbH</Nm></Pty></Cdtr><CdtrAcct><Id><IBAN>DE35230510300004619086</IBAN></Id></CdtrAcct></RltdPties><RltdAgts><DbtrAgt><FinInstnId><BICFI>MARKDEF1130</BICFI></FinInstnId></DbtrAgt><CdtrAgt><FinInstnId><BICFI>NOLADE21SHO</BICFI></FinInstnId></CdtrAgt></RltdAgts><RmtInf><Ustrd>/R/202500122/2048,80/R/RA202400961/2712,71</Ustrd></RmtInf></TxDtls></NtryDtls><AddtlNtryInf>GUTSCHRIFT ÜBERWEISUNG</AddtlNtryInf></Ntry><Ntry><Amt Ccy="EUR">568.00</Amt><CdtDbtInd>DBIT</CdtDbtInd><Sts><Cd>BOOK</Cd></Sts><BookgDt><Dt>2025-05-02</Dt></BookgDt><ValDt><Dt>2025-05-02</Dt></ValDt><AcctSvcrRef>2025-05-02-00.10.30.167230</AcctSvcrRef><BkTxCd/><NtryDtls><TxDtls><Refs><EndToEndId>045403254888</EndToEndId><MndtId>100000003592870</MndtId><Prtry><Tp>FI-UMSATZ-ID</Tp><Ref>2025-05-02-00.10.30.167230</Ref></Prtry></Refs><Amt Ccy="EUR">568.00</Amt><BkTxCd><Domn><Cd>PMNT</Cd><Fmly><Cd>RDDT</Cd><SubFmlyCd>ESDD</SubFmlyCd></Fmly></Domn><Prtry><Cd>NDDT+105+9202+992</Cd><Issr>DK</Issr></Prtry></BkTxCd><RltdPties><Dbtr><Pty><Nm>Transact - Gesellschaft fuer Software A nalyse mbH                    Kleine Reichenstr. 1</Nm></Pty></Dbtr><DbtrAcct><Id><IBAN>DE35230510300004619086</IBAN></Id></DbtrAcct><Cdtr><Pty><Nm>Gothaer Lebensversicherung Aktiengesellschaft                         Arnoldi-Platz 1</Nm><Id><PrvtId><Othr><Id>DE16ZZZ00000070200</Id></Othr></PrvtId></Id></Pty></Cdtr><CdtrAcct><Id><IBAN>DE12330500000000920009</IBAN></Id></CdtrAcct><UltmtCdtr><Pty><Nm>Gothaer Lebensvers.AG</Nm></Pty></UltmtCdtr></RltdPties><RltdAgts><DbtrAgt><FinInstnId><BICFI>NOLADE21SHO</BICFI></FinInstnId></DbtrAgt><CdtrAgt><FinInstnId><BICFI>WUPSDE33XXX</BICFI></FinInstnId></CdtrAgt></RltdAgts><RmtInf><Ustrd>Rentenversicherung/Vertrag 002635719T10</Ustrd></RmtInf></TxDtls></NtryDtls><AddtlNtryInf>FOLGELASTSCHRIFT</AddtlNtryInf></Ntry><Ntry><Amt Ccy="EUR">114.12</Amt><CdtDbtInd>DBIT</CdtDbtInd><Sts><Cd>BOOK</Cd></Sts><BookgDt><Dt>2025-05-02</Dt></BookgDt><ValDt><Dt>2025-05-02</Dt></ValDt><AcctSvcrRef>2025-05-02-00.12.37.891692</AcctSvcrRef><BkTxCd/><NtryDtls><TxDtls><Refs><EndToEndId>0-20250429-0262785-1</EndToEndId><MndtId>942197P-0521082</MndtId><Prtry><Tp>FI-UMSATZ-ID</Tp><Ref>2025-05-02-00.12.37.891692</Ref></Prtry></Refs><Amt Ccy="EUR">114.12</Amt><BkTxCd><Domn><Cd>PMNT</Cd><Fmly><Cd>RDDT</Cd><SubFmlyCd>ESDD</SubFmlyCd></Fmly></Domn><Prtry><Cd>NDDT+105+9248+992</Cd><Issr>DK</Issr></Prtry></BkTxCd><RltdPties><Dbtr><Pty><Nm>TRANSACT GMBH                                                         Kleine Reichenstr. 1</Nm></Pty></Dbtr><DbtrAcct><Id><IBAN>DE35230510300004619086</IBAN></Id></DbtrAcct><Cdtr><Pty><Nm>Canada Life Assuranc                                                  Siemensstr. 8</Nm><Id><PrvtId><Othr><Id>DE88ZZZ00000060465</Id></Othr></PrvtId></Id></Pty></Cdtr><CdtrAcct><Id><IBAN>DE76700202700015535845</IBAN></Id></CdtrAcct></RltdPties><RltdAgts><DbtrAgt><FinInstnId><BICFI>NOLADE21SHO</BICFI></FinInstnId></DbtrAgt><CdtrAgt><FinInstnId><BICFI>HYVEDEMMXXX</BICFI></FinInstnId></CdtrAgt></RltdAgts><RmtInf><Ustrd>0-20250429-0262785-1 Canada Life 6205233E Folgebeitrag 01.05.2025</Ustrd></RmtInf></TxDtls></NtryDtls><AddtlNtryInf>FOLGELASTSCHRIFT</AddtlNtryInf></Ntry><Ntry><Amt Ccy="EUR">102.26</Amt><CdtDbtInd>DBIT</CdtDbtInd><Sts><Cd>BOOK</Cd></Sts><BookgDt><Dt>2025-05-02</Dt></BookgDt><ValDt><Dt>2025-05-02</Dt></ValDt><AcctSvcrRef>2025-05-02-00.14.50.492459</AcctSvcrRef><BkTxCd/><NtryDtls><TxDtls><Refs><EndToEndId>2511412297292</EndToEndId><MndtId>0010024626420000122013001</MndtId><Prtry><Tp>FI-UMSATZ-ID</Tp><Ref>2025-05-02-00.14.50.492459</Ref></Prtry></Refs><Amt Ccy="EUR">102.26</Amt><BkTxCd><Domn><Cd>PMNT</Cd><Fmly><Cd>RDDT</Cd><SubFmlyCd>ESDD</SubFmlyCd></Fmly></Domn><Prtry><Cd>NDDT+105+9248+992</Cd><Issr>DK</Issr></Prtry></BkTxCd><RltdPties><Dbtr><Pty><Nm>TRANSACT GMBH</Nm></Pty></Dbtr><DbtrAcct><Id><IBAN>DE35230510300004619086</IBAN></Id></DbtrAcct><Cdtr><Pty><Nm>Nurnberger Lebensversicherung Aktiengesellschaft</Nm><Id><PrvtId><Othr><Id>DE96ZZZ00000022103</Id></Othr></PrvtId></Id></Pty></Cdtr><CdtrAcct><Id><IBAN>DE41760700120464189000</IBAN></Id></CdtrAcct></RltdPties><RltdAgts><DbtrAgt><FinInstnId><BICFI>NOLADE21SHO</BICFI></FinInstnId></DbtrAgt><CdtrAgt><FinInstnId><BICFI>DEUTDEMM760</BICFI></FinInstnId></CdtrAgt></RltdAgts><RmtInf><Ustrd>462642000012 NLV LEBENSVERS. / 01.05.2025 102,26</Ustrd></RmtInf></TxDtls></NtryDtls><AddtlNtryInf>FOLGELASTSCHRIFT</AddtlNtryInf></Ntry><Ntry><Amt Ccy="EUR">54.83</Amt><CdtDbtInd>DBIT</CdtDbtInd><Sts><Cd>BOOK</Cd></Sts><BookgDt><Dt>2025-05-02</Dt></BookgDt><ValDt><Dt>2025-05-02</Dt></ValDt><AcctSvcrRef>2025-05-02-00.15.32.102299</AcctSvcrRef><BkTxCd/><NtryDtls><TxDtls><Refs><EndToEndId>003801754790</EndToEndId><MndtId>T00200011000000040638006</MndtId><Prtry><Tp>FI-UMSATZ-ID</Tp><Ref>2025-05-02-00.15.32.102299</Ref></Prtry></Refs><Amt Ccy="EUR">54.83</Amt><BkTxCd><Domn><Cd>PMNT</Cd><Fmly><Cd>RDDT</Cd><SubFmlyCd>ESDD</SubFmlyCd></Fmly></Domn><Prtry><Cd>NDDT+105+9248+992</Cd><Issr>DK</Issr></Prtry></BkTxCd><RltdPties><Dbtr><Pty><Nm>TRANSACT - GESELLSCHAFT FUeR SO                                       Kleine Reichenstr. 1</Nm></Pty></Dbtr><DbtrAcct><Id><IBAN>DE35230510300004619086</IBAN></Id></DbtrAcct><Cdtr><Pty><Nm>TG GmbH Co. OHG                                                       Georg-Brauchle-Ring 23-25</Nm><Id><PrvtId><Othr><Id>DE9700000000142462</Id></Othr></PrvtId></Id></Pty></Cdtr><CdtrAcct><Id><IBAN>DE11700400410225563606</IBAN></Id></CdtrAcct></RltdPties><RltdAgts><DbtrAgt><FinInstnId><BICFI>NOLADE21SHO</BICFI></FinInstnId></DbtrAgt><CdtrAgt><FinInstnId><BICFI>COBADEFF</BICFI></FinInstnId></CdtrAgt></RltdAgts><RmtInf><Ustrd>Telefonica sagt Danke Kd-Nr.:7040425409, Rg-Nr.:2000405691</Ustrd></RmtInf></TxDtls></NtryDtls><AddtlNtryInf>FOLGELASTSCHRIFT</AddtlNtryInf></Ntry><Ntry><Amt Ccy="EUR">22.23</Amt><CdtDbtInd>DBIT</CdtDbtInd><Sts><Cd>BOOK</Cd></Sts><BookgDt><Dt>2025-05-02</Dt></BookgDt><ValDt><Dt>2025-05-02</Dt></ValDt><AcctSvcrRef>2025-05-02-00.15.32.111112</AcctSvcrRef><BkTxCd/><NtryDtls><TxDtls><Refs><EndToEndId>003801754789</EndToEndId><MndtId>T00200011000000040594546</MndtId><Prtry><Tp>FI-UMSATZ-ID</Tp><Ref>2025-05-02-00.15.32.111112</Ref></Prtry></Refs><Amt Ccy="EUR">22.23</Amt><BkTxCd><Domn><Cd>PMNT</Cd><Fmly><Cd>RDDT</Cd><SubFmlyCd>ESDD</SubFmlyCd></Fmly></Domn><Prtry><Cd>NDDT+105+9248+992</Cd><Issr>DK</Issr></Prtry></BkTxCd><RltdPties><Dbtr><Pty><Nm>TRANSACT - GESELLSCHAFT FUeR SO                                       Kleine Reichenstr. 1</Nm></Pty></Dbtr><DbtrAcct><Id><IBAN>DE35230510300004619086</IBAN></Id></DbtrAcct><Cdtr><Pty><Nm>TG GmbH Co. OHG                                                       Georg-Brauchle-Ring 23-25</Nm><Id><PrvtId><Othr><Id>DE9700000000142462</Id></Othr></PrvtId></Id></Pty></Cdtr><CdtrAcct><Id><IBAN>DE11700400410225563606</IBAN></Id></CdtrAcct></RltdPties><RltdAgts><DbtrAgt><FinInstnId><BICFI>NOLADE21SHO</BICFI></FinInstnId></DbtrAgt><CdtrAgt><FinInstnId><BICFI>COBADEFF</BICFI></FinInstnId></CdtrAgt></RltdAgts><RmtInf><Ustrd>Telefonica sagt Danke Kd-Nr.:7040425409, Rg-Nr.:2000345797</Ustrd></RmtInf></TxDtls></NtryDtls><AddtlNtryInf>FOLGELASTSCHRIFT</AddtlNtryInf></Ntry><Ntry><Amt Ccy="EUR">170.00</Amt><CdtDbtInd>DBIT</CdtDbtInd><Sts><Cd>BOOK</Cd></Sts><BookgDt><Dt>2025-05-02</Dt></BookgDt><ValDt><Dt>2025-05-02</Dt></ValDt><AcctSvcrRef>2025-05-02-00.19.39.629113</AcctSvcrRef><BkTxCd/><NtryDtls><TxDtls><Refs><EndToEndId>280000832680</EndToEndId><MndtId>MS0000013499670</MndtId><Prtry><Tp>FI-UMSATZ-ID</Tp><Ref>2025-05-02-00.19.39.629113</Ref></Prtry></Refs><Amt Ccy="EUR">170.00</Amt><BkTxCd><Domn><Cd>PMNT</Cd><Fmly><Cd>RDDT</Cd><SubFmlyCd>ESDD</SubFmlyCd></Fmly></Domn><Prtry><Cd>NDDT+105+9248+992</Cd><Issr>DK</Issr></Prtry></BkTxCd><RltdPties><Dbtr><Pty><Nm>Transact GmbH</Nm></Pty></Dbtr><DbtrAcct><Id><IBAN>DE35230510300004619086</IBAN></Id></DbtrAcct><Cdtr><Pty><Nm>Condor Lebensversicherungs-Aktiengesellschaft</Nm><Id><PrvtId><Othr><Id>DE6308300000090403</Id></Othr></PrvtId></Id></Pty></Cdtr><CdtrAcct><Id><IBAN>DE97500604000080145317</IBAN></Id></CdtrAcct></RltdPties><RltdAgts><DbtrAgt><FinInstnId><BICFI>NOLADE21SHO</BICFI></FinInstnId></DbtrAgt><CdtrAgt><FinInstnId><BICFI>GENODEFFXXX</BICFI></FinInstnId></CdtrAgt></RltdAgts><RmtInf><Ustrd>70901328226 Leben / Gaede, Meike Britta / 170.00 Folgeb. 01.05</Ustrd></RmtInf></TxDtls></NtryDtls><AddtlNtryInf>FOLGELASTSCHRIFT</AddtlNtryInf></Ntry><Ntry><Amt Ccy="EUR">67.07</Amt><CdtDbtInd>DBIT</CdtDbtInd><Sts><Cd>BOOK</Cd></Sts><BookgDt><Dt>2025-05-02</Dt></BookgDt><ValDt><Dt>2025-05-02</Dt></ValDt><AcctSvcrRef>2025-05-02-00.20.35.941069</AcctSvcrRef><BkTxCd/><NtryDtls><TxDtls><Refs><EndToEndId>328418562</EndToEndId><MndtId>239193478B00014</MndtId><Prtry><Tp>FI-UMSATZ-ID</Tp><Ref>2025-05-02-00.20.35.941069</Ref></Prtry></Refs><Amt Ccy="EUR">67.07</Amt><BkTxCd><Domn><Cd>PMNT</Cd><Fmly><Cd>RDDT</Cd><SubFmlyCd>ESDD</SubFmlyCd></Fmly></Domn><Prtry><Cd>NDDT+105+9248+992</Cd><Issr>DK</Issr></Prtry></BkTxCd><RltdPties><Dbtr><Pty><Nm>Transact Gesellschaft fuer</Nm></Pty></Dbtr><DbtrAcct><Id><IBAN>DE35230510300004619086</IBAN></Id></DbtrAcct><Cdtr><Pty><Nm>HANSEMERKUR VERS.</Nm><Id><PrvtId><Othr><Id>DE74ZZZ00000066149</Id></Othr></PrvtId></Id></Pty></Cdtr><CdtrAcct><Id><IBAN>DE24200300000000241414</IBAN></Id></CdtrAcct></RltdPties><RltdAgts><DbtrAgt><FinInstnId><BICFI>NOLADE21SHO</BICFI></FinInstnId></DbtrAgt><CdtrAgt><FinInstnId><BICFI>HYVEDEMM300</BICFI></FinInstnId></CdtrAgt></RltdAgts><RmtInf><Ustrd>239193478B00014 01.05.2025 Rentenversicherung</Ustrd></RmtInf></TxDtls></NtryDtls><AddtlNtryInf>FOLGELASTSCHRIFT</AddtlNtryInf></Ntry><Ntry><Amt Ccy="EUR">56.69</Amt><CdtDbtInd>DBIT</CdtDbtInd><Sts><Cd>BOOK</Cd></Sts><BookgDt><Dt>2025-05-02</Dt></BookgDt><ValDt><Dt>2025-05-02</Dt></ValDt><AcctSvcrRef>2025-05-02-00.21.29.950990</AcctSvcrRef><BkTxCd/><NtryDtls><TxDtls><Refs><EndToEndId>AB425115-000496SZ052025000000006963</EndToEndId><MndtId>SZ050000000000000000000000000997795</MndtId><Prtry><Tp>FI-UMSATZ-ID</Tp><Ref>2025-05-02-00.21.29.950990</Ref></Prtry></Refs><Amt Ccy="EUR">56.69</Amt><BkTxCd><Domn><Cd>PMNT</Cd><Fmly><Cd>RDDT</Cd><SubFmlyCd>ESDD</SubFmlyCd></Fmly></Domn><Prtry><Cd>NDDT+105+9248+992</Cd><Issr>DK</Issr></Prtry></BkTxCd><RltdPties><Dbtr><Pty><Nm>Transact - Gesellschaft fuer Software + Analyse mbH                   Lagerstr. 17</Nm></Pty></Dbtr><DbtrAcct><Id><IBAN>DE35230510300004619086</IBAN></Id></DbtrAcct><Cdtr><Pty><Nm>Volkswagen Autovers. AG</Nm><Id><PrvtId><Othr><Id>DE03ZZZ00000662134</Id></Othr></PrvtId></Id></Pty></Cdtr><CdtrAcct><Id><IBAN>DE24700202700015146841</IBAN></Id></CdtrAcct><UltmtCdtr><Pty><Nm>Volkswagen Autovers. AG</Nm></Pty></UltmtCdtr></RltdPties><RltdAgts><DbtrAgt><FinInstnId><BICFI>NOLADE21SHO</BICFI></FinInstnId></DbtrAgt><CdtrAgt><FinInstnId><BICFI>HYVEDEMMXXX</BICFI></FinInstnId></CdtrAgt></RltdAgts><RmtInf><Ustrd>VWAV / VSNR VM1038726209 / HH-TA 2044 / Abrechnung vom 25.04.2025 bis 24.05.2025</Ustrd></RmtInf></TxDtls></NtryDtls><AddtlNtryInf>FOLGELASTSCHRIFT</AddtlNtryInf></Ntry></Rpt></BkToCstmrAcctRpt></Document>