<?xml version="1.0" encoding="UTF-8"?><Document xmlns="urn:iso:std:iso:20022:tech:xsd:camt.052.001.08" xmlns:xsi="http://www.w3.org/2001/XMLSchema-instance" xsi:schemaLocation="urn:iso:std:iso:20022:tech:xsd:camt.052.001.08 camt.052.001.08.xsd"><BkToCstmrAcctRpt><GrpHdr><MsgId>camt52_20250507144454__ONLINEBA</MsgId><CreDtTm>2025-05-07T14:44:54+02:00</CreDtTm></GrpHdr><Rpt><Id>camt0528_ONLINEBA</Id><RptPgntn><PgNb>1</PgNb><LastPgInd>true</LastPgInd></RptPgntn><CreDtTm>2025-05-07T14:44:54+02:00</CreDtTm><Acct><Id><IBAN>DE35230510300004619086</IBAN></Id><Ccy>EUR</Ccy><Svcr><FinInstnId><BICFI>NOLADE21SHO</BICFI><Nm>SPARKASSE SUEDHOLSTEIN</Nm><Othr><Id>DE 134796412</Id><Issr>UmsStId</Issr></Othr></FinInstnId></Svcr></Acct><Bal><Tp><CdOrPrtry><Cd>OPBD</Cd></CdOrPrtry></Tp><Amt Ccy="EUR">89430.35</Amt><CdtDbtInd>CRDT</CdtDbtInd><Dt><Dt>2025-05-05</Dt></Dt></Bal><Bal><Tp><CdOrPrtry><Cd>CLBD</Cd></CdOrPrtry></Tp><Amt Ccy="EUR">92346.75</Amt><CdtDbtInd>CRDT</CdtDbtInd><Dt><Dt>2025-05-06</Dt></Dt></Bal><Ntry><Amt Ccy="EUR">656.00</Amt><CdtDbtInd>DBIT</CdtDbtInd><Sts><Cd>BOOK</Cd></Sts><BookgDt><Dt>2025-05-06</Dt></BookgDt><ValDt><Dt>2025-05-06</Dt></ValDt><AcctSvcrRef>2025-05-06-07.30.24.995817</AcctSvcrRef><BkTxCd/><NtryDtls><TxDtls><Refs><PmtInfId>250ea36-1144135031-6451085-20250506</PmtInfId><Prtry><Tp>FI-UMSATZ-ID</Tp><Ref>2025-05-06-07.30.24.995817</Ref></Prtry></Refs><Amt Ccy="EUR">656.00</Amt><BkTxCd><Domn><Cd>PMNT</Cd><Fmly><Cd>ICDT</Cd><SubFmlyCd>ESCT</SubFmlyCd></Fmly></Domn><Prtry><Cd>NTRF+191+9301+997</Cd><Issr>DK</Issr></Prtry></BkTxCd><RltdPties><DbtrAcct><Id><Othr><Id>0004619086</Id></Othr></Id></DbtrAcct><CdtrAcct><Id><Othr><Id>0004619086</Id></Othr></Id></CdtrAcct></RltdPties><RltdAgts><DbtrAgt><FinInstnId><Nm>SPK SUEDHOLSTEIN NEUMUENSTE</Nm><Othr><Id>23051030</Id></Othr></FinInstnId></DbtrAgt><CdtrAgt><FinInstnId><Nm>SPK SUEDHOLSTEIN NEUMUENSTE</Nm><Othr><Id>23051030</Id></Othr></FinInstnId></CdtrAgt></RltdAgts><RmtInf><Ustrd>ANZAHL        6</Ustrd></RmtInf></TxDtls></NtryDtls><AddtlNtryInf>SAMMELÜBERWEISUNG</AddtlNtryInf></Ntry><Ntry><Amt Ccy="EUR">2620.61</Amt><CdtDbtInd>CRDT</CdtDbtInd><Sts><Cd>BOOK</Cd></Sts><BookgDt><Dt>2025-05-06</Dt></BookgDt><ValDt><Dt>2025-05-06</Dt></ValDt><AcctSvcrRef>2025-05-06-10.09.56.882303</AcctSvcrRef><BkTxCd/><NtryDtls><TxDtls><Refs><Prtry><Tp>FI-UMSATZ-ID</Tp><Ref>2025-05-06-10.09.56.882303</Ref></Prtry></Refs><Amt Ccy="EUR">2620.61</Amt><BkTxCd><Domn><Cd>PMNT</Cd><Fmly><Cd>RCDT</Cd><SubFmlyCd>ESCT</SubFmlyCd></Fmly></Domn><Prtry><Cd>NTRF+166+9249+000</Cd><Issr>DK</Issr></Prtry></BkTxCd><RltdPties><Dbtr><Pty><Nm>Deutsches IVF-Register e.V. kurz: D I R</Nm></Pty></Dbtr><DbtrAcct><Id><IBAN>DE95300606010008728933</IBAN></Id></DbtrAcct><Cdtr><Pty><Nm>Transact GmbH</Nm></Pty></Cdtr><CdtrAcct><Id><IBAN>DE35230510300004619086</IBAN></Id></CdtrAcct></RltdPties><RltdAgts><DbtrAgt><FinInstnId><BICFI>DAAEDEDDXXX</BICFI></FinInstnId></DbtrAgt><CdtrAgt><FinInstnId><BICFI>NOLADE21SHO</BICFI></FinInstnId></CdtrAgt></RltdAgts><RmtInf><Ustrd>RA 202500293 vom 22.04.2025, extern e Sonderauswertungen: 41. Klima und 59. Ferring</Ustrd></RmtInf></TxDtls></NtryDtls><AddtlNtryInf>GUTSCHRIFT ÜBERWEISUNG</AddtlNtryInf></Ntry><Ntry><Amt Ccy="EUR">208.04</Amt><CdtDbtInd>CRDT</CdtDbtInd><Sts><Cd>BOOK</Cd></Sts><BookgDt><Dt>2025-05-06</Dt></BookgDt><ValDt><Dt>2025-05-06</Dt></ValDt><AcctSvcrRef>2025-05-06-12.11.49.612879</AcctSvcrRef><BkTxCd/><NtryDtls><TxDtls><Refs><EndToEndId>3620036543198831</EndToEndId><Prtry><Tp>FI-UMSATZ-ID</Tp><Ref>2025-05-06-12.11.49.612879</Ref></Prtry></Refs><Amt Ccy="EUR">208.04</Amt><BkTxCd><Domn><Cd>PMNT</Cd><Fmly><Cd>RCDT</Cd><SubFmlyCd>ESCT</SubFmlyCd></Fmly></Domn><Prtry><Cd>NTRF+166+9249+000</Cd><Issr>DK</Issr></Prtry></BkTxCd><RltdPties><Dbtr><Pty><Nm>Novitas BKK</Nm></Pty></Dbtr><DbtrAcct><Id><IBAN>DE40300700100600404800</IBAN></Id></DbtrAcct><Cdtr><Pty><Nm>Nitschke, Guido</Nm></Pty></Cdtr><CdtrAcct><Id><IBAN>DE35230510300004619086</IBAN></Id></CdtrAcct></RltdPties><RltdAgts><DbtrAgt><FinInstnId><BICFI>DEUTDEDDXXX</BICFI></FinInstnId></DbtrAgt><CdtrAgt><FinInstnId><BICFI>NOLADE21SHO</BICFI></FinInstnId></CdtrAgt></RltdAgts><RmtInf><Ustrd>Erstattung nach AAG 01. bis 04.04.2025 AAG-Erstattung 208.04</Ustrd></RmtInf></TxDtls></NtryDtls><AddtlNtryInf>GUTSCHRIFT ÜBERWEISUNG</AddtlNtryInf></Ntry><Ntry><Amt Ccy="EUR">743.75</Amt><CdtDbtInd>CRDT</CdtDbtInd><Sts><Cd>BOOK</Cd></Sts><BookgDt><Dt>2025-05-06</Dt></BookgDt><ValDt><Dt>2025-05-06</Dt></ValDt><AcctSvcrRef>2025-05-06-15.17.59.474205</AcctSvcrRef><BkTxCd/><NtryDtls><TxDtls><Refs><EndToEndId>ZA00146146</EndToEndId><Prtry><Tp>FI-UMSATZ-ID</Tp><Ref>2025-05-06-15.17.59.474205</Ref></Prtry></Refs><Amt Ccy="EUR">743.75</Amt><BkTxCd><Domn><Cd>PMNT</Cd><Fmly><Cd>RCDT</Cd><SubFmlyCd>ESCT</SubFmlyCd></Fmly></Domn><Prtry><Cd>NTRF+166+9243+000</Cd><Issr>DK</Issr></Prtry></BkTxCd><RltdPties><Dbtr><Pty><Nm>Krankenhaus GmbH Landkreis Weilheim-Schongau</Nm></Pty></Dbtr><DbtrAcct><Id><IBAN>DE04703510300000005991</IBAN></Id></DbtrAcct><UltmtDbtr><Pty><Nm>KRANKENHAUS SCHONGAU</Nm></Pty></UltmtDbtr><Cdtr><Pty><Nm>TRANSACT GMBH</Nm></Pty></Cdtr><CdtrAcct><Id><IBAN>DE35230510300004619086</IBAN></Id></CdtrAcct></RltdPties><RltdAgts><DbtrAgt><FinInstnId><BICFI>BYLADEM1WHM</BICFI></FinInstnId></DbtrAgt><CdtrAgt><FinInstnId><BICFI>NOLADE21SHO</BICFI></FinInstnId></CdtrAgt></RltdAgts><RmtInf><Ustrd>RE.NR.RA202500295 KD.NR. 1028</Ustrd></RmtInf></TxDtls></NtryDtls><AddtlNtryInf>GUTSCHRIFT ÜBERWEISUNG</AddtlNtryInf></Ntry></Rpt></BkToCstmrAcctRpt></Document>