<?xml version="1.0" encoding="UTF-8"?><Document xmlns="urn:iso:std:iso:20022:tech:xsd:camt.052.001.08" xmlns:xsi="http://www.w3.org/2001/XMLSchema-instance" xsi:schemaLocation="urn:iso:std:iso:20022:tech:xsd:camt.052.001.08 camt.052.001.08.xsd"><BkToCstmrAcctRpt><GrpHdr><MsgId>camt52_20250507144454__ONLINEBA</MsgId><CreDtTm>2025-05-07T14:44:54+02:00</CreDtTm></GrpHdr><Rpt><Id>camt0528_ONLINEBA</Id><RptPgntn><PgNb>1</PgNb><LastPgInd>true</LastPgInd></RptPgntn><CreDtTm>2025-05-07T14:44:54+02:00</CreDtTm><Acct><Id><IBAN>DE35230510300004619086</IBAN></Id><Ccy>EUR</Ccy><Svcr><FinInstnId><BICFI>NOLADE21SHO</BICFI><Nm>SPARKASSE SUEDHOLSTEIN</Nm><Othr><Id>DE 134796412</Id><Issr>UmsStId</Issr></Othr></FinInstnId></Svcr></Acct><Bal><Tp><CdOrPrtry><Cd>OPBD</Cd></CdOrPrtry></Tp><Amt Ccy="EUR">161841.60</Amt><CdtDbtInd>CRDT</CdtDbtInd><Dt><Dt>2025-04-29</Dt></Dt></Bal><Bal><Tp><CdOrPrtry><Cd>CLBD</Cd></CdOrPrtry></Tp><Amt Ccy="EUR">84862.92</Amt><CdtDbtInd>CRDT</CdtDbtInd><Dt><Dt>2025-04-30</Dt></Dt></Bal><Ntry><Amt Ccy="EUR">0.25</Amt><CdtDbtInd>DBIT</CdtDbtInd><Sts><Cd>BOOK</Cd></Sts><BookgDt><Dt>2025-04-30</Dt></BookgDt><ValDt><Dt>2025-04-30</Dt></ValDt><AcctSvcrRef>2025-04-30-00.10.37.754959</AcctSvcrRef><BkTxCd/><NtryDtls><TxDtls><Refs><EndToEndId>C3653136059 OB-15213435</EndToEndId><MndtId>0115832110000001</MndtId><Prtry><Tp>FI-UMSATZ-ID</Tp><Ref>2025-04-30-00.10.37.754959</Ref></Prtry></Refs><Amt Ccy="EUR">0.25</Amt><BkTxCd><Domn><Cd>PMNT</Cd><Fmly><Cd>RDDT</Cd><SubFmlyCd>ESDD</SubFmlyCd></Fmly></Domn><Prtry><Cd>NDDT+105+9248+992</Cd><Issr>DK</Issr></Prtry></BkTxCd><RltdPties><Dbtr><Pty><Nm>TRANSACT GMBH</Nm></Pty></Dbtr><DbtrAcct><Id><IBAN>DE35230510300004619086</IBAN></Id></DbtrAcct><Cdtr><Pty><Nm>BARMER</Nm><Id><PrvtId><Othr><Id>DE91ZZZ00000008807</Id></Othr></PrvtId></Id></Pty></Cdtr><CdtrAcct><Id><IBAN>DE67300500000004000410</IBAN></Id></CdtrAcct><UltmtCdtr><Pty><Nm>Barmer Ersatzkasse</Nm></Pty></UltmtCdtr></RltdPties><RltdAgts><DbtrAgt><FinInstnId><BICFI>NOLADE21SHO</BICFI></FinInstnId></DbtrAgt><CdtrAgt><FinInstnId><BICFI>WELADEDDXXX</BICFI></FinInstnId></CdtrAgt></RltdAgts><RmtInf><Ustrd>EUR 0,25 BEITRAG 0425-0425 BNR 15213435</Ustrd></RmtInf></TxDtls></NtryDtls><AddtlNtryInf>FOLGELASTSCHRIFT</AddtlNtryInf></Ntry><Ntry><Amt Ccy="EUR">5.95</Amt><CdtDbtInd>DBIT</CdtDbtInd><Sts><Cd>BOOK</Cd></Sts><BookgDt><Dt>2025-04-30</Dt></BookgDt><ValDt><Dt>2025-04-30</Dt></ValDt><AcctSvcrRef>2025-04-30-02.04.28.972230</AcctSvcrRef><BkTxCd/><NtryDtls><TxDtls><Refs><Prtry><Tp>FI-UMSATZ-ID</Tp><Ref>2025-04-30-02.04.28.972230</Ref></Prtry></Refs><Amt Ccy="EUR">5.95</Amt><BkTxCd><Domn><Cd>ACMT</Cd><Fmly><Cd>MDOP</Cd><SubFmlyCd>CHRG</SubFmlyCd></Fmly></Domn><Prtry><Cd>NCHG+808+7080+000</Cd><Issr>DK</Issr></Prtry></BkTxCd><RltdPties><DbtrAcct><Id><Othr><Id>0004619086</Id></Othr></Id></DbtrAcct><CdtrAcct><Id><Othr><Id>0000000000</Id></Othr></Id></CdtrAcct></RltdPties><RltdAgts><DbtrAgt><FinInstnId><Nm>SPK SUEDHOLSTEIN NEUMUENSTE</Nm><Othr><Id>23051030</Id></Othr></FinInstnId></DbtrAgt><CdtrAgt><FinInstnId><Nm>SPK SUEDHOLSTEIN NEUMUENSTE</Nm><Othr><Id>23051030</Id></Othr></FinInstnId></CdtrAgt></RltdAgts><RmtInf><Ustrd>Rechnung</Ustrd><Ustrd>EBICS-Freischaltung</Ustrd><Ustrd>Dauerrechnungsnummer:</Ustrd><Ustrd>20240426-SH041-00028855265</Ustrd><Ustrd>Einzelrechnungsnummer:</Ustrd><Ustrd>20250430-SH041-00032378947</Ustrd><Ustrd>01.04.2025 - 30.04.2025</Ustrd></RmtInf></TxDtls></NtryDtls><AddtlNtryInf>RECHNUNG</AddtlNtryInf></Ntry><Ntry><Amt Ccy="EUR">5.95</Amt><CdtDbtInd>DBIT</CdtDbtInd><Sts><Cd>BOOK</Cd></Sts><BookgDt><Dt>2025-04-30</Dt></BookgDt><ValDt><Dt>2025-04-30</Dt></ValDt><AcctSvcrRef>2025-04-30-07.05.15.544197</AcctSvcrRef><BkTxCd/><NtryDtls><TxDtls><Refs><Prtry><Tp>FI-UMSATZ-ID</Tp><Ref>2025-04-30-07.05.15.544197</Ref></Prtry></Refs><Amt Ccy="EUR">5.95</Amt><BkTxCd><Domn><Cd>ACMT</Cd><Fmly><Cd>MDOP</Cd><SubFmlyCd>CHRG</SubFmlyCd></Fmly></Domn><Prtry><Cd>NCHG+808+7080+000</Cd><Issr>DK</Issr></Prtry></BkTxCd><RltdPties><DbtrAcct><Id><Othr><Id>0004619086</Id></Othr></Id></DbtrAcct><CdtrAcct><Id><Othr><Id>0000000000</Id></Othr></Id></CdtrAcct></RltdPties><RltdAgts><DbtrAgt><FinInstnId><Nm>SPK SUEDHOLSTEIN NEUMUENSTE</Nm><Othr><Id>23051030</Id></Othr></FinInstnId></DbtrAgt><CdtrAgt><FinInstnId><Nm>SPK SUEDHOLSTEIN NEUMUENSTE</Nm><Othr><Id>23051030</Id></Othr></FinInstnId></CdtrAgt></RltdAgts><RmtInf><Ustrd>Rechnung</Ustrd><Ustrd>Firmenkundenportal</Ustrd><Ustrd>20250430-SH041-00032384336</Ustrd><Ustrd>siehe Anlage</Ustrd><Ustrd>Rechnung</Ustrd><Ustrd>Information zur Rechnung</Ustrd><Ustrd>Rechnungsdatum:  30.04.2025</Ustrd><Ustrd>Rechnungsnummer: 20250430-SH041-00032384336</Ustrd><Ustrd>Firmenkundenportal</Ustrd><Ustrd>     1x Entgelt                                          5,00 EUR</Ustrd><Ustrd>     Zugang Firmenkundenportal</Ustrd><Ustrd>     vom 30.04.2025</Ustrd><Ustrd>Bemessungsgrundlage Umsatzsteuer                                   5,00 EUR</Ustrd><Ustrd>Umsatzsteuer 19%                                                   0,95 EUR</Ustrd><Ustrd>Rechnungsbetrag                                                    5,95 EUR</Ustrd></RmtInf></TxDtls></NtryDtls><AddtlNtryInf>RECHNUNG</AddtlNtryInf></Ntry><Ntry><Amt Ccy="EUR">419.00</Amt><CdtDbtInd>CRDT</CdtDbtInd><Sts><Cd>BOOK</Cd></Sts><BookgDt><Dt>2025-04-30</Dt></BookgDt><ValDt><Dt>2025-04-30</Dt></ValDt><AcctSvcrRef>2025-04-30-12.04.48.368749</AcctSvcrRef><BkTxCd/><NtryDtls><TxDtls><Refs><EndToEndId>3620020012530564</EndToEndId><Prtry><Tp>FI-UMSATZ-ID</Tp><Ref>2025-04-30-12.04.48.368749</Ref></Prtry></Refs><Amt Ccy="EUR">419.00</Amt><BkTxCd><Domn><Cd>PMNT</Cd><Fmly><Cd>RCDT</Cd><SubFmlyCd>ESCT</SubFmlyCd></Fmly></Domn><Prtry><Cd>NTRF+166+9249+000</Cd><Issr>DK</Issr></Prtry></BkTxCd><RltdPties><Dbtr><Pty><Nm>IKK Sudwest</Nm></Pty></Dbtr><DbtrAcct><Id><IBAN>DE25590700000073020000</IBAN></Id></DbtrAcct><Cdtr><Pty><Nm>Transact GmbH</Nm></Pty></Cdtr><CdtrAcct><Id><IBAN>DE35230510300004619086</IBAN></Id></CdtrAcct></RltdPties><RltdAgts><DbtrAgt><FinInstnId><BICFI>DEUTDE5M555</BICFI></FinInstnId></DbtrAgt><CdtrAgt><FinInstnId><BICFI>NOLADE21SHO</BICFI></FinInstnId></CdtrAgt></RltdAgts><RmtInf><Ustrd>Erstattung nach AAG 15. bis 17.04.2025 419.00</Ustrd></RmtInf></TxDtls></NtryDtls><AddtlNtryInf>GUTSCHRIFT ÜBERWEISUNG</AddtlNtryInf></Ntry><Ntry><Amt Ccy="EUR">2409.75</Amt><CdtDbtInd>CRDT</CdtDbtInd><Sts><Cd>BOOK</Cd></Sts><BookgDt><Dt>2025-04-30</Dt></BookgDt><ValDt><Dt>2025-04-30</Dt></ValDt><AcctSvcrRef>2025-04-30-13.09.15.777429</AcctSvcrRef><BkTxCd/><NtryDtls><TxDtls><Refs><EndToEndId>19000039212025DE20</EndToEndId><Prtry><Tp>FI-UMSATZ-ID</Tp><Ref>2025-04-30-13.09.15.777429</Ref></Prtry></Refs><Amt Ccy="EUR">2409.75</Amt><BkTxCd><Domn><Cd>PMNT</Cd><Fmly><Cd>RCDT</Cd><SubFmlyCd>ESCT</SubFmlyCd></Fmly></Domn><Prtry><Cd>NTRF+166+9249+000</Cd><Issr>DK</Issr></Prtry></BkTxCd><RltdPties><Dbtr><Pty><Nm>AXA Konzern Aktiengesellschaft</Nm></Pty></Dbtr><DbtrAcct><Id><IBAN>DE55370700600105447700</IBAN></Id></DbtrAcct><Cdtr><Pty><Nm>Transact                                                              Kleine Reichenstrasse 1</Nm></Pty></Cdtr><CdtrAcct><Id><IBAN>DE35230510300004619086</IBAN></Id></CdtrAcct></RltdPties><RltdAgts><DbtrAgt><FinInstnId><BICFI>DEUTDEDKXXX</BICFI></FinInstnId></DbtrAgt><CdtrAgt><FinInstnId><BICFI>NOLADE21SHO</BICFI></FinInstnId></CdtrAgt></RltdAgts><RmtInf><Ustrd>RA202500248</Ustrd></RmtInf></TxDtls></NtryDtls><AddtlNtryInf>GUTSCHRIFT ÜBERWEISUNG</AddtlNtryInf></Ntry><Ntry><Amt Ccy="EUR">36810.16</Amt><CdtDbtInd>DBIT</CdtDbtInd><Sts><Cd>BOOK</Cd></Sts><BookgDt><Dt>2025-04-30</Dt></BookgDt><ValDt><Dt>2025-04-30</Dt></ValDt><AcctSvcrRef>2025-04-30-13.59.28.112096</AcctSvcrRef><BkTxCd/><NtryDtls><TxDtls><Refs><PmtInfId>8811fc7-650730375-13412936-20250430</PmtInfId><Prtry><Tp>FI-UMSATZ-ID</Tp><Ref>2025-04-30-13.59.28.112096</Ref></Prtry></Refs><Amt Ccy="EUR">36810.16</Amt><BkTxCd><Domn><Cd>PMNT</Cd><Fmly><Cd>ICDT</Cd><SubFmlyCd>ESCT</SubFmlyCd></Fmly></Domn><Prtry><Cd>NTRF+191+9301+997</Cd><Issr>DK</Issr></Prtry></BkTxCd><RltdPties><Dbtr><Pty><Nm>Transact-Gesellschaft für Software &amp; Analyse GmbH</Nm></Pty></Dbtr><DbtrAcct><Id><IBAN>DE35230510300004619086</IBAN></Id></DbtrAcct><UltmtDbtr><Pty><Nm>FIRMA TRANSACT-GESELLSCHAFT</Nm></Pty></UltmtDbtr><CdtrAcct><Id><Othr><Id>0000000000</Id></Othr></Id></CdtrAcct></RltdPties><RltdAgts><DbtrAgt><FinInstnId><BICFI>NOLADE21SHO</BICFI></FinInstnId></DbtrAgt><CdtrAgt><FinInstnId><Othr><Id>00000000</Id></Othr></FinInstnId></CdtrAgt></RltdAgts><RmtInf><Ustrd>ANZAHL        1</Ustrd></RmtInf></TxDtls></NtryDtls><AddtlNtryInf>SAMMELÜBERWEISUNG</AddtlNtryInf></Ntry><Ntry><Amt Ccy="EUR">48780.82</Amt><CdtDbtInd>DBIT</CdtDbtInd><Sts><Cd>BOOK</Cd></Sts><BookgDt><Dt>2025-04-30</Dt></BookgDt><ValDt><Dt>2025-04-30</Dt></ValDt><AcctSvcrRef>2025-04-30-13.59.28.129291</AcctSvcrRef><BkTxCd/><NtryDtls><TxDtls><Refs><PmtInfId>c27ceb2-650640734-13395972-20250430</PmtInfId><Prtry><Tp>FI-UMSATZ-ID</Tp><Ref>2025-04-30-13.59.28.129291</Ref></Prtry></Refs><Amt Ccy="EUR">48780.82</Amt><BkTxCd><Domn><Cd>PMNT</Cd><Fmly><Cd>ICDT</Cd><SubFmlyCd>ESCT</SubFmlyCd></Fmly></Domn><Prtry><Cd>NTRF+191+9301+997</Cd><Issr>DK</Issr></Prtry></BkTxCd><RltdPties><Dbtr><Pty><Nm>Transact-Gesellschaft für Software &amp; Analyse GmbH</Nm></Pty></Dbtr><DbtrAcct><Id><IBAN>DE35230510300004619086</IBAN></Id></DbtrAcct><UltmtDbtr><Pty><Nm>FIRMA TRANSACT-GESELLSCHAFT</Nm></Pty></UltmtDbtr><CdtrAcct><Id><Othr><Id>0000000000</Id></Othr></Id></CdtrAcct></RltdPties><RltdAgts><DbtrAgt><FinInstnId><BICFI>NOLADE21SHO</BICFI></FinInstnId></DbtrAgt><CdtrAgt><FinInstnId><Othr><Id>00000000</Id></Othr></FinInstnId></CdtrAgt></RltdAgts><RmtInf><Ustrd>ANZAHL        1</Ustrd></RmtInf></TxDtls></NtryDtls><AddtlNtryInf>SAMMELÜBERWEISUNG</AddtlNtryInf></Ntry><Ntry><Amt Ccy="EUR">440.59</Amt><CdtDbtInd>CRDT</CdtDbtInd><Sts><Cd>BOOK</Cd></Sts><BookgDt><Dt>2025-04-30</Dt></BookgDt><ValDt><Dt>2025-04-30</Dt></ValDt><AcctSvcrRef>2025-04-30-17.10.31.258669</AcctSvcrRef><BkTxCd/><NtryDtls><TxDtls><Refs><EndToEndId>2000003359</EndToEndId><Prtry><Tp>FI-UMSATZ-ID</Tp><Ref>2025-04-30-17.10.31.258669</Ref></Prtry></Refs><Amt Ccy="EUR">440.59</Amt><BkTxCd><Domn><Cd>PMNT</Cd><Fmly><Cd>RCDT</Cd><SubFmlyCd>ESCT</SubFmlyCd></Fmly></Domn><Prtry><Cd>NTRF+166+9223+000</Cd><Issr>DK</Issr></Prtry></BkTxCd><RltdPties><Dbtr><Pty><Nm>Stadt Frankenthal/Pfalz                                               67227 Frankenthal</Nm></Pty></Dbtr><DbtrAcct><Id><IBAN>DE48546512400240320929</IBAN></Id></DbtrAcct><UltmtDbtr><Pty><Nm>Stadtklinik Frankenthal</Nm></Pty></UltmtDbtr><Cdtr><Pty><Nm>Transact GmbH                                                         Kleine Reichenstrasse 1</Nm></Pty></Cdtr><CdtrAcct><Id><IBAN>DE35230510300004619086</IBAN></Id></CdtrAcct></RltdPties><RltdAgts><DbtrAgt><FinInstnId><BICFI>MALADE51DKH</BICFI></FinInstnId></DbtrAgt><CdtrAgt><FinInstnId><BICFI>NOLADE21SHO</BICFI></FinInstnId></CdtrAgt></RltdAgts><RmtInf><Ustrd>Kd. /Rg. Nr. RA 202500271/Rg. Datum 11.4.2025/</Ustrd></RmtInf></TxDtls></NtryDtls><AddtlNtryInf>GUTSCHRIFT ÜBERWEISUNG</AddtlNtryInf></Ntry><Ntry><Amt Ccy="EUR">350.97</Amt><CdtDbtInd>CRDT</CdtDbtInd><Sts><Cd>BOOK</Cd></Sts><BookgDt><Dt>2025-04-30</Dt></BookgDt><ValDt><Dt>2025-04-30</Dt></ValDt><AcctSvcrRef>2025-04-30-17.10.52.997038</AcctSvcrRef><BkTxCd/><NtryDtls><TxDtls><Refs><EndToEndId>OLPAYMENTTAN.710.1548545</EndToEndId><Prtry><Tp>FI-UMSATZ-ID</Tp><Ref>2025-04-30-17.10.52.997038</Ref></Prtry></Refs><Amt Ccy="EUR">350.97</Amt><BkTxCd><Domn><Cd>PMNT</Cd><Fmly><Cd>RCDT</Cd><SubFmlyCd>ESCT</SubFmlyCd></Fmly></Domn><Prtry><Cd>NTRF+166+9243+000</Cd><Issr>DK</Issr></Prtry></BkTxCd><RltdPties><Dbtr><Pty><Nm>medatixx GmbH + Co. KG</Nm></Pty></Dbtr><DbtrAcct><Id><IBAN>DE08770500000300710209</IBAN></Id></DbtrAcct><Cdtr><Pty><Nm>Transact GmbH</Nm></Pty></Cdtr><CdtrAcct><Id><IBAN>DE35230510300004619086</IBAN></Id></CdtrAcct></RltdPties><RltdAgts><DbtrAgt><FinInstnId><BICFI>BYLADEM1SKB</BICFI></FinInstnId></DbtrAgt><CdtrAgt><FinInstnId><BICFI>NOLADE21SHO</BICFI></FinInstnId></CdtrAgt></RltdAgts><RmtInf><Ustrd>KdNr. 459,RG RA 202500259      350,97</Ustrd></RmtInf></TxDtls></NtryDtls><AddtlNtryInf>GUTSCHRIFT ÜBERWEISUNG</AddtlNtryInf></Ntry><Ntry><Amt Ccy="EUR">5004.14</Amt><CdtDbtInd>CRDT</CdtDbtInd><Sts><Cd>BOOK</Cd></Sts><BookgDt><Dt>2025-04-30</Dt></BookgDt><ValDt><Dt>2025-04-30</Dt></ValDt><AcctSvcrRef>2025-04-30-17.10.52.998729</AcctSvcrRef><BkTxCd/><NtryDtls><TxDtls><Refs><EndToEndId>18</EndToEndId><Prtry><Tp>FI-UMSATZ-ID</Tp><Ref>2025-04-30-17.10.52.998729</Ref></Prtry></Refs><Amt Ccy="EUR">5004.14</Amt><BkTxCd><Domn><Cd>PMNT</Cd><Fmly><Cd>RCDT</Cd><SubFmlyCd>ESCT</SubFmlyCd></Fmly></Domn><Prtry><Cd>NTRF+166+9243+000</Cd><Issr>DK</Issr></Prtry></BkTxCd><RltdPties><Dbtr><Pty><Nm>Klinikverbund Allgaeu gGmbH                                           Im Stillen 2</Nm></Pty></Dbtr><DbtrAcct><Id><IBAN>DE25733500000310000385</IBAN></Id></DbtrAcct><Cdtr><Pty><Nm>Transact GmbH</Nm></Pty></Cdtr><CdtrAcct><Id><IBAN>DE35230510300004619086</IBAN></Id></CdtrAcct></RltdPties><RltdAgts><DbtrAgt><FinInstnId><BICFI>BYLADEM1ALG</BICFI></FinInstnId></DbtrAgt><CdtrAgt><FinInstnId><BICFI>NOLADE21SHO</BICFI></FinInstnId></CdtrAgt></RltdAgts><RmtInf><Ustrd>16.04.2025 1754.83 RA202500285 16.04.2025 3249.31 RA202500287</Ustrd></RmtInf></TxDtls></NtryDtls><AddtlNtryInf>GUTSCHRIFT ÜBERWEISUNG</AddtlNtryInf></Ntry></Rpt></BkToCstmrAcctRpt></Document>