<?xml version="1.0" encoding="UTF-8"?><Document xmlns="urn:iso:std:iso:20022:tech:xsd:camt.052.001.08" xmlns:xsi="http://www.w3.org/2001/XMLSchema-instance" xsi:schemaLocation="urn:iso:std:iso:20022:tech:xsd:camt.052.001.08 camt.052.001.08.xsd"><BkToCstmrAcctRpt><GrpHdr><MsgId>camt52_20250507144454__ONLINEBA</MsgId><CreDtTm>2025-05-07T14:44:54+02:00</CreDtTm></GrpHdr><Rpt><Id>camt0528_ONLINEBA</Id><RptPgntn><PgNb>1</PgNb><LastPgInd>true</LastPgInd></RptPgntn><CreDtTm>2025-05-07T14:44:54+02:00</CreDtTm><Acct><Id><IBAN>DE35230510300004619086</IBAN></Id><Ccy>EUR</Ccy><Svcr><FinInstnId><BICFI>NOLADE21SHO</BICFI><Nm>SPARKASSE SUEDHOLSTEIN</Nm><Othr><Id>DE 134796412</Id><Issr>UmsStId</Issr></Othr></FinInstnId></Svcr></Acct><Bal><Tp><CdOrPrtry><Cd>OPBD</Cd></CdOrPrtry></Tp><Amt Ccy="EUR">92346.75</Amt><CdtDbtInd>CRDT</CdtDbtInd><Dt><Dt>2025-05-06</Dt></Dt></Bal><Bal><Tp><CdOrPrtry><Cd>CLBD</Cd></CdOrPrtry></Tp><Amt Ccy="EUR">98708.12</Amt><CdtDbtInd>CRDT</CdtDbtInd><Dt><Dt>2025-05-07</Dt></Dt></Bal><Ntry><Amt Ccy="EUR">910.13</Amt><CdtDbtInd>DBIT</CdtDbtInd><Sts><Cd>BOOK</Cd></Sts><BookgDt><Dt>2025-05-07</Dt></BookgDt><ValDt><Dt>2025-05-07</Dt></ValDt><AcctSvcrRef>2025-05-07-00.05.27.850820</AcctSvcrRef><BkTxCd/><NtryDtls><TxDtls><Refs><EndToEndId>LED006006985830</EndToEndId><MndtId>000003778071</MndtId><Prtry><Tp>FI-UMSATZ-ID</Tp><Ref>2025-05-07-00.05.27.850820</Ref></Prtry></Refs><Amt Ccy="EUR">910.13</Amt><BkTxCd><Domn><Cd>PMNT</Cd><Fmly><Cd>RDDT</Cd><SubFmlyCd>ESDD</SubFmlyCd></Fmly></Domn><Prtry><Cd>NDDT+105+9262+992</Cd><Issr>DK</Issr></Prtry></BkTxCd><RltdPties><Dbtr><Pty><Nm>Transact - Gesellschaft fuer Software Analyse mbH                     Lagerstr. 17</Nm></Pty></Dbtr><DbtrAcct><Id><IBAN>DE35230510300004619086</IBAN></Id></DbtrAcct><Cdtr><Pty><Nm>VW Leasing GmbH                                                       Gifhorner Strasse 57</Nm><Id><PrvtId><Othr><Id>DE42LEA00000072739</Id></Othr></PrvtId></Id></Pty></Cdtr><CdtrAcct><Id><IBAN>DE09270200008100000002</IBAN></Id></CdtrAcct></RltdPties><RltdAgts><DbtrAgt><FinInstnId><BICFI>NOLADE21SHO</BICFI></FinInstnId></DbtrAgt><CdtrAgt><FinInstnId><BICFI>VOWADE2BXXX</BICFI></FinInstnId></CdtrAgt></RltdAgts><RmtInf><Ustrd>01.05.2025 RATE05/25 RE10243947520 4460955893 V HH-TA2044 737,55 DL-ST.FR.32,45 19VH UST 140,13AUF737,55 UST-IDNR.DE811115317</Ustrd></RmtInf></TxDtls></NtryDtls><AddtlNtryInf>FOLGELASTSCHRIFT</AddtlNtryInf></Ntry><Ntry><Amt Ccy="EUR">415.92</Amt><CdtDbtInd>DBIT</CdtDbtInd><Sts><Cd>BOOK</Cd></Sts><BookgDt><Dt>2025-05-07</Dt></BookgDt><ValDt><Dt>2025-05-07</Dt></ValDt><AcctSvcrRef>2025-05-07-00.06.36.054653</AcctSvcrRef><BkTxCd/><NtryDtls><TxDtls><Refs><EndToEndId>PAY00411</EndToEndId><MndtId>63051515520912032025</MndtId><Prtry><Tp>FI-UMSATZ-ID</Tp><Ref>2025-05-07-00.06.36.054653</Ref></Prtry></Refs><Amt Ccy="EUR">415.92</Amt><BkTxCd><Domn><Cd>PMNT</Cd><Fmly><Cd>RDDT</Cd><SubFmlyCd>ESDD</SubFmlyCd></Fmly></Domn><Prtry><Cd>NDDT+105+9208+992</Cd><Issr>DK</Issr></Prtry></BkTxCd><RltdPties><Dbtr><Pty><Nm>Transact - Gesellschaft fur Software &amp; Analyse mbH</Nm></Pty></Dbtr><DbtrAcct><Id><IBAN>DE35230510300004619086</IBAN></Id></DbtrAcct><Cdtr><Pty><Nm>NETZLABORANTEN GMBH</Nm><Id><PrvtId><Othr><Id>DE80ZZZ00001436748</Id></Othr></PrvtId></Id></Pty></Cdtr><CdtrAcct><Id><IBAN>DE59513500250205039995</IBAN></Id></CdtrAcct></RltdPties><RltdAgts><DbtrAgt><FinInstnId><BICFI>NOLADE21SHO</BICFI></FinInstnId></DbtrAgt><CdtrAgt><FinInstnId><BICFI>SKGIDE5FXXX</BICFI></FinInstnId></CdtrAgt></RltdAgts><RmtInf><Ustrd>RE/2025/02083</Ustrd></RmtInf></TxDtls></NtryDtls><AddtlNtryInf>FOLGELASTSCHRIFT</AddtlNtryInf></Ntry><Ntry><Amt Ccy="EUR">110.20</Amt><CdtDbtInd>DBIT</CdtDbtInd><Sts><Cd>BOOK</Cd></Sts><BookgDt><Dt>2025-05-07</Dt></BookgDt><ValDt><Dt>2025-05-07</Dt></ValDt><AcctSvcrRef>2025-05-07-00.08.24.350653</AcctSvcrRef><BkTxCd/><NtryDtls><TxDtls><Refs><EndToEndId>ZAA0160308963</EndToEndId><MndtId>1060622505</MndtId><Prtry><Tp>FI-UMSATZ-ID</Tp><Ref>2025-05-07-00.08.24.350653</Ref></Prtry></Refs><Amt Ccy="EUR">110.20</Amt><BkTxCd><Domn><Cd>PMNT</Cd><Fmly><Cd>RDDT</Cd><SubFmlyCd>ESDD</SubFmlyCd></Fmly></Domn><Prtry><Cd>NDDT+105+9248+992</Cd><Issr>DK</Issr></Prtry></BkTxCd><RltdPties><Dbtr><Pty><Nm>TRANSACT-GESELLSCHAFT, FUER SOFT</Nm></Pty></Dbtr><DbtrAcct><Id><IBAN>DE35230510300004619086</IBAN></Id></DbtrAcct><Cdtr><Pty><Nm>LOGPAY FINANCIAL SERVICES GMBH                                        Schwalbacher Str. 72</Nm><Id><PrvtId><Othr><Id>DE90LPY00000046849</Id></Othr></PrvtId></Id></Pty></Cdtr><CdtrAcct><Id><IBAN>DE75500400000586784100</IBAN></Id></CdtrAcct></RltdPties><RltdAgts><DbtrAgt><FinInstnId><BICFI>NOLADE21SHO</BICFI></FinInstnId></DbtrAgt><CdtrAgt><FinInstnId><BICFI>COBADEFF</BICFI></FinInstnId></CdtrAgt></RltdAgts><RmtInf><Ustrd>-ABO S-Bahn Hamburg</Ustrd></RmtInf></TxDtls></NtryDtls><AddtlNtryInf>FOLGELASTSCHRIFT</AddtlNtryInf></Ntry><Ntry><Amt Ccy="EUR">2245.39</Amt><CdtDbtInd>CRDT</CdtDbtInd><Sts><Cd>BOOK</Cd></Sts><BookgDt><Dt>2025-05-07</Dt></BookgDt><ValDt><Dt>2025-05-07</Dt></ValDt><AcctSvcrRef>2025-05-07-08.02.54.819498</AcctSvcrRef><BkTxCd/><NtryDtls><TxDtls><Refs><EndToEndId>REHAVITAL GESUNDHEITSS. GMBH-12353-</EndToEndId><Prtry><Tp>FI-UMSATZ-ID</Tp><Ref>2025-05-07-08.02.54.819498</Ref></Prtry></Refs><Amt Ccy="EUR">2245.39</Amt><BkTxCd><Domn><Cd>PMNT</Cd><Fmly><Cd>RCDT</Cd><SubFmlyCd>ESCT</SubFmlyCd></Fmly></Domn><Prtry><Cd>NTRF+166+9249+000</Cd><Issr>DK</Issr></Prtry></BkTxCd><RltdPties><Dbtr><Pty><Nm>REHAVITAL GESUNDHEITSSERVIC</Nm></Pty></Dbtr><DbtrAcct><Id><IBAN>DE15200400000402223200</IBAN></Id></DbtrAcct><Cdtr><Pty><Nm>TRANSACT - GESELLSCHAFT FUER</Nm></Pty></Cdtr><CdtrAcct><Id><IBAN>DE35230510300004619086</IBAN></Id></CdtrAcct></RltdPties><RltdAgts><DbtrAgt><FinInstnId><BICFI>COBADEFFXXX</BICFI></FinInstnId></DbtrAgt><CdtrAgt><FinInstnId><BICFI>NOLADE21SHO</BICFI></FinInstnId></CdtrAgt></RltdAgts><RmtInf><Ustrd>RE RA 202500277 V. 11.04.25 EUR 2245,39</Ustrd></RmtInf></TxDtls></NtryDtls><AddtlNtryInf>GUTSCHRIFT ÜBERWEISUNG</AddtlNtryInf></Ntry><Ntry><Amt Ccy="EUR">374.23</Amt><CdtDbtInd>CRDT</CdtDbtInd><Sts><Cd>BOOK</Cd></Sts><BookgDt><Dt>2025-05-07</Dt></BookgDt><ValDt><Dt>2025-05-07</Dt></ValDt><AcctSvcrRef>2025-05-07-10.07.01.032597</AcctSvcrRef><BkTxCd/><NtryDtls><TxDtls><Refs><Prtry><Tp>FI-UMSATZ-ID</Tp><Ref>2025-05-07-10.07.01.032597</Ref></Prtry></Refs><Amt Ccy="EUR">374.23</Amt><BkTxCd><Domn><Cd>PMNT</Cd><Fmly><Cd>RCDT</Cd><SubFmlyCd>ESCT</SubFmlyCd></Fmly></Domn><Prtry><Cd>NTRF+166+9249+000</Cd><Issr>DK</Issr></Prtry></BkTxCd><RltdPties><Dbtr><Pty><Nm>AGAPLESION DIAKONIEKLINIKUM HAMB URG gemeinnutzige gGmbH</Nm></Pty></Dbtr><DbtrAcct><Id><IBAN>DE28370205000004608001</IBAN></Id></DbtrAcct><Cdtr><Pty><Nm>TRANSACT GES. F. SOFTWARE + ANALYSE MBH</Nm></Pty></Cdtr><CdtrAcct><Id><IBAN>DE35230510300004619086</IBAN></Id></CdtrAcct></RltdPties><RltdAgts><DbtrAgt><FinInstnId><BICFI>BFSWDE33XXX</BICFI></FinInstnId></DbtrAgt><CdtrAgt><FinInstnId><BICFI>NOLADE21SHO</BICFI></FinInstnId></CdtrAgt></RltdAgts><RmtInf><Ustrd>202500296 374,23</Ustrd></RmtInf></TxDtls></NtryDtls><AddtlNtryInf>GUTSCHRIFT ÜBERWEISUNG</AddtlNtryInf></Ntry><Ntry><Amt Ccy="EUR">5178.00</Amt><CdtDbtInd>CRDT</CdtDbtInd><Sts><Cd>BOOK</Cd></Sts><BookgDt><Dt>2025-05-07</Dt></BookgDt><ValDt><Dt>2025-05-07</Dt></ValDt><AcctSvcrRef>2025-05-07-12.08.40.666070</AcctSvcrRef><BkTxCd/><NtryDtls><TxDtls><Refs><EndToEndId>ZA00192095</EndToEndId><Prtry><Tp>FI-UMSATZ-ID</Tp><Ref>2025-05-07-12.08.40.666070</Ref></Prtry></Refs><Amt Ccy="EUR">5178.00</Amt><BkTxCd><Domn><Cd>PMNT</Cd><Fmly><Cd>RCDT</Cd><SubFmlyCd>ESCT</SubFmlyCd></Fmly></Domn><Prtry><Cd>NTRF+166+9249+000</Cd><Issr>DK</Issr></Prtry></BkTxCd><RltdPties><Dbtr><Pty><Nm>BG Kliniken Ludwigshafen und Tubingen gGmbH</Nm></Pty></Dbtr><DbtrAcct><Id><IBAN>DE25603913100566555042</IBAN></Id></DbtrAcct><Cdtr><Pty><Nm>TRANSACT GMBH</Nm></Pty></Cdtr><CdtrAcct><Id><IBAN>DE35230510300004619086</IBAN></Id></CdtrAcct></RltdPties><RltdAgts><DbtrAgt><FinInstnId><BICFI>GENODES1VBH</BICFI></FinInstnId></DbtrAgt><CdtrAgt><FinInstnId><BICFI>NOLADE21SHO</BICFI></FinInstnId></CdtrAgt></RltdAgts><RmtInf><Ustrd>RE.NR.RA202500299 RE.NR.RA202500300 KD.NR. 1132 KD.NR. 1132</Ustrd></RmtInf></TxDtls></NtryDtls><AddtlNtryInf>GUTSCHRIFT ÜBERWEISUNG</AddtlNtryInf></Ntry></Rpt></BkToCstmrAcctRpt></Document>