<?xml version="1.0" encoding="UTF-8"?><Document xmlns="urn:iso:std:iso:20022:tech:xsd:camt.052.001.08" xmlns:xsi="http://www.w3.org/2001/XMLSchema-instance" xsi:schemaLocation="urn:iso:std:iso:20022:tech:xsd:camt.052.001.08 camt.052.001.08.xsd"><BkToCstmrAcctRpt><GrpHdr><MsgId>camt52_20250507144454__ONLINEBA</MsgId><CreDtTm>2025-05-07T14:44:54+02:00</CreDtTm></GrpHdr><Rpt><Id>camt0528_ONLINEBA</Id><RptPgntn><PgNb>1</PgNb><LastPgInd>true</LastPgInd></RptPgntn><CreDtTm>2025-05-07T14:44:54+02:00</CreDtTm><Acct><Id><IBAN>DE35230510300004619086</IBAN></Id><Ccy>EUR</Ccy><Svcr><FinInstnId><BICFI>NOLADE21SHO</BICFI><Nm>SPARKASSE SUEDHOLSTEIN</Nm><Othr><Id>DE 134796412</Id><Issr>UmsStId</Issr></Othr></FinInstnId></Svcr></Acct><Bal><Tp><CdOrPrtry><Cd>OPBD</Cd></CdOrPrtry></Tp><Amt Ccy="EUR">139489.78</Amt><CdtDbtInd>CRDT</CdtDbtInd><Dt><Dt>2025-04-28</Dt></Dt></Bal><Bal><Tp><CdOrPrtry><Cd>CLBD</Cd></CdOrPrtry></Tp><Amt Ccy="EUR">161841.60</Amt><CdtDbtInd>CRDT</CdtDbtInd><Dt><Dt>2025-04-29</Dt></Dt></Bal><Ntry><Amt Ccy="EUR">14196.47</Amt><CdtDbtInd>CRDT</CdtDbtInd><Sts><Cd>BOOK</Cd></Sts><BookgDt><Dt>2025-04-29</Dt></BookgDt><ValDt><Dt>2025-04-29</Dt></ValDt><AcctSvcrRef>2025-04-29-07.57.19.284902</AcctSvcrRef><BkTxCd/><NtryDtls><TxDtls><Refs><EndToEndId>0032520429</EndToEndId><Prtry><Tp>FI-UMSATZ-ID</Tp><Ref>2025-04-29-07.57.19.284902</Ref></Prtry></Refs><Amt Ccy="EUR">14196.47</Amt><BkTxCd><Domn><Cd>PMNT</Cd><Fmly><Cd>RCDT</Cd><SubFmlyCd>ESCT</SubFmlyCd></Fmly></Domn><Prtry><Cd>NTRF+166+9249+000</Cd><Issr>DK</Issr></Prtry></BkTxCd><RltdPties><Dbtr><Pty><Nm>Uniklinik Magdeburg A.oe.R                                            Magdeburg</Nm></Pty></Dbtr><DbtrAcct><Id><IBAN>DE31810400000251103800</IBAN></Id></DbtrAcct><Cdtr><Pty><Nm>Transact GmbH                                                         Kleine Reichenstr. 1</Nm></Pty></Cdtr><CdtrAcct><Id><IBAN>DE35230510300004619086</IBAN></Id></CdtrAcct></RltdPties><RltdAgts><DbtrAgt><FinInstnId><BICFI>COBADEFFXXX</BICFI></FinInstnId></DbtrAgt><CdtrAgt><FinInstnId><BICFI>NOLADE21SHO</BICFI></FinInstnId></CdtrAgt></RltdAgts><RmtInf><Ustrd>/R/202500256/2148,18/R/202500267/8891,49/R/202500269/1373,11/R/202500270/1783,69</Ustrd></RmtInf></TxDtls></NtryDtls><AddtlNtryInf>GUTSCHRIFT ÜBERWEISUNG</AddtlNtryInf></Ntry><Ntry><Amt Ccy="EUR">1.28</Amt><CdtDbtInd>CRDT</CdtDbtInd><Sts><Cd>BOOK</Cd></Sts><BookgDt><Dt>2025-04-29</Dt></BookgDt><ValDt><Dt>2025-04-29</Dt></ValDt><AcctSvcrRef>2025-04-29-09.14.08.080626</AcctSvcrRef><BkTxCd/><NtryDtls><TxDtls><Refs><EndToEndId>720001449794 OB-15213435</EndToEndId><Prtry><Tp>FI-UMSATZ-ID</Tp><Ref>2025-04-29-09.14.08.080626</Ref></Prtry></Refs><Amt Ccy="EUR">1.28</Amt><BkTxCd><Domn><Cd>PMNT</Cd><Fmly><Cd>RCDT</Cd><SubFmlyCd>ESCT</SubFmlyCd></Fmly></Domn><Prtry><Cd>NTRF+166+9249+000</Cd><Issr>DK</Issr></Prtry></BkTxCd><RltdPties><Dbtr><Pty><Nm>Mobil Krankenkasse</Nm></Pty></Dbtr><DbtrAcct><Id><IBAN>DE21200400000638715300</IBAN></Id></DbtrAcct><Cdtr><Pty><Nm>TRANSACT-GESELLSCHAFT FUER</Nm></Pty></Cdtr><CdtrAcct><Id><IBAN>DE35230510300004619086</IBAN></Id></CdtrAcct></RltdPties><RltdAgts><DbtrAgt><FinInstnId><BICFI>COBADEHHXXX</BICFI></FinInstnId></DbtrAgt><CdtrAgt><FinInstnId><BICFI>NOLADE21SHO</BICFI></FinInstnId></CdtrAgt></RltdAgts><RmtInf><Ustrd>720001449794 OB-15213435 EUR 1,28- ERSTATTUNG DIFFERENZBETRAG ZUR SCHAETZUNG 04.2025</Ustrd></RmtInf></TxDtls></NtryDtls><AddtlNtryInf>GUTSCHRIFT ÜBERWEISUNG</AddtlNtryInf></Ntry><Ntry><Amt Ccy="EUR">50.33</Amt><CdtDbtInd>CRDT</CdtDbtInd><Sts><Cd>BOOK</Cd></Sts><BookgDt><Dt>2025-04-29</Dt></BookgDt><ValDt><Dt>2025-04-29</Dt></ValDt><AcctSvcrRef>2025-04-29-12.17.23.216930</AcctSvcrRef><BkTxCd/><NtryDtls><TxDtls><Refs><EndToEndId>3620036500170815</EndToEndId><Prtry><Tp>FI-UMSATZ-ID</Tp><Ref>2025-04-29-12.17.23.216930</Ref></Prtry></Refs><Amt Ccy="EUR">50.33</Amt><BkTxCd><Domn><Cd>PMNT</Cd><Fmly><Cd>RCDT</Cd><SubFmlyCd>ESCT</SubFmlyCd></Fmly></Domn><Prtry><Cd>NTRF+166+9249+000</Cd><Issr>DK</Issr></Prtry></BkTxCd><RltdPties><Dbtr><Pty><Nm>Novitas BKK</Nm></Pty></Dbtr><DbtrAcct><Id><IBAN>DE40300700100600404800</IBAN></Id></DbtrAcct><Cdtr><Pty><Nm>Nitschke, Guido</Nm></Pty></Cdtr><CdtrAcct><Id><IBAN>DE35230510300004619086</IBAN></Id></CdtrAcct></RltdPties><RltdAgts><DbtrAgt><FinInstnId><BICFI>DEUTDEDDXXX</BICFI></FinInstnId></DbtrAgt><CdtrAgt><FinInstnId><BICFI>NOLADE21SHO</BICFI></FinInstnId></CdtrAgt></RltdAgts><RmtInf><Ustrd>Erstattung nach AAG 31. bis 31.03.2025 AAG-Erstattung 50.33</Ustrd></RmtInf></TxDtls></NtryDtls><AddtlNtryInf>GUTSCHRIFT ÜBERWEISUNG</AddtlNtryInf></Ntry><Ntry><Amt Ccy="EUR">698.33</Amt><CdtDbtInd>CRDT</CdtDbtInd><Sts><Cd>BOOK</Cd></Sts><BookgDt><Dt>2025-04-29</Dt></BookgDt><ValDt><Dt>2025-04-29</Dt></ValDt><AcctSvcrRef>2025-04-29-12.17.23.218986</AcctSvcrRef><BkTxCd/><NtryDtls><TxDtls><Refs><EndToEndId>3620019999482746</EndToEndId><Prtry><Tp>FI-UMSATZ-ID</Tp><Ref>2025-04-29-12.17.23.218986</Ref></Prtry></Refs><Amt Ccy="EUR">698.33</Amt><BkTxCd><Domn><Cd>PMNT</Cd><Fmly><Cd>RCDT</Cd><SubFmlyCd>ESCT</SubFmlyCd></Fmly></Domn><Prtry><Cd>NTRF+166+9249+000</Cd><Issr>DK</Issr></Prtry></BkTxCd><RltdPties><Dbtr><Pty><Nm>IKK Sudwest</Nm></Pty></Dbtr><DbtrAcct><Id><IBAN>DE25590700000073020000</IBAN></Id></DbtrAcct><Cdtr><Pty><Nm>Transact GmbH</Nm></Pty></Cdtr><CdtrAcct><Id><IBAN>DE35230510300004619086</IBAN></Id></CdtrAcct></RltdPties><RltdAgts><DbtrAgt><FinInstnId><BICFI>DEUTDE5M555</BICFI></FinInstnId></DbtrAgt><CdtrAgt><FinInstnId><BICFI>NOLADE21SHO</BICFI></FinInstnId></CdtrAgt></RltdAgts><RmtInf><Ustrd>Erstattung nach AAG 07. bis 11.04.2025 698.33</Ustrd></RmtInf></TxDtls></NtryDtls><AddtlNtryInf>GUTSCHRIFT ÜBERWEISUNG</AddtlNtryInf></Ntry><Ntry><Amt Ccy="EUR">675.80</Amt><CdtDbtInd>CRDT</CdtDbtInd><Sts><Cd>BOOK</Cd></Sts><BookgDt><Dt>2025-04-29</Dt></BookgDt><ValDt><Dt>2025-04-29</Dt></ValDt><AcctSvcrRef>2025-04-29-12.17.23.220526</AcctSvcrRef><BkTxCd/><NtryDtls><TxDtls><Refs><EndToEndId>3620019999501935</EndToEndId><Prtry><Tp>FI-UMSATZ-ID</Tp><Ref>2025-04-29-12.17.23.220526</Ref></Prtry></Refs><Amt Ccy="EUR">675.80</Amt><BkTxCd><Domn><Cd>PMNT</Cd><Fmly><Cd>RCDT</Cd><SubFmlyCd>ESCT</SubFmlyCd></Fmly></Domn><Prtry><Cd>NTRF+166+9249+000</Cd><Issr>DK</Issr></Prtry></BkTxCd><RltdPties><Dbtr><Pty><Nm>IKK Sudwest</Nm></Pty></Dbtr><DbtrAcct><Id><IBAN>DE25590700000073020000</IBAN></Id></DbtrAcct><Cdtr><Pty><Nm>Transact GmbH</Nm></Pty></Cdtr><CdtrAcct><Id><IBAN>DE35230510300004619086</IBAN></Id></CdtrAcct></RltdPties><RltdAgts><DbtrAgt><FinInstnId><BICFI>DEUTDE5M555</BICFI></FinInstnId></DbtrAgt><CdtrAgt><FinInstnId><BICFI>NOLADE21SHO</BICFI></FinInstnId></CdtrAgt></RltdAgts><RmtInf><Ustrd>Erstattung nach AAG 03. bis 07.03.2025 675.80</Ustrd></RmtInf></TxDtls></NtryDtls><AddtlNtryInf>GUTSCHRIFT ÜBERWEISUNG</AddtlNtryInf></Ntry><Ntry><Amt Ccy="EUR">1052.91</Amt><CdtDbtInd>CRDT</CdtDbtInd><Sts><Cd>BOOK</Cd></Sts><BookgDt><Dt>2025-04-29</Dt></BookgDt><ValDt><Dt>2025-04-29</Dt></ValDt><AcctSvcrRef>2025-04-29-15.58.28.028432</AcctSvcrRef><BkTxCd/><NtryDtls><TxDtls><Refs><EndToEndId>92</EndToEndId><Prtry><Tp>FI-UMSATZ-ID</Tp><Ref>2025-04-29-15.58.28.028432</Ref></Prtry></Refs><Amt Ccy="EUR">1052.91</Amt><BkTxCd><Domn><Cd>PMNT</Cd><Fmly><Cd>RCDT</Cd><SubFmlyCd>ESCT</SubFmlyCd></Fmly></Domn><Prtry><Cd>NTRF+166+9243+000</Cd><Issr>DK</Issr></Prtry></BkTxCd><RltdPties><Dbtr><Pty><Nm>Rottal-Inn Kliniken Kommunalunternehmen</Nm></Pty></Dbtr><DbtrAcct><Id><IBAN>DE64743514300570010801</IBAN></Id></DbtrAcct><UltmtDbtr><Pty><Nm>Rottal-Inn-Kliniken KU  Eggenfelden</Nm></Pty></UltmtDbtr><Cdtr><Pty><Nm>Transact</Nm></Pty></Cdtr><CdtrAcct><Id><IBAN>DE35230510300004619086</IBAN></Id></CdtrAcct></RltdPties><RltdAgts><DbtrAgt><FinInstnId><BICFI>BYLADEM1EGF</BICFI></FinInstnId></DbtrAgt><CdtrAgt><FinInstnId><BICFI>NOLADE21SHO</BICFI></FinInstnId></CdtrAgt></RltdAgts><RmtInf><Ustrd>11.04.2025 350.97 202500274 11.04.2025 350.97 202500275 11.04.2025 350.97 202500276</Ustrd></RmtInf></TxDtls></NtryDtls><AddtlNtryInf>GUTSCHRIFT ÜBERWEISUNG</AddtlNtryInf></Ntry><Ntry><Amt Ccy="EUR">674.94</Amt><CdtDbtInd>CRDT</CdtDbtInd><Sts><Cd>BOOK</Cd></Sts><BookgDt><Dt>2025-04-29</Dt></BookgDt><ValDt><Dt>2025-04-29</Dt></ValDt><AcctSvcrRef>2025-04-29-16.53.59.393244</AcctSvcrRef><BkTxCd/><NtryDtls><TxDtls><Refs><EndToEndId>0001600136</EndToEndId><Prtry><Tp>FI-UMSATZ-ID</Tp><Ref>2025-04-29-16.53.59.393244</Ref></Prtry></Refs><Amt Ccy="EUR">674.94</Amt><BkTxCd><Domn><Cd>PMNT</Cd><Fmly><Cd>RCDT</Cd><SubFmlyCd>ESCT</SubFmlyCd></Fmly></Domn><Prtry><Cd>NTRF+166+9249+000</Cd><Issr>DK</Issr></Prtry></BkTxCd><RltdPties><Dbtr><Pty><Nm>Marien-Hospital Euskirchen GmbH</Nm></Pty></Dbtr><DbtrAcct><Id><IBAN>DE71400602650001519000</IBAN></Id></DbtrAcct><Cdtr><Pty><Nm>Transact GmbH</Nm></Pty></Cdtr><CdtrAcct><Id><IBAN>DE35230510300004619086</IBAN></Id></CdtrAcct></RltdPties><RltdAgts><DbtrAgt><FinInstnId><BICFI>GENODEM1DKM</BICFI></FinInstnId></DbtrAgt><CdtrAgt><FinInstnId><BICFI>NOLADE21SHO</BICFI></FinInstnId></CdtrAgt></RltdAgts><RmtInf><Ustrd>Kd104/ReRA202500292/17.4.2025/</Ustrd></RmtInf></TxDtls></NtryDtls><AddtlNtryInf>GUTSCHRIFT ÜBERWEISUNG</AddtlNtryInf></Ntry><Ntry><Amt Ccy="EUR">5001.76</Amt><CdtDbtInd>CRDT</CdtDbtInd><Sts><Cd>BOOK</Cd></Sts><BookgDt><Dt>2025-04-29</Dt></BookgDt><ValDt><Dt>2025-04-29</Dt></ValDt><AcctSvcrRef>2025-04-29-17.09.02.455940</AcctSvcrRef><BkTxCd/><NtryDtls><TxDtls><Refs><EndToEndId>0003004061</EndToEndId><Prtry><Tp>FI-UMSATZ-ID</Tp><Ref>2025-04-29-17.09.02.455940</Ref></Prtry></Refs><Amt Ccy="EUR">5001.76</Amt><BkTxCd><Domn><Cd>PMNT</Cd><Fmly><Cd>RCDT</Cd><SubFmlyCd>ESCT</SubFmlyCd></Fmly></Domn><Prtry><Cd>NTRF+166+9203+000</Cd><Issr>DK</Issr></Prtry></BkTxCd><RltdPties><Dbtr><Pty><Nm>Kaiserswerther Diakonie</Nm></Pty></Dbtr><DbtrAcct><Id><IBAN>DE27300501100024000341</IBAN></Id></DbtrAcct><Cdtr><Pty><Nm>Transact GmbH                                                         Erwin-Hielscher-Str. 9</Nm></Pty></Cdtr><CdtrAcct><Id><IBAN>DE35230510300004619086</IBAN></Id></CdtrAcct></RltdPties><RltdAgts><DbtrAgt><FinInstnId><BICFI>DUSSDEDDXXX</BICFI></FinInstnId></DbtrAgt><CdtrAgt><FinInstnId><BICFI>NOLADE21SHO</BICFI></FinInstnId></CdtrAgt></RltdAgts><RmtInf><Ustrd>/ADV/0003004061 29.4.2025</Ustrd></RmtInf></TxDtls></NtryDtls><AddtlNtryInf>GUTSCHRIFT ÜBERWEISUNG</AddtlNtryInf></Ntry></Rpt></BkToCstmrAcctRpt></Document>