<?xml version="1.0" encoding="UTF-8"?><Document xmlns="urn:iso:std:iso:20022:tech:xsd:camt.052.001.08" xmlns:xsi="http://www.w3.org/2001/XMLSchema-instance" xsi:schemaLocation="urn:iso:std:iso:20022:tech:xsd:camt.052.001.08 camt.052.001.08.xsd"><BkToCstmrAcctRpt><GrpHdr><MsgId>camt52_20250610111713__ONLINEBA</MsgId><CreDtTm>2025-06-10T11:17:13+02:00</CreDtTm></GrpHdr><Rpt><Id>camt0528_ONLINEBA</Id><RptPgntn><PgNb>1</PgNb><LastPgInd>true</LastPgInd></RptPgntn><CreDtTm>2025-06-10T11:17:13+02:00</CreDtTm><Acct><Id><IBAN>DE35230510300004619086</IBAN></Id><Ccy>EUR</Ccy><Svcr><FinInstnId><BICFI>NOLADE21SHO</BICFI><Nm>SPARKASSE SUEDHOLSTEIN</Nm><Othr><Id>DE 134796412</Id><Issr>UmsStId</Issr></Othr></FinInstnId></Svcr></Acct><Bal><Tp><CdOrPrtry><Cd>OPBD</Cd></CdOrPrtry></Tp><Amt Ccy="EUR">39118.58</Amt><CdtDbtInd>CRDT</CdtDbtInd><Dt><Dt>2025-06-05</Dt></Dt></Bal><Bal><Tp><CdOrPrtry><Cd>CLBD</Cd></CdOrPrtry></Tp><Amt Ccy="EUR">50339.24</Amt><CdtDbtInd>CRDT</CdtDbtInd><Dt><Dt>2025-06-06</Dt></Dt></Bal><Ntry><Amt Ccy="EUR">1594.01</Amt><CdtDbtInd>CRDT</CdtDbtInd><Sts><Cd>BOOK</Cd></Sts><BookgDt><Dt>2025-06-06</Dt></BookgDt><ValDt><Dt>2025-06-06</Dt></ValDt><AcctSvcrRef>2025-06-06-07.55.31.059299</AcctSvcrRef><BkTxCd/><NtryDtls><TxDtls><Refs><EndToEndId>12797/2025-06-05/34</EndToEndId><Prtry><Tp>FI-UMSATZ-ID</Tp><Ref>2025-06-06-07.55.31.059299</Ref></Prtry></Refs><Amt Ccy="EUR">1594.01</Amt><BkTxCd><Domn><Cd>PMNT</Cd><Fmly><Cd>RCDT</Cd><SubFmlyCd>ESCT</SubFmlyCd></Fmly></Domn><Prtry><Cd>NTRF+166+9249+000</Cd><Issr>DK</Issr></Prtry></BkTxCd><RltdPties><Dbtr><Pty><Nm>BITMARCK Beratung GmbH</Nm></Pty></Dbtr><DbtrAcct><Id><IBAN>DE13700800000306384700</IBAN></Id></DbtrAcct><Cdtr><Pty><Nm>TRANSACT GmbH</Nm></Pty></Cdtr><CdtrAcct><Id><IBAN>DE35230510300004619086</IBAN></Id></CdtrAcct></RltdPties><RltdAgts><DbtrAgt><FinInstnId><BICFI>DRESDEFF700</BICFI></FinInstnId></DbtrAgt><CdtrAgt><FinInstnId><BICFI>NOLADE21SHO</BICFI></FinInstnId></CdtrAgt></RltdAgts><RmtInf><Ustrd>RA202500315/1</Ustrd></RmtInf></TxDtls></NtryDtls><AddtlNtryInf>GUTSCHRIFT ÜBERWEISUNG</AddtlNtryInf></Ntry><Ntry><Amt Ccy="EUR">7711.20</Amt><CdtDbtInd>CRDT</CdtDbtInd><Sts><Cd>BOOK</Cd></Sts><BookgDt><Dt>2025-06-06</Dt></BookgDt><ValDt><Dt>2025-06-06</Dt></ValDt><AcctSvcrRef>2025-06-06-08.21.18.741527</AcctSvcrRef><BkTxCd/><NtryDtls><TxDtls><Refs><EndToEndId>01-DE8200001012412025</EndToEndId><Prtry><Tp>FI-UMSATZ-ID</Tp><Ref>2025-06-06-08.21.18.741527</Ref></Prtry></Refs><Amt Ccy="EUR">7711.20</Amt><BkTxCd><Domn><Cd>PMNT</Cd><Fmly><Cd>RCDT</Cd><SubFmlyCd>ESCT</SubFmlyCd></Fmly></Domn><Prtry><Cd>NTRF+166+9263+000</Cd><Issr>DK</Issr></Prtry></BkTxCd><RltdPties><Dbtr><Pty><Nm>KAIROS GMBH                                                           Bochum DE</Nm></Pty></Dbtr><DbtrAcct><Id><IBAN>DE68300308800016227005</IBAN></Id></DbtrAcct><Cdtr><Pty><Nm>Transact GmbH                                                         Kleine Reichenstrasse 1 20457 Hamburg Germany DE</Nm></Pty></Cdtr><CdtrAcct><Id><IBAN>DE35230510300004619086</IBAN></Id></CdtrAcct></RltdPties><RltdAgts><DbtrAgt><FinInstnId><BICFI>TUBDDEDD</BICFI></FinInstnId></DbtrAgt><CdtrAgt><FinInstnId><BICFI>NOLADE21SHO</BICFI></FinInstnId></CdtrAgt></RltdAgts><RmtInf><Ustrd>RA 202500164-Transact GmbH</Ustrd></RmtInf></TxDtls></NtryDtls><AddtlNtryInf>GUTSCHRIFT ÜBERWEISUNG</AddtlNtryInf></Ntry><Ntry><Amt Ccy="EUR">1564.48</Amt><CdtDbtInd>CRDT</CdtDbtInd><Sts><Cd>BOOK</Cd></Sts><BookgDt><Dt>2025-06-06</Dt></BookgDt><ValDt><Dt>2025-06-06</Dt></ValDt><AcctSvcrRef>2025-06-06-10.13.51.027476</AcctSvcrRef><BkTxCd/><NtryDtls><TxDtls><Refs><EndToEndId>966</EndToEndId><Prtry><Tp>FI-UMSATZ-ID</Tp><Ref>2025-06-06-10.13.51.027476</Ref></Prtry></Refs><Amt Ccy="EUR">1564.48</Amt><BkTxCd><Domn><Cd>PMNT</Cd><Fmly><Cd>RCDT</Cd><SubFmlyCd>ESCT</SubFmlyCd></Fmly></Domn><Prtry><Cd>NTRF+166+9249+000</Cd><Issr>DK</Issr></Prtry></BkTxCd><RltdPties><Dbtr><Pty><Nm>Evangelisches Krankenhaus Dierdorf/Selters gGmbH</Nm></Pty></Dbtr><DbtrAcct><Id><IBAN>DE23350601901011463017</IBAN></Id></DbtrAcct><Cdtr><Pty><Nm>TRANSACT GMBH</Nm></Pty></Cdtr><CdtrAcct><Id><IBAN>DE35230510300004619086</IBAN></Id></CdtrAcct></RltdPties><RltdAgts><DbtrAgt><FinInstnId><BICFI>GENODED1DKD</BICFI></FinInstnId></DbtrAgt><CdtrAgt><FinInstnId><BICFI>NOLADE21SHO</BICFI></FinInstnId></CdtrAgt></RltdAgts><RmtInf><Ustrd>RA202500378 1564,48</Ustrd></RmtInf></TxDtls></NtryDtls><AddtlNtryInf>GUTSCHRIFT ÜBERWEISUNG</AddtlNtryInf></Ntry><Ntry><Amt Ccy="EUR">350.97</Amt><CdtDbtInd>CRDT</CdtDbtInd><Sts><Cd>BOOK</Cd></Sts><BookgDt><Dt>2025-06-06</Dt></BookgDt><ValDt><Dt>2025-06-06</Dt></ValDt><AcctSvcrRef>2025-06-06-13.13.42.908255</AcctSvcrRef><BkTxCd/><NtryDtls><TxDtls><Refs><EndToEndId>4515783662-0000006</EndToEndId><Prtry><Tp>FI-UMSATZ-ID</Tp><Ref>2025-06-06-13.13.42.908255</Ref></Prtry></Refs><Amt Ccy="EUR">350.97</Amt><BkTxCd><Domn><Cd>PMNT</Cd><Fmly><Cd>RCDT</Cd><SubFmlyCd>ESCT</SubFmlyCd></Fmly></Domn><Prtry><Cd>NTRF+166+9227+000</Cd><Issr>DK</Issr></Prtry></BkTxCd><RltdPties><Dbtr><Pty><Nm>PARKINSON-KLINIK ORTENAU GMBH + CO. KG</Nm></Pty></Dbtr><DbtrAcct><Id><IBAN>DE15664527760000025008</IBAN></Id></DbtrAcct><Cdtr><Pty><Nm>T-Diverse Lieferanten</Nm></Pty></Cdtr><CdtrAcct><Id><IBAN>DE35230510300004619086</IBAN></Id></CdtrAcct></RltdPties><RltdAgts><DbtrAgt><FinInstnId><BICFI>SOLADES1WOF</BICFI></FinInstnId></DbtrAgt><CdtrAgt><FinInstnId><BICFI>NOLADE21SHO</BICFI></FinInstnId></CdtrAgt></RltdAgts><RmtInf><Ustrd>RNr. RA202500329 RDat. 13.05.2025 KNr. 897 Transact</Ustrd></RmtInf></TxDtls></NtryDtls><AddtlNtryInf>GUTSCHRIFT ÜBERWEISUNG</AddtlNtryInf></Ntry></Rpt></BkToCstmrAcctRpt></Document>