<?xml version="1.0" encoding="UTF-8"?><Document xmlns="urn:iso:std:iso:20022:tech:xsd:camt.052.001.08" xmlns:xsi="http://www.w3.org/2001/XMLSchema-instance" xsi:schemaLocation="urn:iso:std:iso:20022:tech:xsd:camt.052.001.08 camt.052.001.08.xsd"><BkToCstmrAcctRpt><GrpHdr><MsgId>camt52_20250707121625__ONLINEBA</MsgId><CreDtTm>2025-07-07T12:16:25+02:00</CreDtTm></GrpHdr><Rpt><Id>camt0528_ONLINEBA</Id><RptPgntn><PgNb>1</PgNb><LastPgInd>true</LastPgInd></RptPgntn><CreDtTm>2025-07-07T12:16:25+02:00</CreDtTm><Acct><Id><IBAN>DE35230510300004619086</IBAN></Id><Ccy>EUR</Ccy><Svcr><FinInstnId><BICFI>NOLADE21SHO</BICFI><Nm>SPARKASSE SUEDHOLSTEIN</Nm><Othr><Id>DE 134796412</Id><Issr>UmsStId</Issr></Othr></FinInstnId></Svcr></Acct><Bal><Tp><CdOrPrtry><Cd>OPBD</Cd></CdOrPrtry></Tp><Amt Ccy="EUR">55462.88</Amt><CdtDbtInd>CRDT</CdtDbtInd><Dt><Dt>2025-06-26</Dt></Dt></Bal><Bal><Tp><CdOrPrtry><Cd>CLBD</Cd></CdOrPrtry></Tp><Amt Ccy="EUR">6544.80</Amt><CdtDbtInd>CRDT</CdtDbtInd><Dt><Dt>2025-06-27</Dt></Dt></Bal><Ntry><Amt Ccy="EUR">4688.60</Amt><CdtDbtInd>CRDT</CdtDbtInd><Sts><Cd>BOOK</Cd></Sts><BookgDt><Dt>2025-06-27</Dt></BookgDt><ValDt><Dt>2025-06-27</Dt></ValDt><AcctSvcrRef>2025-06-27-08.38.04.509504</AcctSvcrRef><BkTxCd/><NtryDtls><TxDtls><Refs><EndToEndId>0001000395</EndToEndId><Prtry><Tp>FI-UMSATZ-ID</Tp><Ref>2025-06-27-08.38.04.509504</Ref></Prtry></Refs><Amt Ccy="EUR">4688.60</Amt><BkTxCd><Domn><Cd>PMNT</Cd><Fmly><Cd>RCDT</Cd><SubFmlyCd>ESCT</SubFmlyCd></Fmly></Domn><Prtry><Cd>NTRF+166+9209+000</Cd><Issr>DK</Issr></Prtry></BkTxCd><RltdPties><Dbtr><Pty><Nm>St. Vinzenz gemeinnützige Gesellschaft mit beschränkter Haftung, Fulda36037 Fulda</Nm></Pty></Dbtr><DbtrAcct><Id><IBAN>DE05530501800041027626</IBAN></Id></DbtrAcct><UltmtDbtr><Pty><Nm>St. Vinzenz gGmbH Kanalstrasse 22</Nm></Pty></UltmtDbtr><Cdtr><Pty><Nm>Transact GmbH                                                         Lagerstrasse 17</Nm></Pty></Cdtr><CdtrAcct><Id><IBAN>DE35230510300004619086</IBAN></Id></CdtrAcct></RltdPties><RltdAgts><DbtrAgt><FinInstnId><BICFI>HELADEF1FDS</BICFI></FinInstnId></DbtrAgt><CdtrAgt><FinInstnId><BICFI>NOLADE21SHO</BICFI></FinInstnId></CdtrAgt></RltdAgts><RmtInf><Ustrd>/R/RA202500420 4.688,60</Ustrd></RmtInf></TxDtls></NtryDtls><AddtlNtryInf>GUTSCHRIFT ÜBERWEISUNG</AddtlNtryInf></Ntry><Ntry><Amt Ccy="EUR">2978.21</Amt><CdtDbtInd>CRDT</CdtDbtInd><Sts><Cd>BOOK</Cd></Sts><BookgDt><Dt>2025-06-27</Dt></BookgDt><ValDt><Dt>2025-06-27</Dt></ValDt><AcctSvcrRef>2025-06-27-10.13.10.220649</AcctSvcrRef><BkTxCd/><NtryDtls><TxDtls><Refs><EndToEndId>2506261248-0000006</EndToEndId><Prtry><Tp>FI-UMSATZ-ID</Tp><Ref>2025-06-27-10.13.10.220649</Ref></Prtry></Refs><Amt Ccy="EUR">2978.21</Amt><BkTxCd><Domn><Cd>PMNT</Cd><Fmly><Cd>RCDT</Cd><SubFmlyCd>ESCT</SubFmlyCd></Fmly></Domn><Prtry><Cd>NTRF+166+9249+000</Cd><Issr>DK</Issr></Prtry></BkTxCd><RltdPties><Dbtr><Pty><Nm>Krankenhausgesellschaft Nordrhein-Westfalen</Nm></Pty></Dbtr><DbtrAcct><Id><IBAN>DE38360602950030164024</IBAN></Id></DbtrAcct><Cdtr><Pty><Nm>Transact GmbH</Nm></Pty></Cdtr><CdtrAcct><Id><IBAN>DE35230510300004619086</IBAN></Id></CdtrAcct></RltdPties><RltdAgts><DbtrAgt><FinInstnId><BICFI>GENODED1BBE</BICFI></FinInstnId></DbtrAgt><CdtrAgt><FinInstnId><BICFI>NOLADE21SHO</BICFI></FinInstnId></CdtrAgt></RltdAgts><RmtInf><Ustrd>KD 409 RNR RA202500412 Datum 16.06. 2025</Ustrd></RmtInf></TxDtls></NtryDtls><AddtlNtryInf>GUTSCHRIFT ÜBERWEISUNG</AddtlNtryInf></Ntry><Ntry><Amt Ccy="EUR">1477.98</Amt><CdtDbtInd>CRDT</CdtDbtInd><Sts><Cd>BOOK</Cd></Sts><BookgDt><Dt>2025-06-27</Dt></BookgDt><ValDt><Dt>2025-06-27</Dt></ValDt><AcctSvcrRef>2025-06-27-10.13.10.222855</AcctSvcrRef><BkTxCd/><NtryDtls><TxDtls><Refs><EndToEndId>17.6.2025 0080062471</EndToEndId><Prtry><Tp>FI-UMSATZ-ID</Tp><Ref>2025-06-27-10.13.10.222855</Ref></Prtry></Refs><Amt Ccy="EUR">1477.98</Amt><BkTxCd><Domn><Cd>PMNT</Cd><Fmly><Cd>RCDT</Cd><SubFmlyCd>ESCT</SubFmlyCd></Fmly></Domn><Prtry><Cd>NTRF+166+9249+000</Cd><Issr>DK</Issr></Prtry></BkTxCd><RltdPties><Dbtr><Pty><Nm>Universitatsklinikum Koln AoR</Nm></Pty></Dbtr><DbtrAcct><Id><IBAN>DE04370205000008150000</IBAN></Id></DbtrAcct><Cdtr><Pty><Nm>Transact GmbH                                                         Kleine Reichenstr. 14</Nm></Pty></Cdtr><CdtrAcct><Id><IBAN>DE35230510300004619086</IBAN></Id></CdtrAcct></RltdPties><RltdAgts><DbtrAgt><FinInstnId><BICFI>BFSWDE33XXX</BICFI></FinInstnId></DbtrAgt><CdtrAgt><FinInstnId><BICFI>NOLADE21SHO</BICFI></FinInstnId></CdtrAgt></RltdAgts><RmtInf><Ustrd>482 000100800624712025/INV/202500416 17.6.2025</Ustrd></RmtInf></TxDtls></NtryDtls><AddtlNtryInf>GUTSCHRIFT ÜBERWEISUNG</AddtlNtryInf></Ntry><Ntry><Amt Ccy="EUR">12533.31</Amt><CdtDbtInd>CRDT</CdtDbtInd><Sts><Cd>BOOK</Cd></Sts><BookgDt><Dt>2025-06-27</Dt></BookgDt><ValDt><Dt>2025-06-27</Dt></ValDt><AcctSvcrRef>2025-06-27-11.12.44.240682</AcctSvcrRef><BkTxCd/><NtryDtls><TxDtls><Refs><EndToEndId>75</EndToEndId><Prtry><Tp>FI-UMSATZ-ID</Tp><Ref>2025-06-27-11.12.44.240682</Ref></Prtry></Refs><Amt Ccy="EUR">12533.31</Amt><BkTxCd><Domn><Cd>PMNT</Cd><Fmly><Cd>RCDT</Cd><SubFmlyCd>ESCT</SubFmlyCd></Fmly></Domn><Prtry><Cd>NTRF+166+9217+000</Cd><Issr>DK</Issr></Prtry></BkTxCd><RltdPties><Dbtr><Pty><Nm>ALLGEMEINES KRANKENHAUS CELLE</Nm></Pty></Dbtr><DbtrAcct><Id><IBAN>DE97269513110000008235</IBAN></Id></DbtrAcct><Cdtr><Pty><Nm>Transact GmbH</Nm></Pty></Cdtr><CdtrAcct><Id><IBAN>DE35230510300004619086</IBAN></Id></CdtrAcct></RltdPties><RltdAgts><DbtrAgt><FinInstnId><BICFI>NOLADE21GFW</BICFI></FinInstnId></DbtrAgt><CdtrAgt><FinInstnId><BICFI>NOLADE21SHO</BICFI></FinInstnId></CdtrAgt></RltdAgts><RmtInf><Ustrd>16.06.25 NR. 202500409 16.06.25 NR. 202500410</Ustrd></RmtInf></TxDtls></NtryDtls><AddtlNtryInf>GUTSCHRIFT ÜBERWEISUNG</AddtlNtryInf></Ntry><Ntry><Amt Ccy="EUR">1606.50</Amt><CdtDbtInd>CRDT</CdtDbtInd><Sts><Cd>BOOK</Cd></Sts><BookgDt><Dt>2025-06-27</Dt></BookgDt><ValDt><Dt>2025-06-27</Dt></ValDt><AcctSvcrRef>2025-06-27-15.19.23.416085</AcctSvcrRef><BkTxCd/><NtryDtls><TxDtls><Refs><EndToEndId>0019009228</EndToEndId><Prtry><Tp>FI-UMSATZ-ID</Tp><Ref>2025-06-27-15.19.23.416085</Ref></Prtry></Refs><Amt Ccy="EUR">1606.50</Amt><BkTxCd><Domn><Cd>PMNT</Cd><Fmly><Cd>RCDT</Cd><SubFmlyCd>ESCT</SubFmlyCd></Fmly></Domn><Prtry><Cd>NTRF+166+9213+000</Cd><Issr>DK</Issr></Prtry></BkTxCd><RltdPties><Dbtr><Pty><Nm>Ruppiner Kliniken GmbH                                                16816 Neuruppin</Nm></Pty></Dbtr><DbtrAcct><Id><IBAN>DE09160502021720004389</IBAN></Id></DbtrAcct><UltmtDbtr><Pty><Nm>Ruppiner Kliniken GmbH Fehrbelliner Strasse 38</Nm></Pty></UltmtDbtr><Cdtr><Pty><Nm>TRANSACT GMBH                                                         KLEINE REICHENSTR. 1</Nm></Pty></Cdtr><CdtrAcct><Id><IBAN>DE35230510300004619086</IBAN></Id></CdtrAcct></RltdPties><RltdAgts><DbtrAgt><FinInstnId><BICFI>WELADED1OPR</BICFI></FinInstnId></DbtrAgt><CdtrAgt><FinInstnId><BICFI>NOLADE21SHO</BICFI></FinInstnId></CdtrAgt></RltdAgts><RmtInf><Ustrd>1541/R/RA 202500384/1606,50</Ustrd></RmtInf></TxDtls></NtryDtls><AddtlNtryInf>GUTSCHRIFT ÜBERWEISUNG</AddtlNtryInf></Ntry><Ntry><Amt Ccy="EUR">64702.68</Amt><CdtDbtInd>DBIT</CdtDbtInd><Sts><Cd>BOOK</Cd></Sts><BookgDt><Dt>2025-06-27</Dt></BookgDt><ValDt><Dt>2025-06-27</Dt></ValDt><AcctSvcrRef>2025-06-27-17.00.25.628172</AcctSvcrRef><BkTxCd/><NtryDtls><TxDtls><Refs><PmtInfId>b370da-1378178390-16393602-20250627</PmtInfId><Prtry><Tp>FI-UMSATZ-ID</Tp><Ref>2025-06-27-17.00.25.628172</Ref></Prtry></Refs><Amt Ccy="EUR">64702.68</Amt><BkTxCd><Domn><Cd>PMNT</Cd><Fmly><Cd>ICDT</Cd><SubFmlyCd>ESCT</SubFmlyCd></Fmly></Domn><Prtry><Cd>NTRF+191+9301+997</Cd><Issr>DK</Issr></Prtry></BkTxCd><RltdPties><DbtrAcct><Id><Othr><Id>0004619086</Id></Othr></Id></DbtrAcct><CdtrAcct><Id><Othr><Id>0004619086</Id></Othr></Id></CdtrAcct></RltdPties><RltdAgts><DbtrAgt><FinInstnId><Nm>SPK SUEDHOLSTEIN NEUMUENSTE</Nm><Othr><Id>23051030</Id></Othr></FinInstnId></DbtrAgt><CdtrAgt><FinInstnId><Nm>SPK SUEDHOLSTEIN NEUMUENSTE</Nm><Othr><Id>23051030</Id></Othr></FinInstnId></CdtrAgt></RltdAgts><RmtInf><Ustrd>ANZAHL       27</Ustrd></RmtInf></TxDtls></NtryDtls><AddtlNtryInf>SAMMELÜBERWEISUNG</AddtlNtryInf></Ntry><Ntry><Amt Ccy="EUR">7500.00</Amt><CdtDbtInd>DBIT</CdtDbtInd><Sts><Cd>BOOK</Cd></Sts><BookgDt><Dt>2025-06-27</Dt></BookgDt><ValDt><Dt>2025-06-27</Dt></ValDt><AcctSvcrRef>2025-06-27-17.00.25.920445</AcctSvcrRef><BkTxCd/><NtryDtls><TxDtls><Refs><PmtInfId>ccaa42-1378342203-16421982-20250627</PmtInfId><Prtry><Tp>FI-UMSATZ-ID</Tp><Ref>2025-06-27-17.00.25.920445</Ref></Prtry></Refs><Amt Ccy="EUR">7500.00</Amt><BkTxCd><Domn><Cd>PMNT</Cd><Fmly><Cd>ICDT</Cd><SubFmlyCd>ESCT</SubFmlyCd></Fmly></Domn><Prtry><Cd>NTRF+191+9301+997</Cd><Issr>DK</Issr></Prtry></BkTxCd><RltdPties><Dbtr><Pty><Nm>Transact-Gesellschaft für Software &amp; Analyse GmbH</Nm></Pty></Dbtr><DbtrAcct><Id><IBAN>DE35230510300004619086</IBAN></Id></DbtrAcct><UltmtDbtr><Pty><Nm>FIRMA TRANSACT-GESELLSCHAFT</Nm></Pty></UltmtDbtr><CdtrAcct><Id><Othr><Id>0000000000</Id></Othr></Id></CdtrAcct></RltdPties><RltdAgts><DbtrAgt><FinInstnId><BICFI>NOLADE21SHO</BICFI></FinInstnId></DbtrAgt><CdtrAgt><FinInstnId><Othr><Id>00000000</Id></Othr></FinInstnId></CdtrAgt></RltdAgts><RmtInf><Ustrd>ANZAHL        1</Ustrd></RmtInf></TxDtls></NtryDtls><AddtlNtryInf>SAMMELÜBERWEISUNG</AddtlNtryInf></Ntry></Rpt></BkToCstmrAcctRpt></Document>