<?xml version="1.0" encoding="UTF-8"?><Document xmlns="urn:iso:std:iso:20022:tech:xsd:camt.052.001.08" xmlns:xsi="http://www.w3.org/2001/XMLSchema-instance" xsi:schemaLocation="urn:iso:std:iso:20022:tech:xsd:camt.052.001.08 camt.052.001.08.xsd"><BkToCstmrAcctRpt><GrpHdr><MsgId>camt52_20250707121625__ONLINEBA</MsgId><CreDtTm>2025-07-07T12:16:25+02:00</CreDtTm></GrpHdr><Rpt><Id>camt0528_ONLINEBA</Id><RptPgntn><PgNb>1</PgNb><LastPgInd>true</LastPgInd></RptPgntn><CreDtTm>2025-07-07T12:16:25+02:00</CreDtTm><Acct><Id><IBAN>DE35230510300004619086</IBAN></Id><Ccy>EUR</Ccy><Svcr><FinInstnId><BICFI>NOLADE21SHO</BICFI><Nm>SPARKASSE SUEDHOLSTEIN</Nm><Othr><Id>DE 134796412</Id><Issr>UmsStId</Issr></Othr></FinInstnId></Svcr></Acct><Bal><Tp><CdOrPrtry><Cd>OPBD</Cd></CdOrPrtry></Tp><Amt Ccy="EUR">85909.85</Amt><CdtDbtInd>CRDT</CdtDbtInd><Dt><Dt>2025-06-25</Dt></Dt></Bal><Bal><Tp><CdOrPrtry><Cd>CLBD</Cd></CdOrPrtry></Tp><Amt Ccy="EUR">55462.88</Amt><CdtDbtInd>CRDT</CdtDbtInd><Dt><Dt>2025-06-26</Dt></Dt></Bal><Ntry><Amt Ccy="EUR">1191.87</Amt><CdtDbtInd>DBIT</CdtDbtInd><Sts><Cd>BOOK</Cd></Sts><BookgDt><Dt>2025-06-26</Dt></BookgDt><ValDt><Dt>2025-06-26</Dt></ValDt><AcctSvcrRef>2025-06-26-00.06.32.283381</AcctSvcrRef><BkTxCd/><NtryDtls><TxDtls><Refs><EndToEndId>2610013791976375</EndToEndId><MndtId>026181156590-1</MndtId><Prtry><Tp>FI-UMSATZ-ID</Tp><Ref>2025-06-26-00.06.32.283381</Ref></Prtry></Refs><Amt Ccy="EUR">1191.87</Amt><BkTxCd><Domn><Cd>PMNT</Cd><Fmly><Cd>RDDT</Cd><SubFmlyCd>ESDD</SubFmlyCd></Fmly></Domn><Prtry><Cd>NDDT+105+9246+992</Cd><Issr>DK</Issr></Prtry></BkTxCd><RltdPties><Dbtr><Pty><Nm>Transact-Gesellschaft fuer Software &amp; Analyse mbH</Nm></Pty></Dbtr><DbtrAcct><Id><IBAN>DE35230510300004619086</IBAN></Id></DbtrAcct><Cdtr><Pty><Nm>hkk</Nm><Id><PrvtId><Othr><Id>DE51ZZZ00000507816</Id></Othr></PrvtId></Id></Pty></Cdtr><CdtrAcct><Id><IBAN>DE79290501010001006543</IBAN></Id></CdtrAcct><UltmtCdtr><Pty><Nm>hkk</Nm></Pty></UltmtCdtr></RltdPties><RltdAgts><DbtrAgt><FinInstnId><BICFI>NOLADE21SHO</BICFI></FinInstnId></DbtrAgt><CdtrAgt><FinInstnId><BICFI>SBREDE22XXX</BICFI></FinInstnId></CdtrAgt></RltdAgts><RmtInf><Ustrd>Beitraege 01.06.2025 - 30.06.2025 15213435 1191.87</Ustrd></RmtInf></TxDtls></NtryDtls><AddtlNtryInf>FOLGELASTSCHRIFT</AddtlNtryInf></Ntry><Ntry><Amt Ccy="EUR">2356.89</Amt><CdtDbtInd>DBIT</CdtDbtInd><Sts><Cd>BOOK</Cd></Sts><BookgDt><Dt>2025-06-26</Dt></BookgDt><ValDt><Dt>2025-06-26</Dt></ValDt><AcctSvcrRef>2025-06-26-00.06.45.224959</AcctSvcrRef><BkTxCd/><NtryDtls><TxDtls><Refs><EndToEndId>000023285</EndToEndId><MndtId>0100322382-0202-1</MndtId><Prtry><Tp>FI-UMSATZ-ID</Tp><Ref>2025-06-26-00.06.45.224959</Ref></Prtry></Refs><Amt Ccy="EUR">2356.89</Amt><BkTxCd><Domn><Cd>PMNT</Cd><Fmly><Cd>RDDT</Cd><SubFmlyCd>ESDD</SubFmlyCd></Fmly></Domn><Prtry><Cd>NDDT+105+9248+992</Cd><Issr>DK</Issr></Prtry></BkTxCd><RltdPties><Dbtr><Pty><Nm>TRANSACT-GESELLSCHAFT FUER</Nm></Pty></Dbtr><DbtrAcct><Id><IBAN>DE35230510300004619086</IBAN></Id></DbtrAcct><Cdtr><Pty><Nm>KKH HAUPTVERW., HANNOVER                                              Karl-Wiechert-Allee 61</Nm><Id><PrvtId><Othr><Id>DE58KKH00000263929</Id></Othr></PrvtId></Id></Pty></Cdtr><CdtrAcct><Id><IBAN>DE52250400660313958108</IBAN></Id></CdtrAcct></RltdPties><RltdAgts><DbtrAgt><FinInstnId><BICFI>NOLADE21SHO</BICFI></FinInstnId></DbtrAgt><CdtrAgt><FinInstnId><BICFI>COBADEFF</BICFI></FinInstnId></CdtrAgt></RltdAgts><RmtInf><Ustrd>BEITRAG 06/25 FUER 15213435 TRANSACT GMBH SOZIALVERSICHERUNGSBEITRAG KKH 2.356,89 EUR Mandat 0100322382-0202-1</Ustrd></RmtInf></TxDtls></NtryDtls><AddtlNtryInf>FOLGELASTSCHRIFT</AddtlNtryInf></Ntry><Ntry><Amt Ccy="EUR">6115.39</Amt><CdtDbtInd>DBIT</CdtDbtInd><Sts><Cd>BOOK</Cd></Sts><BookgDt><Dt>2025-06-26</Dt></BookgDt><ValDt><Dt>2025-06-26</Dt></ValDt><AcctSvcrRef>2025-06-26-00.06.50.042505</AcctSvcrRef><BkTxCd/><NtryDtls><TxDtls><Refs><EndToEndId>9200525738 OB-15213435</EndToEndId><MndtId>4207622573000001</MndtId><Prtry><Tp>FI-UMSATZ-ID</Tp><Ref>2025-06-26-00.06.50.042505</Ref></Prtry></Refs><Amt Ccy="EUR">6115.39</Amt><BkTxCd><Domn><Cd>PMNT</Cd><Fmly><Cd>RDDT</Cd><SubFmlyCd>ESDD</SubFmlyCd></Fmly></Domn><Prtry><Cd>NDDT+105+9216+992</Cd><Issr>DK</Issr></Prtry></BkTxCd><RltdPties><Dbtr><Pty><Nm>TRANSACT-GESELLSCHAFT FUER SOFTWARE   ANALYSE MBH</Nm></Pty></Dbtr><DbtrAcct><Id><IBAN>DE35230510300004619086</IBAN></Id></DbtrAcct><Cdtr><Pty><Nm>AOK NORDWEST Die Gesundheitskasse</Nm><Id><PrvtId><Othr><Id>DE56AOK00000058422</Id></Othr></PrvtId></Id></Pty></Cdtr><CdtrAcct><Id><IBAN>DE49210501701400235600</IBAN></Id></CdtrAcct><UltmtCdtr><Pty><Nm>AOK NORDWEST</Nm></Pty></UltmtCdtr></RltdPties><RltdAgts><DbtrAgt><FinInstnId><BICFI>NOLADE21SHO</BICFI></FinInstnId></DbtrAgt><CdtrAgt><FinInstnId><BICFI>NOLADE21KIE</BICFI></FinInstnId></CdtrAgt></RltdAgts><RmtInf><Ustrd>9200525738 OB-15213435 EUR 6.115,39. BEITRAG 0625 - 0625</Ustrd></RmtInf></TxDtls></NtryDtls><AddtlNtryInf>FOLGELASTSCHRIFT</AddtlNtryInf></Ntry><Ntry><Amt Ccy="EUR">8957.44</Amt><CdtDbtInd>DBIT</CdtDbtInd><Sts><Cd>BOOK</Cd></Sts><BookgDt><Dt>2025-06-26</Dt></BookgDt><ValDt><Dt>2025-06-26</Dt></ValDt><AcctSvcrRef>2025-06-26-00.06.57.260215</AcctSvcrRef><BkTxCd/><NtryDtls><TxDtls><Refs><EndToEndId>9930717855</EndToEndId><MndtId>MD950390295</MndtId><Prtry><Tp>FI-UMSATZ-ID</Tp><Ref>2025-06-26-00.06.57.260215</Ref></Prtry></Refs><Amt Ccy="EUR">8957.44</Amt><BkTxCd><Domn><Cd>PMNT</Cd><Fmly><Cd>RDDT</Cd><SubFmlyCd>ESDD</SubFmlyCd></Fmly></Domn><Prtry><Cd>NDDT+105+9208+992</Cd><Issr>DK</Issr></Prtry></BkTxCd><RltdPties><Dbtr><Pty><Nm>TransAct Software GmbH</Nm></Pty></Dbtr><DbtrAcct><Id><IBAN>DE35230510300004619086</IBAN></Id></DbtrAcct><Cdtr><Pty><Nm>Techniker Krankenkasse</Nm><Id><PrvtId><Othr><Id>DE51TK100000031158</Id></Othr></PrvtId></Id></Pty></Cdtr><CdtrAcct><Id><IBAN>DE59200505501280376854</IBAN></Id></CdtrAcct></RltdPties><RltdAgts><DbtrAgt><FinInstnId><BICFI>NOLADE21SHO</BICFI></FinInstnId></DbtrAgt><CdtrAgt><FinInstnId><BICFI>HASPDEHHXXX</BICFI></FinInstnId></CdtrAgt></RltdAgts><RmtInf><Ustrd>BNR: 15213435 B5640003757 Beitraege 06/25</Ustrd></RmtInf></TxDtls></NtryDtls><AddtlNtryInf>FOLGELASTSCHRIFT</AddtlNtryInf></Ntry><Ntry><Amt Ccy="EUR">2406.60</Amt><CdtDbtInd>DBIT</CdtDbtInd><Sts><Cd>BOOK</Cd></Sts><BookgDt><Dt>2025-06-26</Dt></BookgDt><ValDt><Dt>2025-06-26</Dt></ValDt><AcctSvcrRef>2025-06-26-00.07.58.718082</AcctSvcrRef><BkTxCd/><NtryDtls><TxDtls><Refs><EndToEndId>1301275113 OB-15213435</EndToEndId><MndtId>7200389849000001</MndtId><Prtry><Tp>FI-UMSATZ-ID</Tp><Ref>2025-06-26-00.07.58.718082</Ref></Prtry></Refs><Amt Ccy="EUR">2406.60</Amt><BkTxCd><Domn><Cd>PMNT</Cd><Fmly><Cd>RDDT</Cd><SubFmlyCd>ESDD</SubFmlyCd></Fmly></Domn><Prtry><Cd>NDDT+105+9248+992</Cd><Issr>DK</Issr></Prtry></BkTxCd><RltdPties><Dbtr><Pty><Nm>TRANSACT-GESELLSCHAFT FUER</Nm></Pty></Dbtr><DbtrAcct><Id><IBAN>DE35230510300004619086</IBAN></Id></DbtrAcct><Cdtr><Pty><Nm>Mobil Krankenkasse</Nm><Id><PrvtId><Othr><Id>DE86ZZZ00001158056</Id></Othr></PrvtId></Id></Pty></Cdtr><CdtrAcct><Id><IBAN>DE21200400000638715300</IBAN></Id></CdtrAcct></RltdPties><RltdAgts><DbtrAgt><FinInstnId><BICFI>NOLADE21SHO</BICFI></FinInstnId></DbtrAgt><CdtrAgt><FinInstnId><BICFI>COBADEHH</BICFI></FinInstnId></CdtrAgt></RltdAgts><RmtInf><Ustrd>1301275113 OB-15213435 7200389849000001 BEITRAG 0625 - 0625</Ustrd></RmtInf></TxDtls></NtryDtls><AddtlNtryInf>FOLGELASTSCHRIFT</AddtlNtryInf></Ntry><Ntry><Amt Ccy="EUR">3002.32</Amt><CdtDbtInd>DBIT</CdtDbtInd><Sts><Cd>BOOK</Cd></Sts><BookgDt><Dt>2025-06-26</Dt></BookgDt><ValDt><Dt>2025-06-26</Dt></ValDt><AcctSvcrRef>2025-06-26-00.07.58.723395</AcctSvcrRef><BkTxCd/><NtryDtls><TxDtls><Refs><EndToEndId>2610010081439484</EndToEndId><MndtId>101106832-1</MndtId><Prtry><Tp>FI-UMSATZ-ID</Tp><Ref>2025-06-26-00.07.58.723395</Ref></Prtry></Refs><Amt Ccy="EUR">3002.32</Amt><BkTxCd><Domn><Cd>PMNT</Cd><Fmly><Cd>RDDT</Cd><SubFmlyCd>ESDD</SubFmlyCd></Fmly></Domn><Prtry><Cd>NDDT+105+9248+992</Cd><Issr>DK</Issr></Prtry></BkTxCd><RltdPties><Dbtr><Pty><Nm>Nitschke, Guido</Nm></Pty></Dbtr><DbtrAcct><Id><IBAN>DE35230510300004619086</IBAN></Id></DbtrAcct><Cdtr><Pty><Nm>Novitas BKK</Nm><Id><PrvtId><Othr><Id>DE28ZZZ00000092100</Id></Othr></PrvtId></Id></Pty></Cdtr><CdtrAcct><Id><IBAN>DE27200800000370380000</IBAN></Id></CdtrAcct></RltdPties><RltdAgts><DbtrAgt><FinInstnId><BICFI>NOLADE21SHO</BICFI></FinInstnId></DbtrAgt><CdtrAgt><FinInstnId><BICFI>DRESDEFF200</BICFI></FinInstnId></CdtrAgt></RltdAgts><RmtInf><Ustrd>Beitraege 01.06.2025 - 30.06.2025 15213435 3002.32</Ustrd></RmtInf></TxDtls></NtryDtls><AddtlNtryInf>FOLGELASTSCHRIFT</AddtlNtryInf></Ntry><Ntry><Amt Ccy="EUR">1573.77</Amt><CdtDbtInd>DBIT</CdtDbtInd><Sts><Cd>BOOK</Cd></Sts><BookgDt><Dt>2025-06-26</Dt></BookgDt><ValDt><Dt>2025-06-26</Dt></ValDt><AcctSvcrRef>2025-06-26-00.08.11.837125</AcctSvcrRef><BkTxCd/><NtryDtls><TxDtls><Refs><EndToEndId>2610002574834522</EndToEndId><MndtId>020532384526-1</MndtId><Prtry><Tp>FI-UMSATZ-ID</Tp><Ref>2025-06-26-00.08.11.837125</Ref></Prtry></Refs><Amt Ccy="EUR">1573.77</Amt><BkTxCd><Domn><Cd>PMNT</Cd><Fmly><Cd>RDDT</Cd><SubFmlyCd>ESDD</SubFmlyCd></Fmly></Domn><Prtry><Cd>NDDT+105+9200+992</Cd><Issr>DK</Issr></Prtry></BkTxCd><RltdPties><Dbtr><Pty><Nm>Transact GmbH</Nm></Pty></Dbtr><DbtrAcct><Id><IBAN>DE35230510300004619086</IBAN></Id></DbtrAcct><Cdtr><Pty><Nm>IKK Suedwest</Nm><Id><PrvtId><Othr><Id>DE45IKK00000178415</Id></Othr></PrvtId></Id></Pty></Cdtr><CdtrAcct><Id><IBAN>DE32590500000031513583</IBAN></Id></CdtrAcct></RltdPties><RltdAgts><DbtrAgt><FinInstnId><BICFI>NOLADE21SHO</BICFI></FinInstnId></DbtrAgt><CdtrAgt><FinInstnId><BICFI>SALADE55XXX</BICFI></FinInstnId></CdtrAgt></RltdAgts><RmtInf><Ustrd>Beitraege 01.06.2025 - 30.06.2025 15213435 1573.77</Ustrd></RmtInf></TxDtls></NtryDtls><AddtlNtryInf>FOLGELASTSCHRIFT</AddtlNtryInf></Ntry><Ntry><Amt Ccy="EUR">3024.02</Amt><CdtDbtInd>DBIT</CdtDbtInd><Sts><Cd>BOOK</Cd></Sts><BookgDt><Dt>2025-06-26</Dt></BookgDt><ValDt><Dt>2025-06-26</Dt></ValDt><AcctSvcrRef>2025-06-26-00.08.11.895538</AcctSvcrRef><BkTxCd/><NtryDtls><TxDtls><Refs><EndToEndId>8005185920 OB-15213435</EndToEndId><MndtId>2000882554000001</MndtId><Prtry><Tp>FI-UMSATZ-ID</Tp><Ref>2025-06-26-00.08.11.895538</Ref></Prtry></Refs><Amt Ccy="EUR">3024.02</Amt><BkTxCd><Domn><Cd>PMNT</Cd><Fmly><Cd>RDDT</Cd><SubFmlyCd>ESDD</SubFmlyCd></Fmly></Domn><Prtry><Cd>NDDT+105+9248+992</Cd><Issr>DK</Issr></Prtry></BkTxCd><RltdPties><Dbtr><Pty><Nm>TRANSACT-GESELLSCHAFT FUER SOFTWARE ANALYSE MBH</Nm></Pty></Dbtr><DbtrAcct><Id><IBAN>DE35230510300004619086</IBAN></Id></DbtrAcct><Cdtr><Pty><Nm>AOK Rheinland/Hamburg</Nm><Id><PrvtId><Othr><Id>DE05ZZZ00000018503</Id></Othr></PrvtId></Id></Pty></Cdtr><CdtrAcct><Id><IBAN>DE80300500000004066718</IBAN></Id></CdtrAcct><UltmtCdtr><Pty><Nm>AOK Rheinland/Hamburg - Die Gesundheitskasse</Nm></Pty></UltmtCdtr></RltdPties><RltdAgts><DbtrAgt><FinInstnId><BICFI>NOLADE21SHO</BICFI></FinInstnId></DbtrAgt><CdtrAgt><FinInstnId><BICFI>WELADEDDXXX</BICFI></FinInstnId></CdtrAgt></RltdAgts><RmtInf><Ustrd>8005185920 OB-15213435 EUR 3.024,02. BEITRAG 0625 - 0625</Ustrd></RmtInf></TxDtls></NtryDtls><AddtlNtryInf>FOLGELASTSCHRIFT</AddtlNtryInf></Ntry><Ntry><Amt Ccy="EUR">109.64</Amt><CdtDbtInd>DBIT</CdtDbtInd><Sts><Cd>BOOK</Cd></Sts><BookgDt><Dt>2025-06-26</Dt></BookgDt><ValDt><Dt>2025-06-26</Dt></ValDt><AcctSvcrRef>2025-06-26-00.08.11.909969</AcctSvcrRef><BkTxCd/><NtryDtls><TxDtls><Refs><EndToEndId>0556121217 OB-15213435</EndToEndId><MndtId>4600732646000001</MndtId><Prtry><Tp>FI-UMSATZ-ID</Tp><Ref>2025-06-26-00.08.11.909969</Ref></Prtry></Refs><Amt Ccy="EUR">109.64</Amt><BkTxCd><Domn><Cd>PMNT</Cd><Fmly><Cd>RDDT</Cd><SubFmlyCd>ESDD</SubFmlyCd></Fmly></Domn><Prtry><Cd>NDDT+105+9248+992</Cd><Issr>DK</Issr></Prtry></BkTxCd><RltdPties><Dbtr><Pty><Nm>TRANSACT-GESELLSCHAFT FUER SOFTWARE ANALYSE MBH</Nm></Pty></Dbtr><DbtrAcct><Id><IBAN>DE35230510300004619086</IBAN></Id></DbtrAcct><Cdtr><Pty><Nm>Knappschaft-Bahn-See</Nm><Id><PrvtId><Othr><Id>DE81KBS00000034886</Id></Othr></PrvtId></Id></Pty></Cdtr><CdtrAcct><Id><IBAN>DE24300500000001050541</IBAN></Id></CdtrAcct><UltmtCdtr><Pty><Nm>Deutsche Rentenversicherung Knappschaft-Bahn-See</Nm></Pty></UltmtCdtr></RltdPties><RltdAgts><DbtrAgt><FinInstnId><BICFI>NOLADE21SHO</BICFI></FinInstnId></DbtrAgt><CdtrAgt><FinInstnId><BICFI>WELADEDDXXX</BICFI></FinInstnId></CdtrAgt></RltdAgts><RmtInf><Ustrd>0556121217 OB-15213435 EUR 109,64. BEITRAG 0625 - 0625</Ustrd></RmtInf></TxDtls></NtryDtls><AddtlNtryInf>FOLGELASTSCHRIFT</AddtlNtryInf></Ntry><Ntry><Amt Ccy="EUR">1588.40</Amt><CdtDbtInd>DBIT</CdtDbtInd><Sts><Cd>BOOK</Cd></Sts><BookgDt><Dt>2025-06-26</Dt></BookgDt><ValDt><Dt>2025-06-26</Dt></ValDt><AcctSvcrRef>2025-06-26-00.08.19.417880</AcctSvcrRef><BkTxCd/><NtryDtls><TxDtls><Refs><EndToEndId>2610020394805107</EndToEndId><MndtId>02051608241-1</MndtId><Prtry><Tp>FI-UMSATZ-ID</Tp><Ref>2025-06-26-00.08.19.417880</Ref></Prtry></Refs><Amt Ccy="EUR">1588.40</Amt><BkTxCd><Domn><Cd>PMNT</Cd><Fmly><Cd>RDDT</Cd><SubFmlyCd>ESDD</SubFmlyCd></Fmly></Domn><Prtry><Cd>NDDT+105+9230+992</Cd><Issr>DK</Issr></Prtry></BkTxCd><RltdPties><Dbtr><Pty><Nm>Transact GmbH</Nm></Pty></Dbtr><DbtrAcct><Id><IBAN>DE35230510300004619086</IBAN></Id></DbtrAcct><Cdtr><Pty><Nm>IKK classic</Nm><Id><PrvtId><Othr><Id>DE21ZZZ00000017342</Id></Othr></PrvtId></Id></Pty></Cdtr><CdtrAcct><Id><IBAN>DE61600501017461505611</IBAN></Id></CdtrAcct></RltdPties><RltdAgts><DbtrAgt><FinInstnId><BICFI>NOLADE21SHO</BICFI></FinInstnId></DbtrAgt><CdtrAgt><FinInstnId><BICFI>SOLADEST600</BICFI></FinInstnId></CdtrAgt></RltdAgts><RmtInf><Ustrd>Beitraege 01.06.2025 - 30.06.2025 15213435 1588.40</Ustrd></RmtInf></TxDtls></NtryDtls><AddtlNtryInf>FOLGELASTSCHRIFT</AddtlNtryInf></Ntry><Ntry><Amt Ccy="EUR">10496.22</Amt><CdtDbtInd>DBIT</CdtDbtInd><Sts><Cd>BOOK</Cd></Sts><BookgDt><Dt>2025-06-26</Dt></BookgDt><ValDt><Dt>2025-06-26</Dt></ValDt><AcctSvcrRef>2025-06-26-00.08.35.330985</AcctSvcrRef><BkTxCd/><NtryDtls><TxDtls><Refs><EndToEndId>C5904116553 OB-15213435</EndToEndId><MndtId>0115832110000001</MndtId><Prtry><Tp>FI-UMSATZ-ID</Tp><Ref>2025-06-26-00.08.35.330985</Ref></Prtry></Refs><Amt Ccy="EUR">10496.22</Amt><BkTxCd><Domn><Cd>PMNT</Cd><Fmly><Cd>RDDT</Cd><SubFmlyCd>ESDD</SubFmlyCd></Fmly></Domn><Prtry><Cd>NDDT+105+9248+992</Cd><Issr>DK</Issr></Prtry></BkTxCd><RltdPties><Dbtr><Pty><Nm>TRANSACT GMBH</Nm></Pty></Dbtr><DbtrAcct><Id><IBAN>DE35230510300004619086</IBAN></Id></DbtrAcct><Cdtr><Pty><Nm>BARMER</Nm><Id><PrvtId><Othr><Id>DE91ZZZ00000008807</Id></Othr></PrvtId></Id></Pty></Cdtr><CdtrAcct><Id><IBAN>DE67300500000004000410</IBAN></Id></CdtrAcct><UltmtCdtr><Pty><Nm>Barmer Ersatzkasse</Nm></Pty></UltmtCdtr></RltdPties><RltdAgts><DbtrAgt><FinInstnId><BICFI>NOLADE21SHO</BICFI></FinInstnId></DbtrAgt><CdtrAgt><FinInstnId><BICFI>WELADEDDXXX</BICFI></FinInstnId></CdtrAgt></RltdAgts><RmtInf><Ustrd>EUR 10496,22 BEITRAG 0625-0625 BNR 15213435</Ustrd></RmtInf></TxDtls></NtryDtls><AddtlNtryInf>FOLGELASTSCHRIFT</AddtlNtryInf></Ntry><Ntry><Amt Ccy="EUR">803.99</Amt><CdtDbtInd>CRDT</CdtDbtInd><Sts><Cd>BOOK</Cd></Sts><BookgDt><Dt>2025-06-26</Dt></BookgDt><ValDt><Dt>2025-06-26</Dt></ValDt><AcctSvcrRef>2025-06-26-12.11.46.843596</AcctSvcrRef><BkTxCd/><NtryDtls><TxDtls><Refs><EndToEndId>10036568</EndToEndId><Prtry><Tp>FI-UMSATZ-ID</Tp><Ref>2025-06-26-12.11.46.843596</Ref></Prtry></Refs><Amt Ccy="EUR">803.99</Amt><BkTxCd><Domn><Cd>PMNT</Cd><Fmly><Cd>RCDT</Cd><SubFmlyCd>ESCT</SubFmlyCd></Fmly></Domn><Prtry><Cd>NTRF+166+9249+000</Cd><Issr>DK</Issr></Prtry></BkTxCd><RltdPties><Dbtr><Pty><Nm>Forvis Mazars GmbH Co. KG Wirtschaftsprufungsgesellschaft Steuerbera</Nm></Pty></Dbtr><DbtrAcct><Id><IBAN>DE10100800000766668800</IBAN></Id></DbtrAcct><Cdtr><Pty><Nm>Transact GmbH</Nm></Pty></Cdtr><CdtrAcct><Id><IBAN>DE35230510300004619086</IBAN></Id></CdtrAcct></RltdPties><RltdAgts><DbtrAgt><FinInstnId><BICFI>DRESDEFFXXX</BICFI></FinInstnId></DbtrAgt><CdtrAgt><FinInstnId><BICFI>NOLADE21SHO</BICFI></FinInstnId></CdtrAgt></RltdAgts><RmtInf><Ustrd>202500371 Qlik Sense Professional User Subscription Client-Managed 14.05.25-11.02.26</Ustrd></RmtInf></TxDtls></NtryDtls><AddtlNtryInf>GUTSCHRIFT ÜBERWEISUNG</AddtlNtryInf></Ntry><Ntry><Amt Ccy="EUR">129.10</Amt><CdtDbtInd>CRDT</CdtDbtInd><Sts><Cd>BOOK</Cd></Sts><BookgDt><Dt>2025-06-26</Dt></BookgDt><ValDt><Dt>2025-06-26</Dt></ValDt><AcctSvcrRef>2025-06-26-13.08.37.755966</AcctSvcrRef><BkTxCd/><NtryDtls><TxDtls><Refs><EndToEndId>C003333927336 OB-15213435</EndToEndId><Prtry><Tp>FI-UMSATZ-ID</Tp><Ref>2025-06-26-13.08.37.755966</Ref></Prtry></Refs><Amt Ccy="EUR">129.10</Amt><BkTxCd><Domn><Cd>PMNT</Cd><Fmly><Cd>RCDT</Cd><SubFmlyCd>ESCT</SubFmlyCd></Fmly></Domn><Prtry><Cd>NTRF+166+9249+000</Cd><Issr>DK</Issr></Prtry></BkTxCd><RltdPties><Dbtr><Pty><Nm>BARMER Ersatzkasse</Nm></Pty></Dbtr><DbtrAcct><Id><IBAN>DE45370205000008300000</IBAN></Id></DbtrAcct><Cdtr><Pty><Nm>TRANSACT GMBH</Nm></Pty></Cdtr><CdtrAcct><Id><IBAN>DE35230510300004619086</IBAN></Id></CdtrAcct></RltdPties><RltdAgts><DbtrAgt><FinInstnId><BICFI>BFSWDE33XXX</BICFI></FinInstnId></DbtrAgt><CdtrAgt><FinInstnId><BICFI>NOLADE21SHO</BICFI></FinInstnId></CdtrAgt></RltdAgts><RmtInf><Ustrd>EUR 129,10- ERSTATTUNG NACH AAG 19. BIS 19. 06.2025</Ustrd></RmtInf></TxDtls></NtryDtls><AddtlNtryInf>GUTSCHRIFT ÜBERWEISUNG</AddtlNtryInf></Ntry><Ntry><Amt Ccy="EUR">9442.50</Amt><CdtDbtInd>CRDT</CdtDbtInd><Sts><Cd>BOOK</Cd></Sts><BookgDt><Dt>2025-06-26</Dt></BookgDt><ValDt><Dt>2025-06-26</Dt></ValDt><AcctSvcrRef>2025-06-26-13.10.43.522311</AcctSvcrRef><BkTxCd/><NtryDtls><TxDtls><Refs><EndToEndId>132</EndToEndId><Prtry><Tp>FI-UMSATZ-ID</Tp><Ref>2025-06-26-13.10.43.522311</Ref></Prtry></Refs><Amt Ccy="EUR">9442.50</Amt><BkTxCd><Domn><Cd>PMNT</Cd><Fmly><Cd>RCDT</Cd><SubFmlyCd>ESCT</SubFmlyCd></Fmly></Domn><Prtry><Cd>NTRF+166+9243+000</Cd><Issr>DK</Issr></Prtry></BkTxCd><RltdPties><Dbtr><Pty><Nm>Leopoldina-Krankenhaus der Stadt Schweinfurt GmbH</Nm></Pty></Dbtr><DbtrAcct><Id><IBAN>DE79793501010000008185</IBAN></Id></DbtrAcct><UltmtDbtr><Pty><Nm>Leopoldina Krankenhaus GmbH</Nm></Pty></UltmtDbtr><Cdtr><Pty><Nm>Transact GmbH</Nm></Pty></Cdtr><CdtrAcct><Id><IBAN>DE35230510300004619086</IBAN></Id></CdtrAcct></RltdPties><RltdAgts><DbtrAgt><FinInstnId><BICFI>BYLADEM1KSW</BICFI></FinInstnId></DbtrAgt><CdtrAgt><FinInstnId><BICFI>NOLADE21SHO</BICFI></FinInstnId></CdtrAgt></RltdAgts><RmtInf><Ustrd>13.06.25 NR. 202500407</Ustrd></RmtInf></TxDtls></NtryDtls><AddtlNtryInf>GUTSCHRIFT ÜBERWEISUNG</AddtlNtryInf></Ntry></Rpt></BkToCstmrAcctRpt></Document>