<?xml version="1.0" encoding="UTF-8"?><Document xmlns="urn:iso:std:iso:20022:tech:xsd:camt.052.001.08" xmlns:xsi="http://www.w3.org/2001/XMLSchema-instance" xsi:schemaLocation="urn:iso:std:iso:20022:tech:xsd:camt.052.001.08 camt.052.001.08.xsd"><BkToCstmrAcctRpt><GrpHdr><MsgId>camt52_20250702121733__ONLINEBA</MsgId><CreDtTm>2025-07-02T12:17:33+02:00</CreDtTm></GrpHdr><Rpt><Id>camt0528_ONLINEBA</Id><RptPgntn><PgNb>1</PgNb><LastPgInd>true</LastPgInd></RptPgntn><CreDtTm>2025-07-02T12:17:33+02:00</CreDtTm><Acct><Id><IBAN>DE35230510300004619086</IBAN></Id><Ccy>EUR</Ccy><Svcr><FinInstnId><BICFI>NOLADE21SHO</BICFI><Nm>SPARKASSE SUEDHOLSTEIN</Nm><Othr><Id>DE 134796412</Id><Issr>UmsStId</Issr></Othr></FinInstnId></Svcr></Acct><Bal><Tp><CdOrPrtry><Cd>OPBD</Cd></CdOrPrtry></Tp><Amt Ccy="EUR">1184.01</Amt><CdtDbtInd>DBIT</CdtDbtInd><Dt><Dt>2025-07-01</Dt></Dt></Bal><Bal><Tp><CdOrPrtry><Cd>CLBD</Cd></CdOrPrtry></Tp><Amt Ccy="EUR">1232.05</Amt><CdtDbtInd>DBIT</CdtDbtInd><Dt><Dt>2025-07-02</Dt></Dt></Bal><Ntry><Amt Ccy="EUR">4000.00</Amt><CdtDbtInd>DBIT</CdtDbtInd><Sts><Cd>BOOK</Cd></Sts><BookgDt><Dt>2025-07-02</Dt></BookgDt><ValDt><Dt>2025-07-02</Dt></ValDt><AcctSvcrRef>2025-07-02-00.11.39.843170</AcctSvcrRef><BkTxCd/><NtryDtls><TxDtls><Refs><EndToEndId>A7HNP45TV6TB32R</EndToEndId><MndtId>H4K17fLnLSs</MndtId><Prtry><Tp>FI-UMSATZ-ID</Tp><Ref>2025-07-02-00.11.39.843170</Ref></Prtry></Refs><Amt Ccy="EUR">4000.00</Amt><BkTxCd><Domn><Cd>PMNT</Cd><Fmly><Cd>RDDT</Cd><SubFmlyCd>ESDD</SubFmlyCd></Fmly></Domn><Prtry><Cd>NDDT+105+9248+992</Cd><Issr>DK</Issr></Prtry></BkTxCd><RltdPties><Dbtr><Pty><Nm>Transact - Gesellschaft fur Software . Analyse mbH</Nm></Pty></Dbtr><DbtrAcct><Id><IBAN>DE35230510300004619086</IBAN></Id></DbtrAcct><Cdtr><Pty><Nm>Pleo Financial Services A/S                                           Ravnsborg Tvaergade 5C, 4. Kobenhavn N DK,2200</Nm><Id><PrvtId><Othr><Id>DK29ZZZ999939155435</Id></Othr></PrvtId></Id></Pty></Cdtr><CdtrAcct><Id><IBAN>DE93501108006161618027</IBAN></Id></CdtrAcct></RltdPties><RltdAgts><DbtrAgt><FinInstnId><BICFI>NOLADE21SHO</BICFI></FinInstnId></DbtrAgt><CdtrAgt><FinInstnId><BICFI>CHASDEFXXXX</BICFI></FinInstnId></CdtrAgt></RltdAgts></TxDtls></NtryDtls><AddtlNtryInf>FOLGELASTSCHRIFT</AddtlNtryInf></Ntry><Ntry><Amt Ccy="EUR">2691.45</Amt><CdtDbtInd>DBIT</CdtDbtInd><Sts><Cd>BOOK</Cd></Sts><BookgDt><Dt>2025-07-02</Dt></BookgDt><ValDt><Dt>2025-07-02</Dt></ValDt><AcctSvcrRef>2025-07-02-08.30.23.894113</AcctSvcrRef><BkTxCd/><NtryDtls><TxDtls><Refs><PmtInfId>c82a063-1780330343-8222004-20250702</PmtInfId><Prtry><Tp>FI-UMSATZ-ID</Tp><Ref>2025-07-02-08.30.23.894113</Ref></Prtry></Refs><Amt Ccy="EUR">2691.45</Amt><BkTxCd><Domn><Cd>PMNT</Cd><Fmly><Cd>ICDT</Cd><SubFmlyCd>ESCT</SubFmlyCd></Fmly></Domn><Prtry><Cd>NTRF+191+9301+997</Cd><Issr>DK</Issr></Prtry></BkTxCd><RltdPties><Dbtr><Pty><Nm>Transact-Gesellschaft für Software &amp; Analyse GmbH</Nm></Pty></Dbtr><DbtrAcct><Id><IBAN>DE35230510300004619086</IBAN></Id></DbtrAcct><UltmtDbtr><Pty><Nm>FIRMA TRANSACT-GESELLSCHAFT</Nm></Pty></UltmtDbtr><CdtrAcct><Id><Othr><Id>0000000000</Id></Othr></Id></CdtrAcct></RltdPties><RltdAgts><DbtrAgt><FinInstnId><BICFI>NOLADE21SHO</BICFI></FinInstnId></DbtrAgt><CdtrAgt><FinInstnId><Othr><Id>00000000</Id></Othr></FinInstnId></CdtrAgt></RltdAgts><RmtInf><Ustrd>ANZAHL        1</Ustrd></RmtInf></TxDtls></NtryDtls><AddtlNtryInf>SAMMELÜBERWEISUNG</AddtlNtryInf></Ntry><Ntry><Amt Ccy="EUR">4822.71</Amt><CdtDbtInd>CRDT</CdtDbtInd><Sts><Cd>BOOK</Cd></Sts><BookgDt><Dt>2025-07-02</Dt></BookgDt><ValDt><Dt>2025-07-02</Dt></ValDt><AcctSvcrRef>2025-07-02-10.11.53.972325</AcctSvcrRef><BkTxCd/><NtryDtls><TxDtls><Refs><EndToEndId>0001509862</EndToEndId><Prtry><Tp>FI-UMSATZ-ID</Tp><Ref>2025-07-02-10.11.53.972325</Ref></Prtry></Refs><Amt Ccy="EUR">4822.71</Amt><BkTxCd><Domn><Cd>PMNT</Cd><Fmly><Cd>RCDT</Cd><SubFmlyCd>ESCT</SubFmlyCd></Fmly></Domn><Prtry><Cd>NTRF+166+9249+000</Cd><Issr>DK</Issr></Prtry></BkTxCd><RltdPties><Dbtr><Pty><Nm>Berufsgen. Uni-Klinikum Bergmannsheil gGmbH</Nm></Pty></Dbtr><DbtrAcct><Id><IBAN>DE58430601290145154000</IBAN></Id></DbtrAcct><Cdtr><Pty><Nm>Transact GmbH                                                         Lagerstr. 17</Nm></Pty></Cdtr><CdtrAcct><Id><IBAN>DE35230510300004619086</IBAN></Id></CdtrAcct></RltdPties><RltdAgts><DbtrAgt><FinInstnId><BICFI>GENODEM1BOC</BICFI></FinInstnId></DbtrAgt><CdtrAgt><FinInstnId><BICFI>NOLADE21SHO</BICFI></FinInstnId></CdtrAgt></RltdAgts><RmtInf><Ustrd>/INV/202500405 12.6.2025</Ustrd></RmtInf></TxDtls></NtryDtls><AddtlNtryInf>GUTSCHRIFT ÜBERWEISUNG</AddtlNtryInf></Ntry><Ntry><Amt Ccy="EUR">1820.70</Amt><CdtDbtInd>CRDT</CdtDbtInd><Sts><Cd>BOOK</Cd></Sts><BookgDt><Dt>2025-07-02</Dt></BookgDt><ValDt><Dt>2025-07-02</Dt></ValDt><AcctSvcrRef>2025-07-02-11.11.21.568345</AcctSvcrRef><BkTxCd/><NtryDtls><TxDtls><Refs><EndToEndId>4568235171-0000017</EndToEndId><Prtry><Tp>FI-UMSATZ-ID</Tp><Ref>2025-07-02-11.11.21.568345</Ref></Prtry></Refs><Amt Ccy="EUR">1820.70</Amt><BkTxCd><Domn><Cd>PMNT</Cd><Fmly><Cd>RCDT</Cd><SubFmlyCd>ESCT</SubFmlyCd></Fmly></Domn><Prtry><Cd>NTRF+166+9203+000</Cd><Issr>DK</Issr></Prtry></BkTxCd><RltdPties><Dbtr><Pty><Nm>AGKAMED GmbH</Nm></Pty></Dbtr><DbtrAcct><Id><IBAN>DE44360501050001968007</IBAN></Id></DbtrAcct><Cdtr><Pty><Nm>Transact GmbH</Nm></Pty></Cdtr><CdtrAcct><Id><IBAN>DE35230510300004619086</IBAN></Id></CdtrAcct></RltdPties><RltdAgts><DbtrAgt><FinInstnId><BICFI>SPESDE3EXXX</BICFI></FinInstnId></DbtrAgt><CdtrAgt><FinInstnId><BICFI>NOLADE21SHO</BICFI></FinInstnId></CdtrAgt></RltdAgts><RmtInf><Ustrd>RNr. RA202500406 RDat. 12.06.2025 KNr. 1109</Ustrd></RmtInf></TxDtls></NtryDtls><AddtlNtryInf>GUTSCHRIFT ÜBERWEISUNG</AddtlNtryInf></Ntry></Rpt></BkToCstmrAcctRpt></Document>