<?xml version="1.0" encoding="UTF-8"?><Document xmlns="urn:iso:std:iso:20022:tech:xsd:camt.052.001.08" xmlns:xsi="http://www.w3.org/2001/XMLSchema-instance" xsi:schemaLocation="urn:iso:std:iso:20022:tech:xsd:camt.052.001.08 camt.052.001.08.xsd"><BkToCstmrAcctRpt><GrpHdr><MsgId>camt52_20250702121733__ONLINEBA</MsgId><CreDtTm>2025-07-02T12:17:33+02:00</CreDtTm></GrpHdr><Rpt><Id>camt0528_ONLINEBA</Id><RptPgntn><PgNb>1</PgNb><LastPgInd>true</LastPgInd></RptPgntn><CreDtTm>2025-07-02T12:17:33+02:00</CreDtTm><Acct><Id><IBAN>DE35230510300004619086</IBAN></Id><Ccy>EUR</Ccy><Svcr><FinInstnId><BICFI>NOLADE21SHO</BICFI><Nm>SPARKASSE SUEDHOLSTEIN</Nm><Othr><Id>DE 134796412</Id><Issr>UmsStId</Issr></Othr></FinInstnId></Svcr></Acct><Bal><Tp><CdOrPrtry><Cd>OPBD</Cd></CdOrPrtry></Tp><Amt Ccy="EUR">8118.98</Amt><CdtDbtInd>DBIT</CdtDbtInd><Dt><Dt>2025-06-30</Dt></Dt></Bal><Bal><Tp><CdOrPrtry><Cd>CLBD</Cd></CdOrPrtry></Tp><Amt Ccy="EUR">1184.01</Amt><CdtDbtInd>DBIT</CdtDbtInd><Dt><Dt>2025-07-01</Dt></Dt></Bal><Ntry><Amt Ccy="EUR">128.45</Amt><CdtDbtInd>DBIT</CdtDbtInd><Sts><Cd>BOOK</Cd></Sts><BookgDt><Dt>2025-07-01</Dt></BookgDt><ValDt><Dt>2025-07-01</Dt></ValDt><AcctSvcrRef>2025-06-30-21.19.32.366444</AcctSvcrRef><BkTxCd/><NtryDtls><TxDtls><Refs><Prtry><Tp>FI-UMSATZ-ID</Tp><Ref>2025-06-30-21.19.32.366444</Ref></Prtry></Refs><Amt Ccy="EUR">128.45</Amt><BkTxCd><Domn><Cd>ACMT</Cd><Fmly><Cd>OPCL</Cd><SubFmlyCd>ACCC</SubFmlyCd></Fmly></Domn><Prtry><Cd>NMSC+805+6666+000</Cd><Issr>DK</Issr></Prtry></BkTxCd><RltdPties><DbtrAcct><Id><Othr><Id>0004619086</Id></Othr></Id></DbtrAcct><CdtrAcct><Id><Othr><Id>0000000000</Id></Othr></Id></CdtrAcct></RltdPties><RltdAgts><DbtrAgt><FinInstnId><Nm>SPK SUEDHOLSTEIN NEUMUENSTE</Nm><Othr><Id>23051030</Id></Othr></FinInstnId></DbtrAgt><CdtrAgt><FinInstnId><Nm>SPK SUEDHOLSTEIN NEUMUENSTE</Nm><Othr><Id>23051030</Id></Othr></FinInstnId></CdtrAgt></RltdAgts><RmtInf><Ustrd>Abrechnung 30.06.2025</Ustrd><Ustrd>siehe Anlage</Ustrd><Ustrd>Abrechnung 30.06.2025</Ustrd><Ustrd>Information zur Abrechnung</Ustrd><Ustrd>Kontostand am 30.06.2025                                        8.118,98 -</Ustrd><Ustrd>Abrechnungszeitraum vom 01.06.2025 bis 30.06.2025</Ustrd><Ustrd>Sollzinsen                                                           3,74-</Ustrd><Ustrd>16,6000 v.H. Kred-Zins  bis 30.06.2025</Ustrd><Ustrd>Kreditprovision                                                     51,80-</Ustrd><Ustrd>aus nicht in Anspruch genommenem Kredit</Ustrd><Ustrd> 1,2500 v.H. Kred-Prov  bis 30.06.2025</Ustrd><Ustrd>Entgelte vom 31.05.2025 bis 30.06.2025                              52,40-</Ustrd><Ustrd>Kontoführung                1 x   29,90               29,90-</Ustrd><Ustrd>Daueraufträge               1 x    0,20                0,20-</Ustrd><Ustrd>Lastschriften              34 x    0,20                6,80-</Ustrd><Ustrd>Überweisungen DATA</Ustrd><Ustrd> Geschäftsvorfälle         46 x    0,10                4,60-</Ustrd><Ustrd>Gutschrift Überweisung     54 x    0,20               10,80-</Ustrd><Ustrd>Überweisungen Echtzeit      1 x    0,10                0,10-</Ustrd><Ustrd>Abrechnung 30.06.2025 vor Steuer                                   107,94-</Ustrd><Ustrd>Umsatzsteuer  19%  auf         107,94-                 USt:         20,51-</Ustrd><Ustrd>Abrechnung 30.06.2025                                              128,45-</Ustrd><Ustrd>Kontostand/Rechnungsabschluss am 30.06.2025                     8.247,43 -</Ustrd><Ustrd>Rechnungsnummer: 20250630-SH041-00033109762</Ustrd></RmtInf></TxDtls></NtryDtls><AddtlNtryInf>ABSCHLUSS</AddtlNtryInf></Ntry><Ntry><Amt Ccy="EUR">102.26</Amt><CdtDbtInd>DBIT</CdtDbtInd><Sts><Cd>BOOK</Cd></Sts><BookgDt><Dt>2025-07-01</Dt></BookgDt><ValDt><Dt>2025-07-01</Dt></ValDt><AcctSvcrRef>2025-07-01-00.06.22.305275</AcctSvcrRef><BkTxCd/><NtryDtls><TxDtls><Refs><EndToEndId>2517512251441</EndToEndId><MndtId>0010024626420000122013001</MndtId><Prtry><Tp>FI-UMSATZ-ID</Tp><Ref>2025-07-01-00.06.22.305275</Ref></Prtry></Refs><Amt Ccy="EUR">102.26</Amt><BkTxCd><Domn><Cd>PMNT</Cd><Fmly><Cd>RDDT</Cd><SubFmlyCd>ESDD</SubFmlyCd></Fmly></Domn><Prtry><Cd>NDDT+105+9248+992</Cd><Issr>DK</Issr></Prtry></BkTxCd><RltdPties><Dbtr><Pty><Nm>TRANSACT GMBH</Nm></Pty></Dbtr><DbtrAcct><Id><IBAN>DE35230510300004619086</IBAN></Id></DbtrAcct><Cdtr><Pty><Nm>Nurnberger Lebensversicherung Aktiengesellschaft</Nm><Id><PrvtId><Othr><Id>DE96ZZZ00000022103</Id></Othr></PrvtId></Id></Pty></Cdtr><CdtrAcct><Id><IBAN>DE41760700120464189000</IBAN></Id></CdtrAcct></RltdPties><RltdAgts><DbtrAgt><FinInstnId><BICFI>NOLADE21SHO</BICFI></FinInstnId></DbtrAgt><CdtrAgt><FinInstnId><BICFI>DEUTDEMM760</BICFI></FinInstnId></CdtrAgt></RltdAgts><RmtInf><Ustrd>462642000012 NLV LEBENSVERS. / 01.07.2025 102,26</Ustrd></RmtInf></TxDtls></NtryDtls><AddtlNtryInf>FOLGELASTSCHRIFT</AddtlNtryInf></Ntry><Ntry><Amt Ccy="EUR">114.12</Amt><CdtDbtInd>DBIT</CdtDbtInd><Sts><Cd>BOOK</Cd></Sts><BookgDt><Dt>2025-07-01</Dt></BookgDt><ValDt><Dt>2025-07-01</Dt></ValDt><AcctSvcrRef>2025-07-01-00.14.07.112258</AcctSvcrRef><BkTxCd/><NtryDtls><TxDtls><Refs><EndToEndId>0-20250627-0260672-9</EndToEndId><MndtId>942197P-0521082</MndtId><Prtry><Tp>FI-UMSATZ-ID</Tp><Ref>2025-07-01-00.14.07.112258</Ref></Prtry></Refs><Amt Ccy="EUR">114.12</Amt><BkTxCd><Domn><Cd>PMNT</Cd><Fmly><Cd>RDDT</Cd><SubFmlyCd>ESDD</SubFmlyCd></Fmly></Domn><Prtry><Cd>NDDT+105+9248+992</Cd><Issr>DK</Issr></Prtry></BkTxCd><RltdPties><Dbtr><Pty><Nm>TRANSACT GMBH                                                         Kleine Reichenstr. 1</Nm></Pty></Dbtr><DbtrAcct><Id><IBAN>DE35230510300004619086</IBAN></Id></DbtrAcct><Cdtr><Pty><Nm>Canada Life Assuranc                                                  Siemensstr. 8</Nm><Id><PrvtId><Othr><Id>DE88ZZZ00000060465</Id></Othr></PrvtId></Id></Pty></Cdtr><CdtrAcct><Id><IBAN>DE76700202700015535845</IBAN></Id></CdtrAcct></RltdPties><RltdAgts><DbtrAgt><FinInstnId><BICFI>NOLADE21SHO</BICFI></FinInstnId></DbtrAgt><CdtrAgt><FinInstnId><BICFI>HYVEDEMMXXX</BICFI></FinInstnId></CdtrAgt></RltdAgts><RmtInf><Ustrd>0-20250627-0260672-9 Canada Life 6205233E Folgebeitrag 01.07.2025</Ustrd></RmtInf></TxDtls></NtryDtls><AddtlNtryInf>FOLGELASTSCHRIFT</AddtlNtryInf></Ntry><Ntry><Amt Ccy="EUR">170.00</Amt><CdtDbtInd>DBIT</CdtDbtInd><Sts><Cd>BOOK</Cd></Sts><BookgDt><Dt>2025-07-01</Dt></BookgDt><ValDt><Dt>2025-07-01</Dt></ValDt><AcctSvcrRef>2025-07-01-00.21.42.525130</AcctSvcrRef><BkTxCd/><NtryDtls><TxDtls><Refs><EndToEndId>341007406871</EndToEndId><MndtId>MS0000013499670</MndtId><Prtry><Tp>FI-UMSATZ-ID</Tp><Ref>2025-07-01-00.21.42.525130</Ref></Prtry></Refs><Amt Ccy="EUR">170.00</Amt><BkTxCd><Domn><Cd>PMNT</Cd><Fmly><Cd>RDDT</Cd><SubFmlyCd>ESDD</SubFmlyCd></Fmly></Domn><Prtry><Cd>NDDT+105+9248+992</Cd><Issr>DK</Issr></Prtry></BkTxCd><RltdPties><Dbtr><Pty><Nm>Transact GmbH</Nm></Pty></Dbtr><DbtrAcct><Id><IBAN>DE35230510300004619086</IBAN></Id></DbtrAcct><Cdtr><Pty><Nm>Condor Lebensversicherungs-Aktiengesellschaft</Nm><Id><PrvtId><Othr><Id>DE6308300000090403</Id></Othr></PrvtId></Id></Pty></Cdtr><CdtrAcct><Id><IBAN>DE97500604000080145317</IBAN></Id></CdtrAcct></RltdPties><RltdAgts><DbtrAgt><FinInstnId><BICFI>NOLADE21SHO</BICFI></FinInstnId></DbtrAgt><CdtrAgt><FinInstnId><BICFI>GENODEFFXXX</BICFI></FinInstnId></CdtrAgt></RltdAgts><RmtInf><Ustrd>70901328226 Leben / Gaede, Meike Britta / 170.00 Folgeb. 01.07</Ustrd></RmtInf></TxDtls></NtryDtls><AddtlNtryInf>FOLGELASTSCHRIFT</AddtlNtryInf></Ntry><Ntry><Amt Ccy="EUR">61.48</Amt><CdtDbtInd>DBIT</CdtDbtInd><Sts><Cd>BOOK</Cd></Sts><BookgDt><Dt>2025-07-01</Dt></BookgDt><ValDt><Dt>2025-07-01</Dt></ValDt><AcctSvcrRef>2025-07-01-00.24.47.011325</AcctSvcrRef><BkTxCd/><NtryDtls><TxDtls><Refs><EndToEndId>0008613000ZV0000082Z</EndToEndId><MndtId>WTG00000000000329644</MndtId><Prtry><Tp>FI-UMSATZ-ID</Tp><Ref>2025-07-01-00.24.47.011325</Ref></Prtry></Refs><Amt Ccy="EUR">61.48</Amt><BkTxCd><Domn><Cd>PMNT</Cd><Fmly><Cd>RDDT</Cd><SubFmlyCd>ESDD</SubFmlyCd></Fmly></Domn><Prtry><Cd>NDDT+105+9216+992</Cd><Issr>DK</Issr></Prtry></BkTxCd><RltdPties><Dbtr><Pty><Nm>Transact Gesellschaft fuer Software   Analyse mbH</Nm></Pty></Dbtr><DbtrAcct><Id><IBAN>DE35230510300004619086</IBAN></Id></DbtrAcct><Cdtr><Pty><Nm>wilhelm.tel GmbH</Nm><Id><PrvtId><Othr><Id>DE91ZZZ00000124528</Id></Othr></PrvtId></Id></Pty></Cdtr><CdtrAcct><Id><IBAN>DE40213522400179098488</IBAN></Id></CdtrAcct></RltdPties><RltdAgts><DbtrAgt><FinInstnId><BICFI>NOLADE21SHO</BICFI></FinInstnId></DbtrAgt><CdtrAgt><FinInstnId><BICFI>NOLADE21HOL</BICFI></FinInstnId></CdtrAgt></RltdAgts><RmtInf><Ustrd>KD. NR. 1327641 RE 2250747855 vom 18.06.25 EUR 61,4</Ustrd></RmtInf></TxDtls></NtryDtls><AddtlNtryInf>FOLGELASTSCHRIFT</AddtlNtryInf></Ntry><Ntry><Amt Ccy="EUR">55.08</Amt><CdtDbtInd>DBIT</CdtDbtInd><Sts><Cd>BOOK</Cd></Sts><BookgDt><Dt>2025-07-01</Dt></BookgDt><ValDt><Dt>2025-07-01</Dt></ValDt><AcctSvcrRef>2025-07-01-00.25.40.244129</AcctSvcrRef><BkTxCd/><NtryDtls><TxDtls><Refs><EndToEndId>568015646 2025061601341680</EndToEndId><MndtId>5680156461301</MndtId><Prtry><Tp>FI-UMSATZ-ID</Tp><Ref>2025-07-01-00.25.40.244129</Ref></Prtry></Refs><Amt Ccy="EUR">55.08</Amt><BkTxCd><Domn><Cd>PMNT</Cd><Fmly><Cd>RDDT</Cd><SubFmlyCd>ESDD</SubFmlyCd></Fmly></Domn><Prtry><Cd>NDDT+105+9230+992</Cd><Issr>DK</Issr></Prtry></BkTxCd><RltdPties><Dbtr><Pty><Nm>Transact Ges. fuer Software   Analyse</Nm></Pty></Dbtr><DbtrAcct><Id><IBAN>DE35230510300004619086</IBAN></Id></DbtrAcct><Cdtr><Pty><Nm>Rundfunk ARD, ZDF, DRadio</Nm><Id><PrvtId><Othr><Id>DE3000100000001272</Id></Othr></PrvtId></Id></Pty></Cdtr><CdtrAcct><Id><IBAN>DE11600501010002005333</IBAN></Id></CdtrAcct></RltdPties><RltdAgts><DbtrAgt><FinInstnId><BICFI>NOLADE21SHO</BICFI></FinInstnId></DbtrAgt><CdtrAgt><FinInstnId><BICFI>SOLADEST600</BICFI></FinInstnId></CdtrAgt></RltdAgts><RmtInf><Ustrd>Rundfunk 07.2025 - 09.2025 Beitragsnr. 568015646 Aenderungen ganz bequem: www.rundfunkbeitrag.de</Ustrd></RmtInf></TxDtls></NtryDtls><AddtlNtryInf>FOLGELASTSCHRIFT</AddtlNtryInf></Ntry><Ntry><Amt Ccy="EUR">54.61</Amt><CdtDbtInd>DBIT</CdtDbtInd><Sts><Cd>BOOK</Cd></Sts><BookgDt><Dt>2025-07-01</Dt></BookgDt><ValDt><Dt>2025-07-01</Dt></ValDt><AcctSvcrRef>2025-07-01-00.26.46.957493</AcctSvcrRef><BkTxCd/><NtryDtls><TxDtls><Refs><EndToEndId>AB425176-000496SZ052025000000005418</EndToEndId><MndtId>SZ050000000000000000000000000997795</MndtId><Prtry><Tp>FI-UMSATZ-ID</Tp><Ref>2025-07-01-00.26.46.957493</Ref></Prtry></Refs><Amt Ccy="EUR">54.61</Amt><BkTxCd><Domn><Cd>PMNT</Cd><Fmly><Cd>RDDT</Cd><SubFmlyCd>ESDD</SubFmlyCd></Fmly></Domn><Prtry><Cd>NDDT+105+9248+992</Cd><Issr>DK</Issr></Prtry></BkTxCd><RltdPties><Dbtr><Pty><Nm>Transact - Gesellschaft fuer Software + Analyse mbH                   Kleine Reichenstr. 1</Nm></Pty></Dbtr><DbtrAcct><Id><IBAN>DE35230510300004619086</IBAN></Id></DbtrAcct><Cdtr><Pty><Nm>Volkswagen Autovers. AG</Nm><Id><PrvtId><Othr><Id>DE03ZZZ00000662134</Id></Othr></PrvtId></Id></Pty></Cdtr><CdtrAcct><Id><IBAN>DE24700202700015146841</IBAN></Id></CdtrAcct><UltmtCdtr><Pty><Nm>Volkswagen Autovers. AG</Nm></Pty></UltmtCdtr></RltdPties><RltdAgts><DbtrAgt><FinInstnId><BICFI>NOLADE21SHO</BICFI></FinInstnId></DbtrAgt><CdtrAgt><FinInstnId><BICFI>HYVEDEMMXXX</BICFI></FinInstnId></CdtrAgt></RltdAgts><RmtInf><Ustrd>VWAV / VSNR VM1038726209 / HH-TA 2044 / Abrechnung vom 25.06.2025 bis 24.07.2025</Ustrd></RmtInf></TxDtls></NtryDtls><AddtlNtryInf>FOLGELASTSCHRIFT</AddtlNtryInf></Ntry><Ntry><Amt Ccy="EUR">568.00</Amt><CdtDbtInd>DBIT</CdtDbtInd><Sts><Cd>BOOK</Cd></Sts><BookgDt><Dt>2025-07-01</Dt></BookgDt><ValDt><Dt>2025-07-01</Dt></ValDt><AcctSvcrRef>2025-07-01-00.37.36.004778</AcctSvcrRef><BkTxCd/><NtryDtls><TxDtls><Refs><EndToEndId>040102991995</EndToEndId><MndtId>100000003592870</MndtId><Prtry><Tp>FI-UMSATZ-ID</Tp><Ref>2025-07-01-00.37.36.004778</Ref></Prtry></Refs><Amt Ccy="EUR">568.00</Amt><BkTxCd><Domn><Cd>PMNT</Cd><Fmly><Cd>RDDT</Cd><SubFmlyCd>ESDD</SubFmlyCd></Fmly></Domn><Prtry><Cd>NDDT+105+9202+992</Cd><Issr>DK</Issr></Prtry></BkTxCd><RltdPties><Dbtr><Pty><Nm>Transact - Gesellschaft fuer Software A nalyse mbH                    Kleine Reichenstr. 1</Nm></Pty></Dbtr><DbtrAcct><Id><IBAN>DE35230510300004619086</IBAN></Id></DbtrAcct><Cdtr><Pty><Nm>Gothaer Lebensversicherung Aktiengesellschaft                         Arnoldi-Platz 1</Nm><Id><PrvtId><Othr><Id>DE16ZZZ00000070200</Id></Othr></PrvtId></Id></Pty></Cdtr><CdtrAcct><Id><IBAN>DE12330500000000920009</IBAN></Id></CdtrAcct><UltmtCdtr><Pty><Nm>Gothaer Lebensvers.AG</Nm></Pty></UltmtCdtr></RltdPties><RltdAgts><DbtrAgt><FinInstnId><BICFI>NOLADE21SHO</BICFI></FinInstnId></DbtrAgt><CdtrAgt><FinInstnId><BICFI>WUPSDE33XXX</BICFI></FinInstnId></CdtrAgt></RltdAgts><RmtInf><Ustrd>Rentenversicherung/Vertrag 002635719T10</Ustrd></RmtInf></TxDtls></NtryDtls><AddtlNtryInf>FOLGELASTSCHRIFT</AddtlNtryInf></Ntry><Ntry><Amt Ccy="EUR">54.83</Amt><CdtDbtInd>DBIT</CdtDbtInd><Sts><Cd>BOOK</Cd></Sts><BookgDt><Dt>2025-07-01</Dt></BookgDt><ValDt><Dt>2025-07-01</Dt></ValDt><AcctSvcrRef>2025-07-01-00.39.49.525304</AcctSvcrRef><BkTxCd/><NtryDtls><TxDtls><Refs><EndToEndId>003401844690</EndToEndId><MndtId>T00200011000000040638006</MndtId><Prtry><Tp>FI-UMSATZ-ID</Tp><Ref>2025-07-01-00.39.49.525304</Ref></Prtry></Refs><Amt Ccy="EUR">54.83</Amt><BkTxCd><Domn><Cd>PMNT</Cd><Fmly><Cd>RDDT</Cd><SubFmlyCd>ESDD</SubFmlyCd></Fmly></Domn><Prtry><Cd>NDDT+105+9248+992</Cd><Issr>DK</Issr></Prtry></BkTxCd><RltdPties><Dbtr><Pty><Nm>TRANSACT - GESELLSCHAFT FUeR SO                                       Kleine Reichenstr. 1</Nm></Pty></Dbtr><DbtrAcct><Id><IBAN>DE35230510300004619086</IBAN></Id></DbtrAcct><Cdtr><Pty><Nm>TG GmbH Co. OHG                                                       Georg-Brauchle-Ring 23-25</Nm><Id><PrvtId><Othr><Id>DE9700000000142462</Id></Othr></PrvtId></Id></Pty></Cdtr><CdtrAcct><Id><IBAN>DE11700400410225563606</IBAN></Id></CdtrAcct></RltdPties><RltdAgts><DbtrAgt><FinInstnId><BICFI>NOLADE21SHO</BICFI></FinInstnId></DbtrAgt><CdtrAgt><FinInstnId><BICFI>COBADEFF</BICFI></FinInstnId></CdtrAgt></RltdAgts><RmtInf><Ustrd>Telefonica sagt Danke Kd-Nr.:7040425409, Rg-Nr.:2000405691</Ustrd></RmtInf></TxDtls></NtryDtls><AddtlNtryInf>FOLGELASTSCHRIFT</AddtlNtryInf></Ntry><Ntry><Amt Ccy="EUR">78.63</Amt><CdtDbtInd>DBIT</CdtDbtInd><Sts><Cd>BOOK</Cd></Sts><BookgDt><Dt>2025-07-01</Dt></BookgDt><ValDt><Dt>2025-07-01</Dt></ValDt><AcctSvcrRef>2025-07-01-00.39.49.534906</AcctSvcrRef><BkTxCd/><NtryDtls><TxDtls><Refs><EndToEndId>003401844691</EndToEndId><MndtId>T00200011000000040645551</MndtId><Prtry><Tp>FI-UMSATZ-ID</Tp><Ref>2025-07-01-00.39.49.534906</Ref></Prtry></Refs><Amt Ccy="EUR">78.63</Amt><BkTxCd><Domn><Cd>PMNT</Cd><Fmly><Cd>RDDT</Cd><SubFmlyCd>ESDD</SubFmlyCd></Fmly></Domn><Prtry><Cd>NDDT+105+9248+992</Cd><Issr>DK</Issr></Prtry></BkTxCd><RltdPties><Dbtr><Pty><Nm>TRANSACT - GESELLSCHAFT FUeR SO                                       Kleine Reichenstr. 1</Nm></Pty></Dbtr><DbtrAcct><Id><IBAN>DE35230510300004619086</IBAN></Id></DbtrAcct><Cdtr><Pty><Nm>TG GmbH Co. OHG                                                       Georg-Brauchle-Ring 23-25</Nm><Id><PrvtId><Othr><Id>DE9700000000142462</Id></Othr></PrvtId></Id></Pty></Cdtr><CdtrAcct><Id><IBAN>DE11700400410225563606</IBAN></Id></CdtrAcct></RltdPties><RltdAgts><DbtrAgt><FinInstnId><BICFI>NOLADE21SHO</BICFI></FinInstnId></DbtrAgt><CdtrAgt><FinInstnId><BICFI>COBADEFF</BICFI></FinInstnId></CdtrAgt></RltdAgts><RmtInf><Ustrd>Telefonica sagt Danke Kd-Nr.:7040425409, Rg-Nr.:2000412783</Ustrd></RmtInf></TxDtls></NtryDtls><AddtlNtryInf>FOLGELASTSCHRIFT</AddtlNtryInf></Ntry><Ntry><Amt Ccy="EUR">67.07</Amt><CdtDbtInd>DBIT</CdtDbtInd><Sts><Cd>BOOK</Cd></Sts><BookgDt><Dt>2025-07-01</Dt></BookgDt><ValDt><Dt>2025-07-01</Dt></ValDt><AcctSvcrRef>2025-07-01-00.43.00.526832</AcctSvcrRef><BkTxCd/><NtryDtls><TxDtls><Refs><EndToEndId>332903024</EndToEndId><MndtId>239193478B00014</MndtId><Prtry><Tp>FI-UMSATZ-ID</Tp><Ref>2025-07-01-00.43.00.526832</Ref></Prtry></Refs><Amt Ccy="EUR">67.07</Amt><BkTxCd><Domn><Cd>PMNT</Cd><Fmly><Cd>RDDT</Cd><SubFmlyCd>ESDD</SubFmlyCd></Fmly></Domn><Prtry><Cd>NDDT+105+9248+992</Cd><Issr>DK</Issr></Prtry></BkTxCd><RltdPties><Dbtr><Pty><Nm>Transact Gesellschaft fuer</Nm></Pty></Dbtr><DbtrAcct><Id><IBAN>DE35230510300004619086</IBAN></Id></DbtrAcct><Cdtr><Pty><Nm>HANSEMERKUR VERS.</Nm><Id><PrvtId><Othr><Id>DE74ZZZ00000066149</Id></Othr></PrvtId></Id></Pty></Cdtr><CdtrAcct><Id><IBAN>DE24200300000000241414</IBAN></Id></CdtrAcct></RltdPties><RltdAgts><DbtrAgt><FinInstnId><BICFI>NOLADE21SHO</BICFI></FinInstnId></DbtrAgt><CdtrAgt><FinInstnId><BICFI>HYVEDEMM300</BICFI></FinInstnId></CdtrAgt></RltdAgts><RmtInf><Ustrd>239193478B00014 01.07.2025 Rentenversicherung</Ustrd></RmtInf></TxDtls></NtryDtls><AddtlNtryInf>FOLGELASTSCHRIFT</AddtlNtryInf></Ntry><Ntry><Amt Ccy="EUR">6902.00</Amt><CdtDbtInd>CRDT</CdtDbtInd><Sts><Cd>BOOK</Cd></Sts><BookgDt><Dt>2025-07-01</Dt></BookgDt><ValDt><Dt>2025-07-01</Dt></ValDt><AcctSvcrRef>2025-07-01-14.04.36.694921</AcctSvcrRef><BkTxCd/><NtryDtls><TxDtls><Refs><EndToEndId>0003005307</EndToEndId><Prtry><Tp>FI-UMSATZ-ID</Tp><Ref>2025-07-01-14.04.36.694921</Ref></Prtry></Refs><Amt Ccy="EUR">6902.00</Amt><BkTxCd><Domn><Cd>PMNT</Cd><Fmly><Cd>RCDT</Cd><SubFmlyCd>ESCT</SubFmlyCd></Fmly></Domn><Prtry><Cd>NTRF+166+9203+000</Cd><Issr>DK</Issr></Prtry></BkTxCd><RltdPties><Dbtr><Pty><Nm>Kaiserswerther Diakonie</Nm></Pty></Dbtr><DbtrAcct><Id><IBAN>DE27300501100024000341</IBAN></Id></DbtrAcct><Cdtr><Pty><Nm>Transact GmbH</Nm></Pty></Cdtr><CdtrAcct><Id><IBAN>DE35230510300004619086</IBAN></Id></CdtrAcct></RltdPties><RltdAgts><DbtrAgt><FinInstnId><BICFI>DUSSDEDDXXX</BICFI></FinInstnId></DbtrAgt><CdtrAgt><FinInstnId><BICFI>NOLADE21SHO</BICFI></FinInstnId></CdtrAgt></RltdAgts><RmtInf><Ustrd>/INV/202500415 17.6.2025 /477</Ustrd></RmtInf></TxDtls></NtryDtls><AddtlNtryInf>GUTSCHRIFT ÜBERWEISUNG</AddtlNtryInf></Ntry><Ntry><Amt Ccy="EUR">1487.50</Amt><CdtDbtInd>CRDT</CdtDbtInd><Sts><Cd>BOOK</Cd></Sts><BookgDt><Dt>2025-07-01</Dt></BookgDt><ValDt><Dt>2025-07-01</Dt></ValDt><AcctSvcrRef>2025-07-01-17.10.41.780562</AcctSvcrRef><BkTxCd/><NtryDtls><TxDtls><Refs><EndToEndId>ZA001479185</EndToEndId><Prtry><Tp>FI-UMSATZ-ID</Tp><Ref>2025-07-01-17.10.41.780562</Ref></Prtry></Refs><Amt Ccy="EUR">1487.50</Amt><BkTxCd><Domn><Cd>PMNT</Cd><Fmly><Cd>RCDT</Cd><SubFmlyCd>ESCT</SubFmlyCd></Fmly></Domn><Prtry><Cd>NTRF+166+9243+000</Cd><Issr>DK</Issr></Prtry></BkTxCd><RltdPties><Dbtr><Pty><Nm>Krankenhaus GmbH Landkreis Weilheim-Schongau</Nm></Pty></Dbtr><DbtrAcct><Id><IBAN>DE04703510300000005991</IBAN></Id></DbtrAcct><UltmtDbtr><Pty><Nm>KRANKENHAUS SCHONGAU</Nm></Pty></UltmtDbtr><Cdtr><Pty><Nm>TRANSACT GMBH</Nm></Pty></Cdtr><CdtrAcct><Id><IBAN>DE35230510300004619086</IBAN></Id></CdtrAcct></RltdPties><RltdAgts><DbtrAgt><FinInstnId><BICFI>BYLADEM1WHM</BICFI></FinInstnId></DbtrAgt><CdtrAgt><FinInstnId><BICFI>NOLADE21SHO</BICFI></FinInstnId></CdtrAgt></RltdAgts><RmtInf><Ustrd>RE.NR.RA 202500417 KD.NR. 1028</Ustrd></RmtInf></TxDtls></NtryDtls><AddtlNtryInf>GUTSCHRIFT ÜBERWEISUNG</AddtlNtryInf></Ntry></Rpt></BkToCstmrAcctRpt></Document>