<?xml version="1.0" encoding="UTF-8"?><Document xmlns="urn:iso:std:iso:20022:tech:xsd:camt.052.001.08" xmlns:xsi="http://www.w3.org/2001/XMLSchema-instance" xsi:schemaLocation="urn:iso:std:iso:20022:tech:xsd:camt.052.001.08 camt.052.001.08.xsd"><BkToCstmrAcctRpt><GrpHdr><MsgId>camt52_20250702121733__ONLINEBA</MsgId><CreDtTm>2025-07-02T12:17:33+02:00</CreDtTm></GrpHdr><Rpt><Id>camt0528_ONLINEBA</Id><RptPgntn><PgNb>1</PgNb><LastPgInd>true</LastPgInd></RptPgntn><CreDtTm>2025-07-02T12:17:33+02:00</CreDtTm><Acct><Id><IBAN>DE35230510300004619086</IBAN></Id><Ccy>EUR</Ccy><Svcr><FinInstnId><BICFI>NOLADE21SHO</BICFI><Nm>SPARKASSE SUEDHOLSTEIN</Nm><Othr><Id>DE 134796412</Id><Issr>UmsStId</Issr></Othr></FinInstnId></Svcr></Acct><Bal><Tp><CdOrPrtry><Cd>OPBD</Cd></CdOrPrtry></Tp><Amt Ccy="EUR">6544.80</Amt><CdtDbtInd>CRDT</CdtDbtInd><Dt><Dt>2025-06-27</Dt></Dt></Bal><Bal><Tp><CdOrPrtry><Cd>CLBD</Cd></CdOrPrtry></Tp><Amt Ccy="EUR">8118.98</Amt><CdtDbtInd>DBIT</CdtDbtInd><Dt><Dt>2025-06-30</Dt></Dt></Bal><Ntry><Amt Ccy="EUR">27687.12</Amt><CdtDbtInd>DBIT</CdtDbtInd><Sts><Cd>BOOK</Cd></Sts><BookgDt><Dt>2025-06-30</Dt></BookgDt><ValDt><Dt>2025-06-30</Dt></ValDt><AcctSvcrRef>2025-06-30-01.10.33.502556</AcctSvcrRef><BkTxCd/><NtryDtls><TxDtls><Refs><PmtInfId>beb7a5-1527646531-10104900-20250629</PmtInfId><Prtry><Tp>FI-UMSATZ-ID</Tp><Ref>2025-06-30-01.10.33.502556</Ref></Prtry></Refs><Amt Ccy="EUR">27687.12</Amt><BkTxCd><Domn><Cd>PMNT</Cd><Fmly><Cd>ICDT</Cd><SubFmlyCd>ESCT</SubFmlyCd></Fmly></Domn><Prtry><Cd>NTRF+191+9301+997</Cd><Issr>DK</Issr></Prtry></BkTxCd><RltdPties><DbtrAcct><Id><Othr><Id>0004619086</Id></Othr></Id></DbtrAcct><CdtrAcct><Id><Othr><Id>0004619086</Id></Othr></Id></CdtrAcct></RltdPties><RltdAgts><DbtrAgt><FinInstnId><Nm>SPK SUEDHOLSTEIN NEUMUENSTE</Nm><Othr><Id>23051030</Id></Othr></FinInstnId></DbtrAgt><CdtrAgt><FinInstnId><Nm>SPK SUEDHOLSTEIN NEUMUENSTE</Nm><Othr><Id>23051030</Id></Othr></FinInstnId></CdtrAgt></RltdAgts><RmtInf><Ustrd>ANZAHL        4</Ustrd></RmtInf></TxDtls></NtryDtls><AddtlNtryInf>SAMMELÜBERWEISUNG</AddtlNtryInf></Ntry><Ntry><Amt Ccy="EUR">5.95</Amt><CdtDbtInd>DBIT</CdtDbtInd><Sts><Cd>BOOK</Cd></Sts><BookgDt><Dt>2025-06-30</Dt></BookgDt><ValDt><Dt>2025-06-30</Dt></ValDt><AcctSvcrRef>2025-06-30-02.03.13.603135</AcctSvcrRef><BkTxCd/><NtryDtls><TxDtls><Refs><Prtry><Tp>FI-UMSATZ-ID</Tp><Ref>2025-06-30-02.03.13.603135</Ref></Prtry></Refs><Amt Ccy="EUR">5.95</Amt><BkTxCd><Domn><Cd>ACMT</Cd><Fmly><Cd>MDOP</Cd><SubFmlyCd>CHRG</SubFmlyCd></Fmly></Domn><Prtry><Cd>NCHG+808+7080+000</Cd><Issr>DK</Issr></Prtry></BkTxCd><RltdPties><DbtrAcct><Id><Othr><Id>0004619086</Id></Othr></Id></DbtrAcct><CdtrAcct><Id><Othr><Id>0000000000</Id></Othr></Id></CdtrAcct></RltdPties><RltdAgts><DbtrAgt><FinInstnId><Nm>SPK SUEDHOLSTEIN NEUMUENSTE</Nm><Othr><Id>23051030</Id></Othr></FinInstnId></DbtrAgt><CdtrAgt><FinInstnId><Nm>SPK SUEDHOLSTEIN NEUMUENSTE</Nm><Othr><Id>23051030</Id></Othr></FinInstnId></CdtrAgt></RltdAgts><RmtInf><Ustrd>Rechnung</Ustrd><Ustrd>EBICS-Freischaltung</Ustrd><Ustrd>Dauerrechnungsnummer:</Ustrd><Ustrd>20240426-SH041-00028855265</Ustrd><Ustrd>Einzelrechnungsnummer:</Ustrd><Ustrd>20250630-SH041-00032832480</Ustrd><Ustrd>01.06.2025 - 30.06.2025</Ustrd></RmtInf></TxDtls></NtryDtls><AddtlNtryInf>RECHNUNG</AddtlNtryInf></Ntry><Ntry><Amt Ccy="EUR">5.95</Amt><CdtDbtInd>DBIT</CdtDbtInd><Sts><Cd>BOOK</Cd></Sts><BookgDt><Dt>2025-06-30</Dt></BookgDt><ValDt><Dt>2025-06-30</Dt></ValDt><AcctSvcrRef>2025-06-30-07.05.09.060346</AcctSvcrRef><BkTxCd/><NtryDtls><TxDtls><Refs><Prtry><Tp>FI-UMSATZ-ID</Tp><Ref>2025-06-30-07.05.09.060346</Ref></Prtry></Refs><Amt Ccy="EUR">5.95</Amt><BkTxCd><Domn><Cd>ACMT</Cd><Fmly><Cd>MDOP</Cd><SubFmlyCd>CHRG</SubFmlyCd></Fmly></Domn><Prtry><Cd>NCHG+808+7080+000</Cd><Issr>DK</Issr></Prtry></BkTxCd><RltdPties><DbtrAcct><Id><Othr><Id>0004619086</Id></Othr></Id></DbtrAcct><CdtrAcct><Id><Othr><Id>0000000000</Id></Othr></Id></CdtrAcct></RltdPties><RltdAgts><DbtrAgt><FinInstnId><Nm>SPK SUEDHOLSTEIN NEUMUENSTE</Nm><Othr><Id>23051030</Id></Othr></FinInstnId></DbtrAgt><CdtrAgt><FinInstnId><Nm>SPK SUEDHOLSTEIN NEUMUENSTE</Nm><Othr><Id>23051030</Id></Othr></FinInstnId></CdtrAgt></RltdAgts><RmtInf><Ustrd>Rechnung</Ustrd><Ustrd>Firmenkundenportal</Ustrd><Ustrd>20250630-SH041-00032833863</Ustrd><Ustrd>siehe Anlage</Ustrd><Ustrd>Rechnung</Ustrd><Ustrd>Information zur Rechnung</Ustrd><Ustrd>Rechnungsdatum:  30.06.2025</Ustrd><Ustrd>Rechnungsnummer: 20250630-SH041-00032833863</Ustrd><Ustrd>Firmenkundenportal</Ustrd><Ustrd>     1x Entgelt                                          5,00 EUR</Ustrd><Ustrd>     Zugang Firmenkundenportal</Ustrd><Ustrd>     vom 30.06.2025</Ustrd><Ustrd>Bemessungsgrundlage Umsatzsteuer                                   5,00 EUR</Ustrd><Ustrd>Umsatzsteuer 19%                                                   0,95 EUR</Ustrd><Ustrd>Rechnungsbetrag                                                    5,95 EUR</Ustrd></RmtInf></TxDtls></NtryDtls><AddtlNtryInf>RECHNUNG</AddtlNtryInf></Ntry><Ntry><Amt Ccy="EUR">13035.24</Amt><CdtDbtInd>CRDT</CdtDbtInd><Sts><Cd>BOOK</Cd></Sts><BookgDt><Dt>2025-06-30</Dt></BookgDt><ValDt><Dt>2025-06-30</Dt></ValDt><AcctSvcrRef>2025-06-30-08.28.30.257678</AcctSvcrRef><BkTxCd/><NtryDtls><TxDtls><Refs><Prtry><Tp>FI-UMSATZ-ID</Tp><Ref>2025-06-30-08.28.30.257678</Ref></Prtry></Refs><Amt Ccy="EUR">13035.24</Amt><BkTxCd><Domn><Cd>PMNT</Cd><Fmly><Cd>RCDT</Cd><SubFmlyCd>ESCT</SubFmlyCd></Fmly></Domn><Prtry><Cd>NTRF+166+9227+000</Cd><Issr>DK</Issr></Prtry></BkTxCd><RltdPties><Dbtr><Pty><Nm>Bursch Medizintechnik GmbH</Nm></Pty></Dbtr><DbtrAcct><Id><IBAN>DE95400501500034412494</IBAN></Id></DbtrAcct><Cdtr><Pty><Nm>TRANSACT GmbH</Nm></Pty></Cdtr><CdtrAcct><Id><IBAN>DE35230510300004619086</IBAN></Id></CdtrAcct></RltdPties><RltdAgts><DbtrAgt><FinInstnId><BICFI>WELADED1MST</BICFI></FinInstnId></DbtrAgt><CdtrAgt><FinInstnId><BICFI>NOLADE21SHO</BICFI></FinInstnId></CdtrAgt></RltdAgts><RmtInf><Ustrd>RA 202500442, v. 24.06.25 Kd. 1116</Ustrd></RmtInf></TxDtls></NtryDtls><AddtlNtryInf>GUTSCHRIFT ÜBERWEISUNG</AddtlNtryInf></Ntry></Rpt></BkToCstmrAcctRpt></Document>