<?xml version="1.0" encoding="UTF-8"?><Document xmlns="urn:iso:std:iso:20022:tech:xsd:camt.052.001.08" xmlns:xsi="http://www.w3.org/2001/XMLSchema-instance" xsi:schemaLocation="urn:iso:std:iso:20022:tech:xsd:camt.052.001.08 camt.052.001.08.xsd"><BkToCstmrAcctRpt><GrpHdr><MsgId>camt52_20250603084320__ONLINEBA</MsgId><CreDtTm>2025-06-03T08:43:20+02:00</CreDtTm></GrpHdr><Rpt><Id>camt0528_ONLINEBA</Id><RptPgntn><PgNb>1</PgNb><LastPgInd>true</LastPgInd></RptPgntn><CreDtTm>2025-06-03T08:43:20+02:00</CreDtTm><Acct><Id><IBAN>DE35230510300004619086</IBAN></Id><Ccy>EUR</Ccy><Svcr><FinInstnId><BICFI>NOLADE21SHO</BICFI><Nm>SPARKASSE SUEDHOLSTEIN</Nm><Othr><Id>DE 134796412</Id><Issr>UmsStId</Issr></Othr></FinInstnId></Svcr></Acct><Bal><Tp><CdOrPrtry><Cd>OPBD</Cd></CdOrPrtry></Tp><Amt Ccy="EUR">83945.31</Amt><CdtDbtInd>CRDT</CdtDbtInd><Dt><Dt>2025-05-28</Dt></Dt></Bal><Bal><Tp><CdOrPrtry><Cd>CLBD</Cd></CdOrPrtry></Tp><Amt Ccy="EUR">35019.31</Amt><CdtDbtInd>CRDT</CdtDbtInd><Dt><Dt>2025-05-30</Dt></Dt></Bal><Ntry><Amt Ccy="EUR">60.44</Amt><CdtDbtInd>DBIT</CdtDbtInd><Sts><Cd>BOOK</Cd></Sts><BookgDt><Dt>2025-05-30</Dt></BookgDt><ValDt><Dt>2025-05-30</Dt></ValDt><AcctSvcrRef>2025-05-30-00.14.44.987049</AcctSvcrRef><BkTxCd/><NtryDtls><TxDtls><Refs><EndToEndId>0009251000ZV0000073Z</EndToEndId><MndtId>WTG00000000000329644</MndtId><Prtry><Tp>FI-UMSATZ-ID</Tp><Ref>2025-05-30-00.14.44.987049</Ref></Prtry></Refs><Amt Ccy="EUR">60.44</Amt><BkTxCd><Domn><Cd>PMNT</Cd><Fmly><Cd>RDDT</Cd><SubFmlyCd>ESDD</SubFmlyCd></Fmly></Domn><Prtry><Cd>NDDT+105+9216+992</Cd><Issr>DK</Issr></Prtry></BkTxCd><RltdPties><Dbtr><Pty><Nm>Transact Gesellschaft fuer Software   Analyse mbH</Nm></Pty></Dbtr><DbtrAcct><Id><IBAN>DE35230510300004619086</IBAN></Id></DbtrAcct><Cdtr><Pty><Nm>wilhelm.tel GmbH</Nm><Id><PrvtId><Othr><Id>DE91ZZZ00000124528</Id></Othr></PrvtId></Id></Pty></Cdtr><CdtrAcct><Id><IBAN>DE40213522400179098488</IBAN></Id></CdtrAcct></RltdPties><RltdAgts><DbtrAgt><FinInstnId><BICFI>NOLADE21SHO</BICFI></FinInstnId></DbtrAgt><CdtrAgt><FinInstnId><BICFI>NOLADE21HOL</BICFI></FinInstnId></CdtrAgt></RltdAgts><RmtInf><Ustrd>KD. NR. 1327641 RE 2250565712 vom 20.05.25 EUR 60,4</Ustrd></RmtInf></TxDtls></NtryDtls><AddtlNtryInf>FOLGELASTSCHRIFT</AddtlNtryInf></Ntry><Ntry><Amt Ccy="EUR">56.69</Amt><CdtDbtInd>DBIT</CdtDbtInd><Sts><Cd>BOOK</Cd></Sts><BookgDt><Dt>2025-05-30</Dt></BookgDt><ValDt><Dt>2025-05-30</Dt></ValDt><AcctSvcrRef>2025-05-30-00.15.49.413658</AcctSvcrRef><BkTxCd/><NtryDtls><TxDtls><Refs><EndToEndId>AB425145-000496SZ052025000000011450</EndToEndId><MndtId>SZ050000000000000000000000000997795</MndtId><Prtry><Tp>FI-UMSATZ-ID</Tp><Ref>2025-05-30-00.15.49.413658</Ref></Prtry></Refs><Amt Ccy="EUR">56.69</Amt><BkTxCd><Domn><Cd>PMNT</Cd><Fmly><Cd>RDDT</Cd><SubFmlyCd>ESDD</SubFmlyCd></Fmly></Domn><Prtry><Cd>NDDT+105+9248+992</Cd><Issr>DK</Issr></Prtry></BkTxCd><RltdPties><Dbtr><Pty><Nm>Transact - Gesellschaft fuer Software + Analyse mbH                   Lagerstr. 17</Nm></Pty></Dbtr><DbtrAcct><Id><IBAN>DE35230510300004619086</IBAN></Id></DbtrAcct><Cdtr><Pty><Nm>Volkswagen Autovers. AG</Nm><Id><PrvtId><Othr><Id>DE03ZZZ00000662134</Id></Othr></PrvtId></Id></Pty></Cdtr><CdtrAcct><Id><IBAN>DE24700202700015146841</IBAN></Id></CdtrAcct><UltmtCdtr><Pty><Nm>Volkswagen Autovers. AG</Nm></Pty></UltmtCdtr></RltdPties><RltdAgts><DbtrAgt><FinInstnId><BICFI>NOLADE21SHO</BICFI></FinInstnId></DbtrAgt><CdtrAgt><FinInstnId><BICFI>HYVEDEMMXXX</BICFI></FinInstnId></CdtrAgt></RltdAgts><RmtInf><Ustrd>VWAV / VSNR VM1038726209 / HH-TA 2044 / Abrechnung vom 25.05.2025 bis 24.06.2025</Ustrd></RmtInf></TxDtls></NtryDtls><AddtlNtryInf>FOLGELASTSCHRIFT</AddtlNtryInf></Ntry><Ntry><Amt Ccy="EUR">5.95</Amt><CdtDbtInd>DBIT</CdtDbtInd><Sts><Cd>BOOK</Cd></Sts><BookgDt><Dt>2025-05-30</Dt></BookgDt><ValDt><Dt>2025-05-30</Dt></ValDt><AcctSvcrRef>2025-05-30-02.03.07.818045</AcctSvcrRef><BkTxCd/><NtryDtls><TxDtls><Refs><Prtry><Tp>FI-UMSATZ-ID</Tp><Ref>2025-05-30-02.03.07.818045</Ref></Prtry></Refs><Amt Ccy="EUR">5.95</Amt><BkTxCd><Domn><Cd>ACMT</Cd><Fmly><Cd>MDOP</Cd><SubFmlyCd>CHRG</SubFmlyCd></Fmly></Domn><Prtry><Cd>NCHG+808+7080+000</Cd><Issr>DK</Issr></Prtry></BkTxCd><RltdPties><DbtrAcct><Id><Othr><Id>0004619086</Id></Othr></Id></DbtrAcct><CdtrAcct><Id><Othr><Id>0000000000</Id></Othr></Id></CdtrAcct></RltdPties><RltdAgts><DbtrAgt><FinInstnId><Nm>SPK SUEDHOLSTEIN NEUMUENSTE</Nm><Othr><Id>23051030</Id></Othr></FinInstnId></DbtrAgt><CdtrAgt><FinInstnId><Nm>SPK SUEDHOLSTEIN NEUMUENSTE</Nm><Othr><Id>23051030</Id></Othr></FinInstnId></CdtrAgt></RltdAgts><RmtInf><Ustrd>Rechnung</Ustrd><Ustrd>EBICS-Freischaltung</Ustrd><Ustrd>Dauerrechnungsnummer:</Ustrd><Ustrd>20240426-SH041-00028855265</Ustrd><Ustrd>Einzelrechnungsnummer:</Ustrd><Ustrd>20250530-SH041-00032607430</Ustrd><Ustrd>01.05.2025 - 31.05.2025</Ustrd></RmtInf></TxDtls></NtryDtls><AddtlNtryInf>RECHNUNG</AddtlNtryInf></Ntry><Ntry><Amt Ccy="EUR">5.95</Amt><CdtDbtInd>DBIT</CdtDbtInd><Sts><Cd>BOOK</Cd></Sts><BookgDt><Dt>2025-05-30</Dt></BookgDt><ValDt><Dt>2025-05-30</Dt></ValDt><AcctSvcrRef>2025-05-30-07.05.05.912260</AcctSvcrRef><BkTxCd/><NtryDtls><TxDtls><Refs><Prtry><Tp>FI-UMSATZ-ID</Tp><Ref>2025-05-30-07.05.05.912260</Ref></Prtry></Refs><Amt Ccy="EUR">5.95</Amt><BkTxCd><Domn><Cd>ACMT</Cd><Fmly><Cd>MDOP</Cd><SubFmlyCd>CHRG</SubFmlyCd></Fmly></Domn><Prtry><Cd>NCHG+808+7080+000</Cd><Issr>DK</Issr></Prtry></BkTxCd><RltdPties><DbtrAcct><Id><Othr><Id>0004619086</Id></Othr></Id></DbtrAcct><CdtrAcct><Id><Othr><Id>0000000000</Id></Othr></Id></CdtrAcct></RltdPties><RltdAgts><DbtrAgt><FinInstnId><Nm>SPK SUEDHOLSTEIN NEUMUENSTE</Nm><Othr><Id>23051030</Id></Othr></FinInstnId></DbtrAgt><CdtrAgt><FinInstnId><Nm>SPK SUEDHOLSTEIN NEUMUENSTE</Nm><Othr><Id>23051030</Id></Othr></FinInstnId></CdtrAgt></RltdAgts><RmtInf><Ustrd>Rechnung</Ustrd><Ustrd>Firmenkundenportal</Ustrd><Ustrd>20250530-SH041-00032608788</Ustrd><Ustrd>siehe Anlage</Ustrd><Ustrd>Rechnung</Ustrd><Ustrd>Information zur Rechnung</Ustrd><Ustrd>Rechnungsdatum:  30.05.2025</Ustrd><Ustrd>Rechnungsnummer: 20250530-SH041-00032608788</Ustrd><Ustrd>Firmenkundenportal</Ustrd><Ustrd>     1x Entgelt                                          5,00 EUR</Ustrd><Ustrd>     Zugang Firmenkundenportal</Ustrd><Ustrd>     vom 31.05.2025</Ustrd><Ustrd>Bemessungsgrundlage Umsatzsteuer                                   5,00 EUR</Ustrd><Ustrd>Umsatzsteuer 19%                                                   0,95 EUR</Ustrd><Ustrd>Rechnungsbetrag                                                    5,95 EUR</Ustrd></RmtInf></TxDtls></NtryDtls><AddtlNtryInf>RECHNUNG</AddtlNtryInf></Ntry><Ntry><Amt Ccy="EUR">7500.00</Amt><CdtDbtInd>DBIT</CdtDbtInd><Sts><Cd>BOOK</Cd></Sts><BookgDt><Dt>2025-05-30</Dt></BookgDt><ValDt><Dt>2025-05-30</Dt></ValDt><AcctSvcrRef>2025-05-30-07.30.37.211265</AcctSvcrRef><BkTxCd/><NtryDtls><TxDtls><Refs><PmtInfId>749ca35-1341413921-6322226-20250530</PmtInfId><Prtry><Tp>FI-UMSATZ-ID</Tp><Ref>2025-05-30-07.30.37.211265</Ref></Prtry></Refs><Amt Ccy="EUR">7500.00</Amt><BkTxCd><Domn><Cd>PMNT</Cd><Fmly><Cd>ICDT</Cd><SubFmlyCd>ESCT</SubFmlyCd></Fmly></Domn><Prtry><Cd>NTRF+191+9301+997</Cd><Issr>DK</Issr></Prtry></BkTxCd><RltdPties><Dbtr><Pty><Nm>Transact-Gesellschaft für Software &amp; Analyse GmbH</Nm></Pty></Dbtr><DbtrAcct><Id><IBAN>DE35230510300004619086</IBAN></Id></DbtrAcct><UltmtDbtr><Pty><Nm>FIRMA TRANSACT-GESELLSCHAFT</Nm></Pty></UltmtDbtr><CdtrAcct><Id><Othr><Id>0000000000</Id></Othr></Id></CdtrAcct></RltdPties><RltdAgts><DbtrAgt><FinInstnId><BICFI>NOLADE21SHO</BICFI></FinInstnId></DbtrAgt><CdtrAgt><FinInstnId><Othr><Id>00000000</Id></Othr></FinInstnId></CdtrAgt></RltdAgts><RmtInf><Ustrd>ANZAHL        1</Ustrd></RmtInf></TxDtls></NtryDtls><AddtlNtryInf>SAMMELÜBERWEISUNG</AddtlNtryInf></Ntry><Ntry><Amt Ccy="EUR">63689.12</Amt><CdtDbtInd>DBIT</CdtDbtInd><Sts><Cd>BOOK</Cd></Sts><BookgDt><Dt>2025-05-30</Dt></BookgDt><ValDt><Dt>2025-05-30</Dt></ValDt><AcctSvcrRef>2025-05-30-07.30.37.356358</AcctSvcrRef><BkTxCd/><NtryDtls><TxDtls><Refs><PmtInfId>4ee974f-1341494296-6334263-20250530</PmtInfId><Prtry><Tp>FI-UMSATZ-ID</Tp><Ref>2025-05-30-07.30.37.356358</Ref></Prtry></Refs><Amt Ccy="EUR">63689.12</Amt><BkTxCd><Domn><Cd>PMNT</Cd><Fmly><Cd>ICDT</Cd><SubFmlyCd>ESCT</SubFmlyCd></Fmly></Domn><Prtry><Cd>NTRF+191+9301+997</Cd><Issr>DK</Issr></Prtry></BkTxCd><RltdPties><DbtrAcct><Id><Othr><Id>0004619086</Id></Othr></Id></DbtrAcct><CdtrAcct><Id><Othr><Id>0004619086</Id></Othr></Id></CdtrAcct></RltdPties><RltdAgts><DbtrAgt><FinInstnId><Nm>SPK SUEDHOLSTEIN NEUMUENSTE</Nm><Othr><Id>23051030</Id></Othr></FinInstnId></DbtrAgt><CdtrAgt><FinInstnId><Nm>SPK SUEDHOLSTEIN NEUMUENSTE</Nm><Othr><Id>23051030</Id></Othr></FinInstnId></CdtrAgt></RltdAgts><RmtInf><Ustrd>ANZAHL       27</Ustrd></RmtInf></TxDtls></NtryDtls><AddtlNtryInf>SAMMELÜBERWEISUNG</AddtlNtryInf></Ntry><Ntry><Amt Ccy="EUR">1945.95</Amt><CdtDbtInd>CRDT</CdtDbtInd><Sts><Cd>BOOK</Cd></Sts><BookgDt><Dt>2025-05-30</Dt></BookgDt><ValDt><Dt>2025-05-30</Dt></ValDt><AcctSvcrRef>2025-05-30-11.11.24.379978</AcctSvcrRef><BkTxCd/><NtryDtls><TxDtls><Refs><EndToEndId>ZA00314410</EndToEndId><Prtry><Tp>FI-UMSATZ-ID</Tp><Ref>2025-05-30-11.11.24.379978</Ref></Prtry></Refs><Amt Ccy="EUR">1945.95</Amt><BkTxCd><Domn><Cd>PMNT</Cd><Fmly><Cd>RCDT</Cd><SubFmlyCd>ESCT</SubFmlyCd></Fmly></Domn><Prtry><Cd>NTRF+166+9249+000</Cd><Issr>DK</Issr></Prtry></BkTxCd><RltdPties><Dbtr><Pty><Nm>BG Unfallklinik Frankfurt a.M. gGmbH</Nm></Pty></Dbtr><DbtrAcct><Id><IBAN>DE08501900000000131130</IBAN></Id></DbtrAcct><Cdtr><Pty><Nm>TRANSACT GMBH</Nm></Pty></Cdtr><CdtrAcct><Id><IBAN>DE35230510300004619086</IBAN></Id></CdtrAcct></RltdPties><RltdAgts><DbtrAgt><FinInstnId><BICFI>FFVBDEFFXXX</BICFI></FinInstnId></DbtrAgt><CdtrAgt><FinInstnId><BICFI>NOLADE21SHO</BICFI></FinInstnId></CdtrAgt></RltdAgts><RmtInf><Ustrd>RE.NR.202500380 KD.NR. 822</Ustrd></RmtInf></TxDtls></NtryDtls><AddtlNtryInf>GUTSCHRIFT ÜBERWEISUNG</AddtlNtryInf></Ntry><Ntry><Amt Ccy="EUR">1593.41</Amt><CdtDbtInd>DBIT</CdtDbtInd><Sts><Cd>BOOK</Cd></Sts><BookgDt><Dt>2025-05-30</Dt></BookgDt><ValDt><Dt>2025-05-30</Dt></ValDt><AcctSvcrRef>2025-05-30-12.30.41.402973</AcctSvcrRef><BkTxCd/><NtryDtls><TxDtls><Refs><PmtInfId>1277d9-1362165734-12181407-20250530</PmtInfId><Prtry><Tp>FI-UMSATZ-ID</Tp><Ref>2025-05-30-12.30.41.402973</Ref></Prtry></Refs><Amt Ccy="EUR">1593.41</Amt><BkTxCd><Domn><Cd>PMNT</Cd><Fmly><Cd>ICDT</Cd><SubFmlyCd>ESCT</SubFmlyCd></Fmly></Domn><Prtry><Cd>NTRF+191+9301+997</Cd><Issr>DK</Issr></Prtry></BkTxCd><RltdPties><Dbtr><Pty><Nm>Transact-Gesellschaft für Software &amp; Analyse GmbH</Nm></Pty></Dbtr><DbtrAcct><Id><IBAN>DE35230510300004619086</IBAN></Id></DbtrAcct><UltmtDbtr><Pty><Nm>FIRMA TRANSACT-GESELLSCHAFT</Nm></Pty></UltmtDbtr><CdtrAcct><Id><Othr><Id>0000000000</Id></Othr></Id></CdtrAcct></RltdPties><RltdAgts><DbtrAgt><FinInstnId><BICFI>NOLADE21SHO</BICFI></FinInstnId></DbtrAgt><CdtrAgt><FinInstnId><Othr><Id>00000000</Id></Othr></FinInstnId></CdtrAgt></RltdAgts><RmtInf><Ustrd>ANZAHL        1</Ustrd></RmtInf></TxDtls></NtryDtls><AddtlNtryInf>SAMMELÜBERWEISUNG</AddtlNtryInf></Ntry><Ntry><Amt Ccy="EUR">7500.00</Amt><CdtDbtInd>DBIT</CdtDbtInd><Sts><Cd>BOOK</Cd></Sts><BookgDt><Dt>2025-05-30</Dt></BookgDt><ValDt><Dt>2025-05-30</Dt></ValDt><AcctSvcrRef>2025-05-30-12.30.41.424152</AcctSvcrRef><BkTxCd/><NtryDtls><TxDtls><Refs><PmtInfId>54a7cb-1362010984-12153931-20250530</PmtInfId><Prtry><Tp>FI-UMSATZ-ID</Tp><Ref>2025-05-30-12.30.41.424152</Ref></Prtry></Refs><Amt Ccy="EUR">7500.00</Amt><BkTxCd><Domn><Cd>PMNT</Cd><Fmly><Cd>ICDT</Cd><SubFmlyCd>ESCT</SubFmlyCd></Fmly></Domn><Prtry><Cd>NTRF+191+9301+997</Cd><Issr>DK</Issr></Prtry></BkTxCd><RltdPties><Dbtr><Pty><Nm>Transact-Gesellschaft für Software &amp; Analyse GmbH</Nm></Pty></Dbtr><DbtrAcct><Id><IBAN>DE35230510300004619086</IBAN></Id></DbtrAcct><UltmtDbtr><Pty><Nm>FIRMA TRANSACT-GESELLSCHAFT</Nm></Pty></UltmtDbtr><CdtrAcct><Id><Othr><Id>0000000000</Id></Othr></Id></CdtrAcct></RltdPties><RltdAgts><DbtrAgt><FinInstnId><BICFI>NOLADE21SHO</BICFI></FinInstnId></DbtrAgt><CdtrAgt><FinInstnId><Othr><Id>00000000</Id></Othr></FinInstnId></CdtrAgt></RltdAgts><RmtInf><Ustrd>ANZAHL        1</Ustrd></RmtInf></TxDtls></NtryDtls><AddtlNtryInf>SAMMELÜBERWEISUNG</AddtlNtryInf></Ntry><Ntry><Amt Ccy="EUR">15673.76</Amt><CdtDbtInd>CRDT</CdtDbtInd><Sts><Cd>BOOK</Cd></Sts><BookgDt><Dt>2025-05-30</Dt></BookgDt><ValDt><Dt>2025-05-30</Dt></ValDt><AcctSvcrRef>2025-05-30-13.11.32.726797</AcctSvcrRef><BkTxCd/><NtryDtls><TxDtls><Refs><EndToEndId>0000909784</EndToEndId><Prtry><Tp>FI-UMSATZ-ID</Tp><Ref>2025-05-30-13.11.32.726797</Ref></Prtry></Refs><Amt Ccy="EUR">15673.76</Amt><BkTxCd><Domn><Cd>PMNT</Cd><Fmly><Cd>RCDT</Cd><SubFmlyCd>ESCT</SubFmlyCd></Fmly></Domn><Prtry><Cd>NTRF+166+9209+000</Cd><Issr>DK</Issr></Prtry></BkTxCd><RltdPties><Dbtr><Pty><Nm>Klinikum Hanau GmbH</Nm></Pty></Dbtr><DbtrAcct><Id><IBAN>DE94506500230000050260</IBAN></Id></DbtrAcct><Cdtr><Pty><Nm>Transact</Nm></Pty></Cdtr><CdtrAcct><Id><IBAN>DE35230510300004619086</IBAN></Id></CdtrAcct></RltdPties><RltdAgts><DbtrAgt><FinInstnId><BICFI>HELADEF1HAN</BICFI></FinInstnId></DbtrAgt><CdtrAgt><FinInstnId><BICFI>NOLADE21SHO</BICFI></FinInstnId></CdtrAgt></RltdAgts><RmtInf><Ustrd>10238/RA202500373 / 15.232,35/RA202500374 / 441,41</Ustrd></RmtInf></TxDtls></NtryDtls><AddtlNtryInf>GUTSCHRIFT ÜBERWEISUNG</AddtlNtryInf></Ntry><Ntry><Amt Ccy="EUR">10210.20</Amt><CdtDbtInd>CRDT</CdtDbtInd><Sts><Cd>BOOK</Cd></Sts><BookgDt><Dt>2025-05-30</Dt></BookgDt><ValDt><Dt>2025-05-30</Dt></ValDt><AcctSvcrRef>2025-05-30-13.11.32.730976</AcctSvcrRef><BkTxCd/><NtryDtls><TxDtls><Refs><EndToEndId>0000909785</EndToEndId><Prtry><Tp>FI-UMSATZ-ID</Tp><Ref>2025-05-30-13.11.32.730976</Ref></Prtry></Refs><Amt Ccy="EUR">10210.20</Amt><BkTxCd><Domn><Cd>PMNT</Cd><Fmly><Cd>RCDT</Cd><SubFmlyCd>ESCT</SubFmlyCd></Fmly></Domn><Prtry><Cd>NTRF+166+9209+000</Cd><Issr>DK</Issr></Prtry></BkTxCd><RltdPties><Dbtr><Pty><Nm>Klinikum Hanau GmbH</Nm></Pty></Dbtr><DbtrAcct><Id><IBAN>DE94506500230000050260</IBAN></Id></DbtrAcct><Cdtr><Pty><Nm>Transact</Nm></Pty></Cdtr><CdtrAcct><Id><IBAN>DE35230510300004619086</IBAN></Id></CdtrAcct></RltdPties><RltdAgts><DbtrAgt><FinInstnId><BICFI>HELADEF1HAN</BICFI></FinInstnId></DbtrAgt><CdtrAgt><FinInstnId><BICFI>NOLADE21SHO</BICFI></FinInstnId></CdtrAgt></RltdAgts><RmtInf><Ustrd>10238/RA202500327 / 10.210,20</Ustrd></RmtInf></TxDtls></NtryDtls><AddtlNtryInf>GUTSCHRIFT ÜBERWEISUNG</AddtlNtryInf></Ntry><Ntry><Amt Ccy="EUR">3655.65</Amt><CdtDbtInd>CRDT</CdtDbtInd><Sts><Cd>BOOK</Cd></Sts><BookgDt><Dt>2025-05-30</Dt></BookgDt><ValDt><Dt>2025-05-30</Dt></ValDt><AcctSvcrRef>2025-05-30-17.07.36.736127</AcctSvcrRef><BkTxCd/><NtryDtls><TxDtls><Refs><EndToEndId>0014002824</EndToEndId><Prtry><Tp>FI-UMSATZ-ID</Tp><Ref>2025-05-30-17.07.36.736127</Ref></Prtry></Refs><Amt Ccy="EUR">3655.65</Amt><BkTxCd><Domn><Cd>PMNT</Cd><Fmly><Cd>RCDT</Cd><SubFmlyCd>ESCT</SubFmlyCd></Fmly></Domn><Prtry><Cd>NTRF+166+9209+000</Cd><Issr>DK</Issr></Prtry></BkTxCd><RltdPties><Dbtr><Pty><Nm>Kliniken des Main-Taunus-Kreises GmbH                                 Hofheim am Taunus</Nm></Pty></Dbtr><DbtrAcct><Id><IBAN>DE06512500000000026026</IBAN></Id></DbtrAcct><Cdtr><Pty><Nm>Transact GmbH                                                         Lagerstr. 17</Nm></Pty></Cdtr><CdtrAcct><Id><IBAN>DE35230510300004619086</IBAN></Id></CdtrAcct></RltdPties><RltdAgts><DbtrAgt><FinInstnId><BICFI>HELADEF1TSK</BICFI></FinInstnId></DbtrAgt><CdtrAgt><FinInstnId><BICFI>NOLADE21SHO</BICFI></FinInstnId></CdtrAgt></RltdAgts><RmtInf><Ustrd>/ReRA202500358 /14.5.2025//Konto bei Ihnen/ReRA202500357 /14.5.2025//Konto bei Ihnen</Ustrd></RmtInf></TxDtls></NtryDtls><AddtlNtryInf>GUTSCHRIFT ÜBERWEISUNG</AddtlNtryInf></Ntry></Rpt></BkToCstmrAcctRpt></Document>