<?xml version="1.0" encoding="UTF-8"?><Document xmlns="urn:iso:std:iso:20022:tech:xsd:camt.052.001.08" xmlns:xsi="http://www.w3.org/2001/XMLSchema-instance" xsi:schemaLocation="urn:iso:std:iso:20022:tech:xsd:camt.052.001.08 camt.052.001.08.xsd"><BkToCstmrAcctRpt><GrpHdr><MsgId>camt52_20250603084320__ONLINEBA</MsgId><CreDtTm>2025-06-03T08:43:20+02:00</CreDtTm></GrpHdr><Rpt><Id>camt0528_ONLINEBA</Id><RptPgntn><PgNb>1</PgNb><LastPgInd>true</LastPgInd></RptPgntn><CreDtTm>2025-06-03T08:43:20+02:00</CreDtTm><Acct><Id><IBAN>DE35230510300004619086</IBAN></Id><Ccy>EUR</Ccy><Svcr><FinInstnId><BICFI>NOLADE21SHO</BICFI><Nm>SPARKASSE SUEDHOLSTEIN</Nm><Othr><Id>DE 134796412</Id><Issr>UmsStId</Issr></Othr></FinInstnId></Svcr></Acct><Bal><Tp><CdOrPrtry><Cd>OPBD</Cd></CdOrPrtry></Tp><Amt Ccy="EUR">97779.04</Amt><CdtDbtInd>CRDT</CdtDbtInd><Dt><Dt>2025-05-26</Dt></Dt></Bal><Bal><Tp><CdOrPrtry><Cd>CLBD</Cd></CdOrPrtry></Tp><Amt Ccy="EUR">64014.29</Amt><CdtDbtInd>CRDT</CdtDbtInd><Dt><Dt>2025-05-27</Dt></Dt></Bal><Ntry><Amt Ccy="EUR">212.06</Amt><CdtDbtInd>DBIT</CdtDbtInd><Sts><Cd>BOOK</Cd></Sts><BookgDt><Dt>2025-05-27</Dt></BookgDt><ValDt><Dt>2025-05-27</Dt></ValDt><AcctSvcrRef>2025-05-27-00.06.42.128922</AcctSvcrRef><BkTxCd/><NtryDtls><TxDtls><Refs><EndToEndId>2381210134 OB-15213435</EndToEndId><MndtId>4600732646000001</MndtId><Prtry><Tp>FI-UMSATZ-ID</Tp><Ref>2025-05-27-00.06.42.128922</Ref></Prtry></Refs><Amt Ccy="EUR">212.06</Amt><BkTxCd><Domn><Cd>PMNT</Cd><Fmly><Cd>RDDT</Cd><SubFmlyCd>ESDD</SubFmlyCd></Fmly></Domn><Prtry><Cd>NDDT+105+9248+992</Cd><Issr>DK</Issr></Prtry></BkTxCd><RltdPties><Dbtr><Pty><Nm>TRANSACT-GESELLSCHAFT FUER SOFTWARE ANALYSE MBH</Nm></Pty></Dbtr><DbtrAcct><Id><IBAN>DE35230510300004619086</IBAN></Id></DbtrAcct><Cdtr><Pty><Nm>Knappschaft-Bahn-See</Nm><Id><PrvtId><Othr><Id>DE81KBS00000034886</Id></Othr></PrvtId></Id></Pty></Cdtr><CdtrAcct><Id><IBAN>DE24300500000001050541</IBAN></Id></CdtrAcct><UltmtCdtr><Pty><Nm>Deutsche Rentenversicherung Knappschaft-Bahn-See</Nm></Pty></UltmtCdtr></RltdPties><RltdAgts><DbtrAgt><FinInstnId><BICFI>NOLADE21SHO</BICFI></FinInstnId></DbtrAgt><CdtrAgt><FinInstnId><BICFI>WELADEDDXXX</BICFI></FinInstnId></CdtrAgt></RltdAgts><RmtInf><Ustrd>2381210134 OB-15213435 EUR 212,06. BEITRAG 0525 - 0525</Ustrd></RmtInf></TxDtls></NtryDtls><AddtlNtryInf>FOLGELASTSCHRIFT</AddtlNtryInf></Ntry><Ntry><Amt Ccy="EUR">8622.24</Amt><CdtDbtInd>DBIT</CdtDbtInd><Sts><Cd>BOOK</Cd></Sts><BookgDt><Dt>2025-05-27</Dt></BookgDt><ValDt><Dt>2025-05-27</Dt></ValDt><AcctSvcrRef>2025-05-27-00.06.51.078156</AcctSvcrRef><BkTxCd/><NtryDtls><TxDtls><Refs><EndToEndId>5207956396</EndToEndId><MndtId>MD950390295</MndtId><Prtry><Tp>FI-UMSATZ-ID</Tp><Ref>2025-05-27-00.06.51.078156</Ref></Prtry></Refs><Amt Ccy="EUR">8622.24</Amt><BkTxCd><Domn><Cd>PMNT</Cd><Fmly><Cd>RDDT</Cd><SubFmlyCd>ESDD</SubFmlyCd></Fmly></Domn><Prtry><Cd>NDDT+105+9208+992</Cd><Issr>DK</Issr></Prtry></BkTxCd><RltdPties><Dbtr><Pty><Nm>TransAct Software GmbH</Nm></Pty></Dbtr><DbtrAcct><Id><IBAN>DE35230510300004619086</IBAN></Id></DbtrAcct><Cdtr><Pty><Nm>Techniker Krankenkasse</Nm><Id><PrvtId><Othr><Id>DE51TK100000031158</Id></Othr></PrvtId></Id></Pty></Cdtr><CdtrAcct><Id><IBAN>DE59200505501280376854</IBAN></Id></CdtrAcct></RltdPties><RltdAgts><DbtrAgt><FinInstnId><BICFI>NOLADE21SHO</BICFI></FinInstnId></DbtrAgt><CdtrAgt><FinInstnId><BICFI>HASPDEHHXXX</BICFI></FinInstnId></CdtrAgt></RltdAgts><RmtInf><Ustrd>BNR: 15213435 B5640003757 Beitraege 05/25</Ustrd></RmtInf></TxDtls></NtryDtls><AddtlNtryInf>FOLGELASTSCHRIFT</AddtlNtryInf></Ntry><Ntry><Amt Ccy="EUR">4000.00</Amt><CdtDbtInd>DBIT</CdtDbtInd><Sts><Cd>BOOK</Cd></Sts><BookgDt><Dt>2025-05-27</Dt></BookgDt><ValDt><Dt>2025-05-27</Dt></ValDt><AcctSvcrRef>2025-05-27-00.07.13.190730</AcctSvcrRef><BkTxCd/><NtryDtls><TxDtls><Refs><EndToEndId>KKB977E557KJXMS</EndToEndId><MndtId>H4K17fLnLSs</MndtId><Prtry><Tp>FI-UMSATZ-ID</Tp><Ref>2025-05-27-00.07.13.190730</Ref></Prtry></Refs><Amt Ccy="EUR">4000.00</Amt><BkTxCd><Domn><Cd>PMNT</Cd><Fmly><Cd>RDDT</Cd><SubFmlyCd>ESDD</SubFmlyCd></Fmly></Domn><Prtry><Cd>NDDT+105+9248+992</Cd><Issr>DK</Issr></Prtry></BkTxCd><RltdPties><Dbtr><Pty><Nm>Transact - Gesellschaft fur Software . Analyse mbH</Nm></Pty></Dbtr><DbtrAcct><Id><IBAN>DE35230510300004619086</IBAN></Id></DbtrAcct><Cdtr><Pty><Nm>Pleo Financial Services A/S                                           Ravnsborg Tvaergade 5C, 4. Kobenhavn N DK,2200</Nm><Id><PrvtId><Othr><Id>DK29ZZZ999939155435</Id></Othr></PrvtId></Id></Pty></Cdtr><CdtrAcct><Id><IBAN>DE93501108006161618027</IBAN></Id></CdtrAcct></RltdPties><RltdAgts><DbtrAgt><FinInstnId><BICFI>NOLADE21SHO</BICFI></FinInstnId></DbtrAgt><CdtrAgt><FinInstnId><BICFI>CHASDEFXXXX</BICFI></FinInstnId></CdtrAgt></RltdAgts></TxDtls></NtryDtls><AddtlNtryInf>FOLGELASTSCHRIFT</AddtlNtryInf></Ntry><Ntry><Amt Ccy="EUR">2356.89</Amt><CdtDbtInd>DBIT</CdtDbtInd><Sts><Cd>BOOK</Cd></Sts><BookgDt><Dt>2025-05-27</Dt></BookgDt><ValDt><Dt>2025-05-27</Dt></ValDt><AcctSvcrRef>2025-05-27-00.08.02.190306</AcctSvcrRef><BkTxCd/><NtryDtls><TxDtls><Refs><EndToEndId>000020501</EndToEndId><MndtId>0100322382-0202-1</MndtId><Prtry><Tp>FI-UMSATZ-ID</Tp><Ref>2025-05-27-00.08.02.190306</Ref></Prtry></Refs><Amt Ccy="EUR">2356.89</Amt><BkTxCd><Domn><Cd>PMNT</Cd><Fmly><Cd>RDDT</Cd><SubFmlyCd>ESDD</SubFmlyCd></Fmly></Domn><Prtry><Cd>NDDT+105+9248+992</Cd><Issr>DK</Issr></Prtry></BkTxCd><RltdPties><Dbtr><Pty><Nm>TRANSACT-GESELLSCHAFT FUER</Nm></Pty></Dbtr><DbtrAcct><Id><IBAN>DE35230510300004619086</IBAN></Id></DbtrAcct><Cdtr><Pty><Nm>KKH HAUPTVERW., HANNOVER                                              Karl-Wiechert-Allee 61</Nm><Id><PrvtId><Othr><Id>DE58KKH00000263929</Id></Othr></PrvtId></Id></Pty></Cdtr><CdtrAcct><Id><IBAN>DE52250400660313958108</IBAN></Id></CdtrAcct></RltdPties><RltdAgts><DbtrAgt><FinInstnId><BICFI>NOLADE21SHO</BICFI></FinInstnId></DbtrAgt><CdtrAgt><FinInstnId><BICFI>COBADEFF</BICFI></FinInstnId></CdtrAgt></RltdAgts><RmtInf><Ustrd>BEITRAG 05/25 FUER 15213435 TRANSACT GMBH SOZIALVERSICHERUNGSBEITRAG KKH 2.356,89 EUR Mandat 0100322382-0202-1</Ustrd></RmtInf></TxDtls></NtryDtls><AddtlNtryInf>FOLGELASTSCHRIFT</AddtlNtryInf></Ntry><Ntry><Amt Ccy="EUR">1494.04</Amt><CdtDbtInd>DBIT</CdtDbtInd><Sts><Cd>BOOK</Cd></Sts><BookgDt><Dt>2025-05-27</Dt></BookgDt><ValDt><Dt>2025-05-27</Dt></ValDt><AcctSvcrRef>2025-05-27-00.08.03.759089</AcctSvcrRef><BkTxCd/><NtryDtls><TxDtls><Refs><EndToEndId>2610020359361759</EndToEndId><MndtId>02051608241-1</MndtId><Prtry><Tp>FI-UMSATZ-ID</Tp><Ref>2025-05-27-00.08.03.759089</Ref></Prtry></Refs><Amt Ccy="EUR">1494.04</Amt><BkTxCd><Domn><Cd>PMNT</Cd><Fmly><Cd>RDDT</Cd><SubFmlyCd>ESDD</SubFmlyCd></Fmly></Domn><Prtry><Cd>NDDT+105+9230+992</Cd><Issr>DK</Issr></Prtry></BkTxCd><RltdPties><Dbtr><Pty><Nm>Transact GmbH</Nm></Pty></Dbtr><DbtrAcct><Id><IBAN>DE35230510300004619086</IBAN></Id></DbtrAcct><Cdtr><Pty><Nm>IKK classic</Nm><Id><PrvtId><Othr><Id>DE21ZZZ00000017342</Id></Othr></PrvtId></Id></Pty></Cdtr><CdtrAcct><Id><IBAN>DE61600501017461505611</IBAN></Id></CdtrAcct></RltdPties><RltdAgts><DbtrAgt><FinInstnId><BICFI>NOLADE21SHO</BICFI></FinInstnId></DbtrAgt><CdtrAgt><FinInstnId><BICFI>SOLADEST600</BICFI></FinInstnId></CdtrAgt></RltdAgts><RmtInf><Ustrd>Beitraege 01.05.2025 - 31.05.2025 15213435 1494.04</Ustrd></RmtInf></TxDtls></NtryDtls><AddtlNtryInf>FOLGELASTSCHRIFT</AddtlNtryInf></Ntry><Ntry><Amt Ccy="EUR">2406.60</Amt><CdtDbtInd>DBIT</CdtDbtInd><Sts><Cd>BOOK</Cd></Sts><BookgDt><Dt>2025-05-27</Dt></BookgDt><ValDt><Dt>2025-05-27</Dt></ValDt><AcctSvcrRef>2025-05-27-00.08.41.915674</AcctSvcrRef><BkTxCd/><NtryDtls><TxDtls><Refs><EndToEndId>1301266130 OB-15213435</EndToEndId><MndtId>7200389849000001</MndtId><Prtry><Tp>FI-UMSATZ-ID</Tp><Ref>2025-05-27-00.08.41.915674</Ref></Prtry></Refs><Amt Ccy="EUR">2406.60</Amt><BkTxCd><Domn><Cd>PMNT</Cd><Fmly><Cd>RDDT</Cd><SubFmlyCd>ESDD</SubFmlyCd></Fmly></Domn><Prtry><Cd>NDDT+105+9248+992</Cd><Issr>DK</Issr></Prtry></BkTxCd><RltdPties><Dbtr><Pty><Nm>TRANSACT-GESELLSCHAFT FUER</Nm></Pty></Dbtr><DbtrAcct><Id><IBAN>DE35230510300004619086</IBAN></Id></DbtrAcct><Cdtr><Pty><Nm>Mobil Krankenkasse</Nm><Id><PrvtId><Othr><Id>DE86ZZZ00001158056</Id></Othr></PrvtId></Id></Pty></Cdtr><CdtrAcct><Id><IBAN>DE21200400000638715300</IBAN></Id></CdtrAcct></RltdPties><RltdAgts><DbtrAgt><FinInstnId><BICFI>NOLADE21SHO</BICFI></FinInstnId></DbtrAgt><CdtrAgt><FinInstnId><BICFI>COBADEHH</BICFI></FinInstnId></CdtrAgt></RltdAgts><RmtInf><Ustrd>1301266130 OB-15213435 7200389849000001 BEITRAG 0525 - 0525</Ustrd></RmtInf></TxDtls></NtryDtls><AddtlNtryInf>FOLGELASTSCHRIFT</AddtlNtryInf></Ntry><Ntry><Amt Ccy="EUR">3002.32</Amt><CdtDbtInd>DBIT</CdtDbtInd><Sts><Cd>BOOK</Cd></Sts><BookgDt><Dt>2025-05-27</Dt></BookgDt><ValDt><Dt>2025-05-27</Dt></ValDt><AcctSvcrRef>2025-05-27-00.08.41.930060</AcctSvcrRef><BkTxCd/><NtryDtls><TxDtls><Refs><EndToEndId>2610010048373089</EndToEndId><MndtId>101106832-1</MndtId><Prtry><Tp>FI-UMSATZ-ID</Tp><Ref>2025-05-27-00.08.41.930060</Ref></Prtry></Refs><Amt Ccy="EUR">3002.32</Amt><BkTxCd><Domn><Cd>PMNT</Cd><Fmly><Cd>RDDT</Cd><SubFmlyCd>ESDD</SubFmlyCd></Fmly></Domn><Prtry><Cd>NDDT+105+9248+992</Cd><Issr>DK</Issr></Prtry></BkTxCd><RltdPties><Dbtr><Pty><Nm>Nitschke, Guido</Nm></Pty></Dbtr><DbtrAcct><Id><IBAN>DE35230510300004619086</IBAN></Id></DbtrAcct><Cdtr><Pty><Nm>Novitas BKK</Nm><Id><PrvtId><Othr><Id>DE28ZZZ00000092100</Id></Othr></PrvtId></Id></Pty></Cdtr><CdtrAcct><Id><IBAN>DE27200800000370380000</IBAN></Id></CdtrAcct></RltdPties><RltdAgts><DbtrAgt><FinInstnId><BICFI>NOLADE21SHO</BICFI></FinInstnId></DbtrAgt><CdtrAgt><FinInstnId><BICFI>DRESDEFF200</BICFI></FinInstnId></CdtrAgt></RltdAgts><RmtInf><Ustrd>Beitraege 01.05.2025 - 31.05.2025 15213435 3002.32</Ustrd></RmtInf></TxDtls></NtryDtls><AddtlNtryInf>FOLGELASTSCHRIFT</AddtlNtryInf></Ntry><Ntry><Amt Ccy="EUR">1191.87</Amt><CdtDbtInd>DBIT</CdtDbtInd><Sts><Cd>BOOK</Cd></Sts><BookgDt><Dt>2025-05-27</Dt></BookgDt><ValDt><Dt>2025-05-27</Dt></ValDt><AcctSvcrRef>2025-05-27-00.08.41.932165</AcctSvcrRef><BkTxCd/><NtryDtls><TxDtls><Refs><EndToEndId>2610013772777562</EndToEndId><MndtId>026181156590-1</MndtId><Prtry><Tp>FI-UMSATZ-ID</Tp><Ref>2025-05-27-00.08.41.932165</Ref></Prtry></Refs><Amt Ccy="EUR">1191.87</Amt><BkTxCd><Domn><Cd>PMNT</Cd><Fmly><Cd>RDDT</Cd><SubFmlyCd>ESDD</SubFmlyCd></Fmly></Domn><Prtry><Cd>NDDT+105+9248+992</Cd><Issr>DK</Issr></Prtry></BkTxCd><RltdPties><Dbtr><Pty><Nm>Transact-Gesellschaft fuer Software + Analyse mbH</Nm></Pty></Dbtr><DbtrAcct><Id><IBAN>DE35230510300004619086</IBAN></Id></DbtrAcct><Cdtr><Pty><Nm>hkk</Nm><Id><PrvtId><Othr><Id>DE51ZZZ00000507816</Id></Othr></PrvtId></Id></Pty></Cdtr><CdtrAcct><Id><IBAN>DE60290400900103474300</IBAN></Id></CdtrAcct></RltdPties><RltdAgts><DbtrAgt><FinInstnId><BICFI>NOLADE21SHO</BICFI></FinInstnId></DbtrAgt><CdtrAgt><FinInstnId><BICFI>COBADEFF</BICFI></FinInstnId></CdtrAgt></RltdAgts><RmtInf><Ustrd>Beitraege 01.05.2025 - 31.05.2025 15213435 1191.87</Ustrd></RmtInf></TxDtls></NtryDtls><AddtlNtryInf>FOLGELASTSCHRIFT</AddtlNtryInf></Ntry><Ntry><Amt Ccy="EUR">1486.84</Amt><CdtDbtInd>DBIT</CdtDbtInd><Sts><Cd>BOOK</Cd></Sts><BookgDt><Dt>2025-05-27</Dt></BookgDt><ValDt><Dt>2025-05-27</Dt></ValDt><AcctSvcrRef>2025-05-27-00.08.42.676081</AcctSvcrRef><BkTxCd/><NtryDtls><TxDtls><Refs><EndToEndId>2610002554730012</EndToEndId><MndtId>020532384526-1</MndtId><Prtry><Tp>FI-UMSATZ-ID</Tp><Ref>2025-05-27-00.08.42.676081</Ref></Prtry></Refs><Amt Ccy="EUR">1486.84</Amt><BkTxCd><Domn><Cd>PMNT</Cd><Fmly><Cd>RDDT</Cd><SubFmlyCd>ESDD</SubFmlyCd></Fmly></Domn><Prtry><Cd>NDDT+105+9200+992</Cd><Issr>DK</Issr></Prtry></BkTxCd><RltdPties><Dbtr><Pty><Nm>Transact GmbH</Nm></Pty></Dbtr><DbtrAcct><Id><IBAN>DE35230510300004619086</IBAN></Id></DbtrAcct><Cdtr><Pty><Nm>IKK Suedwest</Nm><Id><PrvtId><Othr><Id>DE45IKK00000178415</Id></Othr></PrvtId></Id></Pty></Cdtr><CdtrAcct><Id><IBAN>DE32590500000031513583</IBAN></Id></CdtrAcct></RltdPties><RltdAgts><DbtrAgt><FinInstnId><BICFI>NOLADE21SHO</BICFI></FinInstnId></DbtrAgt><CdtrAgt><FinInstnId><BICFI>SALADE55XXX</BICFI></FinInstnId></CdtrAgt></RltdAgts><RmtInf><Ustrd>Beitraege 01.05.2025 - 31.05.2025 15213435 1486.84</Ustrd></RmtInf></TxDtls></NtryDtls><AddtlNtryInf>FOLGELASTSCHRIFT</AddtlNtryInf></Ntry><Ntry><Amt Ccy="EUR">5885.48</Amt><CdtDbtInd>DBIT</CdtDbtInd><Sts><Cd>BOOK</Cd></Sts><BookgDt><Dt>2025-05-27</Dt></BookgDt><ValDt><Dt>2025-05-27</Dt></ValDt><AcctSvcrRef>2025-05-27-00.08.55.105943</AcctSvcrRef><BkTxCd/><NtryDtls><TxDtls><Refs><EndToEndId>5200513475 OB-15213435</EndToEndId><MndtId>4207622573000001</MndtId><Prtry><Tp>FI-UMSATZ-ID</Tp><Ref>2025-05-27-00.08.55.105943</Ref></Prtry></Refs><Amt Ccy="EUR">5885.48</Amt><BkTxCd><Domn><Cd>PMNT</Cd><Fmly><Cd>RDDT</Cd><SubFmlyCd>ESDD</SubFmlyCd></Fmly></Domn><Prtry><Cd>NDDT+105+9216+992</Cd><Issr>DK</Issr></Prtry></BkTxCd><RltdPties><Dbtr><Pty><Nm>TRANSACT-GESELLSCHAFT FUER SOFTWARE   ANALYSE MBH</Nm></Pty></Dbtr><DbtrAcct><Id><IBAN>DE35230510300004619086</IBAN></Id></DbtrAcct><Cdtr><Pty><Nm>AOK NORDWEST Die Gesundheitskasse</Nm><Id><PrvtId><Othr><Id>DE56AOK00000058422</Id></Othr></PrvtId></Id></Pty></Cdtr><CdtrAcct><Id><IBAN>DE49210501701400235600</IBAN></Id></CdtrAcct><UltmtCdtr><Pty><Nm>AOK NORDWEST</Nm></Pty></UltmtCdtr></RltdPties><RltdAgts><DbtrAgt><FinInstnId><BICFI>NOLADE21SHO</BICFI></FinInstnId></DbtrAgt><CdtrAgt><FinInstnId><BICFI>NOLADE21KIE</BICFI></FinInstnId></CdtrAgt></RltdAgts><RmtInf><Ustrd>5200513475 OB-15213435 EUR 5.885,48. BEITRAG 0525 - 0525</Ustrd></RmtInf></TxDtls></NtryDtls><AddtlNtryInf>FOLGELASTSCHRIFT</AddtlNtryInf></Ntry><Ntry><Amt Ccy="EUR">3024.02</Amt><CdtDbtInd>DBIT</CdtDbtInd><Sts><Cd>BOOK</Cd></Sts><BookgDt><Dt>2025-05-27</Dt></BookgDt><ValDt><Dt>2025-05-27</Dt></ValDt><AcctSvcrRef>2025-05-27-00.09.16.257653</AcctSvcrRef><BkTxCd/><NtryDtls><TxDtls><Refs><EndToEndId>5007308069 OB-15213435</EndToEndId><MndtId>2000882554000001</MndtId><Prtry><Tp>FI-UMSATZ-ID</Tp><Ref>2025-05-27-00.09.16.257653</Ref></Prtry></Refs><Amt Ccy="EUR">3024.02</Amt><BkTxCd><Domn><Cd>PMNT</Cd><Fmly><Cd>RDDT</Cd><SubFmlyCd>ESDD</SubFmlyCd></Fmly></Domn><Prtry><Cd>NDDT+105+9248+992</Cd><Issr>DK</Issr></Prtry></BkTxCd><RltdPties><Dbtr><Pty><Nm>TRANSACT-GESELLSCHAFT FUER SOFTWARE ANALYSE MBH</Nm></Pty></Dbtr><DbtrAcct><Id><IBAN>DE35230510300004619086</IBAN></Id></DbtrAcct><Cdtr><Pty><Nm>AOK Rheinland/Hamburg</Nm><Id><PrvtId><Othr><Id>DE05ZZZ00000018503</Id></Othr></PrvtId></Id></Pty></Cdtr><CdtrAcct><Id><IBAN>DE80300500000004066718</IBAN></Id></CdtrAcct><UltmtCdtr><Pty><Nm>AOK Rheinland/Hamburg - Die Gesundheitskasse</Nm></Pty></UltmtCdtr></RltdPties><RltdAgts><DbtrAgt><FinInstnId><BICFI>NOLADE21SHO</BICFI></FinInstnId></DbtrAgt><CdtrAgt><FinInstnId><BICFI>WELADEDDXXX</BICFI></FinInstnId></CdtrAgt></RltdAgts><RmtInf><Ustrd>5007308069 OB-15213435 EUR 3.024,02. BEITRAG 0525 - 0525</Ustrd></RmtInf></TxDtls></NtryDtls><AddtlNtryInf>FOLGELASTSCHRIFT</AddtlNtryInf></Ntry><Ntry><Amt Ccy="EUR">731.05</Amt><CdtDbtInd>CRDT</CdtDbtInd><Sts><Cd>BOOK</Cd></Sts><BookgDt><Dt>2025-05-27</Dt></BookgDt><ValDt><Dt>2025-05-27</Dt></ValDt><AcctSvcrRef>2025-05-27-00.09.25.232992</AcctSvcrRef><BkTxCd/><NtryDtls><TxDtls><Refs><EndToEndId>6607995082</EndToEndId><Prtry><Tp>FI-UMSATZ-ID</Tp><Ref>2025-05-27-00.09.25.232992</Ref></Prtry></Refs><Amt Ccy="EUR">731.05</Amt><BkTxCd><Domn><Cd>PMNT</Cd><Fmly><Cd>RCDT</Cd><SubFmlyCd>ESCT</SubFmlyCd></Fmly></Domn><Prtry><Cd>NTRF+166+9231+000</Cd><Issr>DK</Issr></Prtry></BkTxCd><RltdPties><Dbtr><Pty><Nm>Techniker Krankenkasse</Nm></Pty></Dbtr><DbtrAcct><Id><IBAN>DE52600501010004391571</IBAN></Id></DbtrAcct><Cdtr><Pty><Nm>Transact GmbH</Nm></Pty></Cdtr><CdtrAcct><Id><IBAN>DE35230510300004619086</IBAN></Id></CdtrAcct></RltdPties><RltdAgts><DbtrAgt><FinInstnId><BICFI>SOLADEST600</BICFI></FinInstnId></DbtrAgt><CdtrAgt><FinInstnId><BICFI>NOLADE21SHO</BICFI></FinInstnId></CdtrAgt></RltdAgts><RmtInf><Ustrd>TK-Beleg 230525,AF981,564 Erstattung nach AAG 05. bis 09.05.2025</Ustrd></RmtInf></TxDtls></NtryDtls><AddtlNtryInf>GUTSCHRIFT ÜBERWEISUNG</AddtlNtryInf></Ntry><Ntry><Amt Ccy="EUR">10455.89</Amt><CdtDbtInd>DBIT</CdtDbtInd><Sts><Cd>BOOK</Cd></Sts><BookgDt><Dt>2025-05-27</Dt></BookgDt><ValDt><Dt>2025-05-27</Dt></ValDt><AcctSvcrRef>2025-05-27-00.09.37.437290</AcctSvcrRef><BkTxCd/><NtryDtls><TxDtls><Refs><EndToEndId>C6953029945 OB-15213435</EndToEndId><MndtId>0115832110000001</MndtId><Prtry><Tp>FI-UMSATZ-ID</Tp><Ref>2025-05-27-00.09.37.437290</Ref></Prtry></Refs><Amt Ccy="EUR">10455.89</Amt><BkTxCd><Domn><Cd>PMNT</Cd><Fmly><Cd>RDDT</Cd><SubFmlyCd>ESDD</SubFmlyCd></Fmly></Domn><Prtry><Cd>NDDT+105+9248+992</Cd><Issr>DK</Issr></Prtry></BkTxCd><RltdPties><Dbtr><Pty><Nm>TRANSACT GMBH</Nm></Pty></Dbtr><DbtrAcct><Id><IBAN>DE35230510300004619086</IBAN></Id></DbtrAcct><Cdtr><Pty><Nm>BARMER</Nm><Id><PrvtId><Othr><Id>DE91ZZZ00000008807</Id></Othr></PrvtId></Id></Pty></Cdtr><CdtrAcct><Id><IBAN>DE67300500000004000410</IBAN></Id></CdtrAcct><UltmtCdtr><Pty><Nm>Barmer Ersatzkasse</Nm></Pty></UltmtCdtr></RltdPties><RltdAgts><DbtrAgt><FinInstnId><BICFI>NOLADE21SHO</BICFI></FinInstnId></DbtrAgt><CdtrAgt><FinInstnId><BICFI>WELADEDDXXX</BICFI></FinInstnId></CdtrAgt></RltdAgts><RmtInf><Ustrd>EUR 10455,89 BEITRAG 0525-0525 BNR 15213435</Ustrd></RmtInf></TxDtls></NtryDtls><AddtlNtryInf>FOLGELASTSCHRIFT</AddtlNtryInf></Ntry><Ntry><Amt Ccy="EUR">93.54</Amt><CdtDbtInd>DBIT</CdtDbtInd><Sts><Cd>BOOK</Cd></Sts><BookgDt><Dt>2025-05-27</Dt></BookgDt><ValDt><Dt>2025-05-27</Dt></ValDt><AcctSvcrRef>2025-05-27-00.09.48.291206</AcctSvcrRef><BkTxCd/><NtryDtls><TxDtls><Refs><EndToEndId>11630002473</EndToEndId><MndtId>205280001</MndtId><Prtry><Tp>FI-UMSATZ-ID</Tp><Ref>2025-05-27-00.09.48.291206</Ref></Prtry></Refs><Amt Ccy="EUR">93.54</Amt><BkTxCd><Domn><Cd>PMNT</Cd><Fmly><Cd>RDDT</Cd><SubFmlyCd>ESDD</SubFmlyCd></Fmly></Domn><Prtry><Cd>NDDT+105+9248+992</Cd><Issr>DK</Issr></Prtry></BkTxCd><RltdPties><Dbtr><Pty><Nm>Transact - Gesellschaft fur Software U A nalyse mb</Nm></Pty></Dbtr><DbtrAcct><Id><IBAN>DE35230510300004619086</IBAN></Id></DbtrAcct><Cdtr><Pty><Nm>UNION TANK Eckstein GmbH + Co. KG</Nm><Id><PrvtId><Othr><Id>DE06UTA00000010046</Id></Othr></PrvtId></Id></Pty></Cdtr><CdtrAcct><Id><IBAN>DE46795200700001619888</IBAN></Id></CdtrAcct></RltdPties><RltdAgts><DbtrAgt><FinInstnId><BICFI>NOLADE21SHO</BICFI></FinInstnId></DbtrAgt><CdtrAgt><FinInstnId><BICFI>HYVEDEMM407</BICFI></FinInstnId></CdtrAgt></RltdAgts><RmtInf><Ustrd>205280 RG.NR 054755790 ZA 93,54</Ustrd></RmtInf></TxDtls></NtryDtls><AddtlNtryInf>FOLGELASTSCHRIFT</AddtlNtryInf></Ntry><Ntry><Amt Ccy="EUR">6929.14</Amt><CdtDbtInd>CRDT</CdtDbtInd><Sts><Cd>BOOK</Cd></Sts><BookgDt><Dt>2025-05-27</Dt></BookgDt><ValDt><Dt>2025-05-27</Dt></ValDt><AcctSvcrRef>2025-05-27-16.47.57.106110</AcctSvcrRef><BkTxCd/><NtryDtls><TxDtls><Refs><EndToEndId>0005015227</EndToEndId><Prtry><Tp>FI-UMSATZ-ID</Tp><Ref>2025-05-27-16.47.57.106110</Ref></Prtry></Refs><Amt Ccy="EUR">6929.14</Amt><BkTxCd><Domn><Cd>PMNT</Cd><Fmly><Cd>RCDT</Cd><SubFmlyCd>ESCT</SubFmlyCd></Fmly></Domn><Prtry><Cd>NTRF+166+9249+000</Cd><Issr>DK</Issr></Prtry></BkTxCd><RltdPties><Dbtr><Pty><Nm>SANA KLINIKEN DUESS.                                                  40625 Duesseldorf</Nm></Pty></Dbtr><DbtrAcct><Id><IBAN>DE27700202700655457852</IBAN></Id></DbtrAcct><Cdtr><Pty><Nm>Transact GmbH Gesellschaft fuer Software Analyse                      Kleine Reichenstrasse 1</Nm></Pty></Cdtr><CdtrAcct><Id><IBAN>DE35230510300004619086</IBAN></Id></CdtrAcct></RltdPties><RltdAgts><DbtrAgt><FinInstnId><BICFI>HYVEDEMMXXX</BICFI></FinInstnId></DbtrAgt><CdtrAgt><FinInstnId><BICFI>NOLADE21SHO</BICFI></FinInstnId></CdtrAgt></RltdAgts><RmtInf><Ustrd>Siehe Avis 0005015227 27.5.2025</Ustrd></RmtInf></TxDtls></NtryDtls><AddtlNtryInf>GUTSCHRIFT ÜBERWEISUNG</AddtlNtryInf></Ntry><Ntry><Amt Ccy="EUR">2806.85</Amt><CdtDbtInd>CRDT</CdtDbtInd><Sts><Cd>BOOK</Cd></Sts><BookgDt><Dt>2025-05-27</Dt></BookgDt><ValDt><Dt>2025-05-27</Dt></ValDt><AcctSvcrRef>2025-05-27-16.47.57.108491</AcctSvcrRef><BkTxCd/><NtryDtls><TxDtls><Refs><EndToEndId>0005001274</EndToEndId><Prtry><Tp>FI-UMSATZ-ID</Tp><Ref>2025-05-27-16.47.57.108491</Ref></Prtry></Refs><Amt Ccy="EUR">2806.85</Amt><BkTxCd><Domn><Cd>PMNT</Cd><Fmly><Cd>RCDT</Cd><SubFmlyCd>ESCT</SubFmlyCd></Fmly></Domn><Prtry><Cd>NTRF+166+9249+000</Cd><Issr>DK</Issr></Prtry></BkTxCd><RltdPties><Dbtr><Pty><Nm>Sana Paulinenkranken                                                  14055 Berlin</Nm></Pty></Dbtr><DbtrAcct><Id><IBAN>DE92700202700040392874</IBAN></Id></DbtrAcct><Cdtr><Pty><Nm>Transact GmbH Gesellschaft fuer Software Analyse                      Kleine Reichenstrasse 1</Nm></Pty></Cdtr><CdtrAcct><Id><IBAN>DE35230510300004619086</IBAN></Id></CdtrAcct></RltdPties><RltdAgts><DbtrAgt><FinInstnId><BICFI>HYVEDEMMXXX</BICFI></FinInstnId></DbtrAgt><CdtrAgt><FinInstnId><BICFI>NOLADE21SHO</BICFI></FinInstnId></CdtrAgt></RltdAgts><RmtInf><Ustrd>/202500328 / 2.806,85</Ustrd></RmtInf></TxDtls></NtryDtls><AddtlNtryInf>GUTSCHRIFT ÜBERWEISUNG</AddtlNtryInf></Ntry></Rpt></BkToCstmrAcctRpt></Document>