<?xml version="1.0" encoding="UTF-8"?><Document xmlns="urn:iso:std:iso:20022:tech:xsd:camt.052.001.08" xmlns:xsi="http://www.w3.org/2001/XMLSchema-instance" xsi:schemaLocation="urn:iso:std:iso:20022:tech:xsd:camt.052.001.08 camt.052.001.08.xsd"><BkToCstmrAcctRpt><GrpHdr><MsgId>camt52_20250602112039__ONLINEBA</MsgId><CreDtTm>2025-06-02T11:20:39+02:00</CreDtTm></GrpHdr><Rpt><Id>camt0528_ONLINEBA</Id><RptPgntn><PgNb>1</PgNb><LastPgInd>true</LastPgInd></RptPgntn><CreDtTm>2025-06-02T11:20:39+02:00</CreDtTm><Acct><Id><IBAN>DE35230510300004619086</IBAN></Id><Ccy>EUR</Ccy><Svcr><FinInstnId><BICFI>NOLADE21SHO</BICFI><Nm>SPARKASSE SUEDHOLSTEIN</Nm><Othr><Id>DE 134796412</Id><Issr>UmsStId</Issr></Othr></FinInstnId></Svcr></Acct><Bal><Tp><CdOrPrtry><Cd>OPBD</Cd></CdOrPrtry></Tp><Amt Ccy="EUR">67413.50</Amt><CdtDbtInd>CRDT</CdtDbtInd><Dt><Dt>2025-05-20</Dt></Dt></Bal><Bal><Tp><CdOrPrtry><Cd>CLBD</Cd></CdOrPrtry></Tp><Amt Ccy="EUR">109084.19</Amt><CdtDbtInd>CRDT</CdtDbtInd><Dt><Dt>2025-05-21</Dt></Dt></Bal><Ntry><Amt Ccy="EUR">10120.95</Amt><CdtDbtInd>CRDT</CdtDbtInd><Sts><Cd>BOOK</Cd></Sts><BookgDt><Dt>2025-05-21</Dt></BookgDt><ValDt><Dt>2025-05-21</Dt></ValDt><AcctSvcrRef>2025-05-21-10.06.46.973398</AcctSvcrRef><BkTxCd/><NtryDtls><TxDtls><Refs><Prtry><Tp>FI-UMSATZ-ID</Tp><Ref>2025-05-21-10.06.46.973398</Ref></Prtry></Refs><Amt Ccy="EUR">10120.95</Amt><BkTxCd><Domn><Cd>PMNT</Cd><Fmly><Cd>RCDT</Cd><SubFmlyCd>ESCT</SubFmlyCd></Fmly></Domn><Prtry><Cd>NTRF+166+9249+000</Cd><Issr>DK</Issr></Prtry></BkTxCd><RltdPties><Dbtr><Pty><Nm>Deutsches IVF-Register e.V. kurz: D I R</Nm></Pty></Dbtr><DbtrAcct><Id><IBAN>DE95300606010008728933</IBAN></Id></DbtrAcct><Cdtr><Pty><Nm>Transact GmbH</Nm></Pty></Cdtr><CdtrAcct><Id><IBAN>DE35230510300004619086</IBAN></Id></CdtrAcct></RltdPties><RltdAgts><DbtrAgt><FinInstnId><BICFI>DAAEDEDDXXX</BICFI></FinInstnId></DbtrAgt><CdtrAgt><FinInstnId><BICFI>NOLADE21SHO</BICFI></FinInstnId></CdtrAgt></RltdAgts><RmtInf><Ustrd>RA 202500316 vom 07.05.2025, Suppor t DIR Jahrbuch 2024</Ustrd></RmtInf></TxDtls></NtryDtls><AddtlNtryInf>GUTSCHRIFT ÜBERWEISUNG</AddtlNtryInf></Ntry><Ntry><Amt Ccy="EUR">12852.00</Amt><CdtDbtInd>CRDT</CdtDbtInd><Sts><Cd>BOOK</Cd></Sts><BookgDt><Dt>2025-05-21</Dt></BookgDt><ValDt><Dt>2025-05-21</Dt></ValDt><AcctSvcrRef>2025-05-21-14.13.23.418011</AcctSvcrRef><BkTxCd/><NtryDtls><TxDtls><Refs><EndToEndId>0003207459</EndToEndId><Prtry><Tp>FI-UMSATZ-ID</Tp><Ref>2025-05-21-14.13.23.418011</Ref></Prtry></Refs><Amt Ccy="EUR">12852.00</Amt><BkTxCd><Domn><Cd>PMNT</Cd><Fmly><Cd>RCDT</Cd><SubFmlyCd>ESCT</SubFmlyCd></Fmly></Domn><Prtry><Cd>NTRF+166+9227+000</Cd><Issr>DK</Issr></Prtry></BkTxCd><RltdPties><Dbtr><Pty><Nm>Zentralinstitut fuer Seelische Gesundheit                             68159 Mannheim</Nm></Pty></Dbtr><DbtrAcct><Id><IBAN>DE33670505050030150015</IBAN></Id></DbtrAcct><Cdtr><Pty><Nm>Transact Gesellsch. f. Softw. u. Analyse mbH                          Kleine Reichenstrasse 1</Nm></Pty></Cdtr><CdtrAcct><Id><IBAN>DE35230510300004619086</IBAN></Id></CdtrAcct></RltdPties><RltdAgts><DbtrAgt><FinInstnId><BICFI>MANSDE66XXX</BICFI></FinInstnId></DbtrAgt><CdtrAgt><FinInstnId><BICFI>NOLADE21SHO</BICFI></FinInstnId></CdtrAgt></RltdAgts><RmtInf><Ustrd>478/INV/RA 202500307 24.4.2025</Ustrd></RmtInf></TxDtls></NtryDtls><AddtlNtryInf>GUTSCHRIFT ÜBERWEISUNG</AddtlNtryInf></Ntry><Ntry><Amt Ccy="EUR">18697.74</Amt><CdtDbtInd>CRDT</CdtDbtInd><Sts><Cd>BOOK</Cd></Sts><BookgDt><Dt>2025-05-21</Dt></BookgDt><ValDt><Dt>2025-05-21</Dt></ValDt><AcctSvcrRef>2025-05-21-16.48.16.449625</AcctSvcrRef><BkTxCd/><NtryDtls><TxDtls><Refs><EndToEndId>7</EndToEndId><Prtry><Tp>FI-UMSATZ-ID</Tp><Ref>2025-05-21-16.48.16.449625</Ref></Prtry></Refs><Amt Ccy="EUR">18697.74</Amt><BkTxCd><Domn><Cd>PMNT</Cd><Fmly><Cd>RCDT</Cd><SubFmlyCd>ESCT</SubFmlyCd></Fmly></Domn><Prtry><Cd>NTRF+166+9249+000</Cd><Issr>DK</Issr></Prtry></BkTxCd><RltdPties><Dbtr><Pty><Nm>AWO proService</Nm></Pty></Dbtr><DbtrAcct><Id><IBAN>DE37200400000626551600</IBAN></Id></DbtrAcct><Cdtr><Pty><Nm>Transact GmbH</Nm></Pty></Cdtr><CdtrAcct><Id><IBAN>DE35230510300004619086</IBAN></Id></CdtrAcct></RltdPties><RltdAgts><DbtrAgt><FinInstnId><BICFI>COBADEFF</BICFI></FinInstnId></DbtrAgt><CdtrAgt><FinInstnId><BICFI>NOLADE21SHO</BICFI></FinInstnId></CdtrAgt></RltdAgts><RmtInf><Ustrd>06.05.25 NR. RA202500314 884</Ustrd></RmtInf></TxDtls></NtryDtls><AddtlNtryInf>GUTSCHRIFT ÜBERWEISUNG</AddtlNtryInf></Ntry></Rpt></BkToCstmrAcctRpt></Document>