<?xml version="1.0" encoding="UTF-8"?><Document xmlns="urn:iso:std:iso:20022:tech:xsd:camt.052.001.08" xmlns:xsi="http://www.w3.org/2001/XMLSchema-instance" xsi:schemaLocation="urn:iso:std:iso:20022:tech:xsd:camt.052.001.08 camt.052.001.08.xsd"><BkToCstmrAcctRpt><GrpHdr><MsgId>camt52_20250901110405__ONLINEBA</MsgId><CreDtTm>2025-09-01T11:04:05+02:00</CreDtTm></GrpHdr><Rpt><Id>camt0528_ONLINEBA</Id><RptPgntn><PgNb>1</PgNb><LastPgInd>true</LastPgInd></RptPgntn><CreDtTm>2025-09-01T11:04:05+02:00</CreDtTm><Acct><Id><IBAN>DE35230510300004619086</IBAN></Id><Ccy>EUR</Ccy><Svcr><FinInstnId><BICFI>NOLADE21SHO</BICFI><Nm>SPARKASSE SUEDHOLSTEIN</Nm><Othr><Id>DE 134796412</Id><Issr>UmsStId</Issr></Othr></FinInstnId></Svcr></Acct><Bal><Tp><CdOrPrtry><Cd>OPBD</Cd></CdOrPrtry></Tp><Amt Ccy="EUR">113516.48</Amt><CdtDbtInd>CRDT</CdtDbtInd><Dt><Dt>2025-08-26</Dt></Dt></Bal><Bal><Tp><CdOrPrtry><Cd>CLBD</Cd></CdOrPrtry></Tp><Amt Ccy="EUR">86190.42</Amt><CdtDbtInd>CRDT</CdtDbtInd><Dt><Dt>2025-08-27</Dt></Dt></Bal><Ntry><Amt Ccy="EUR">2406.60</Amt><CdtDbtInd>DBIT</CdtDbtInd><Sts><Cd>BOOK</Cd></Sts><BookgDt><Dt>2025-08-27</Dt></BookgDt><ValDt><Dt>2025-08-27</Dt></ValDt><AcctSvcrRef>2025-08-27-00.05.38.321110</AcctSvcrRef><BkTxCd/><NtryDtls><TxDtls><Refs><EndToEndId>1401339541 OB-15213435</EndToEndId><MndtId>7200389849000001</MndtId><Prtry><Tp>FI-UMSATZ-ID</Tp><Ref>2025-08-27-00.05.38.321110</Ref></Prtry></Refs><Amt Ccy="EUR">2406.60</Amt><BkTxCd><Domn><Cd>PMNT</Cd><Fmly><Cd>RDDT</Cd><SubFmlyCd>ESDD</SubFmlyCd></Fmly></Domn><Prtry><Cd>NDDT+105+9248+992</Cd><Issr>DK</Issr></Prtry></BkTxCd><RltdPties><Dbtr><Pty><Nm>TRANSACT-GESELLSCHAFT FUER</Nm></Pty></Dbtr><DbtrAcct><Id><IBAN>DE35230510300004619086</IBAN></Id></DbtrAcct><Cdtr><Pty><Nm>Mobil Krankenkasse</Nm><Id><PrvtId><Othr><Id>DE86ZZZ00001158056</Id></Othr></PrvtId></Id></Pty></Cdtr><CdtrAcct><Id><IBAN>DE21200400000638715300</IBAN></Id></CdtrAcct></RltdPties><RltdAgts><DbtrAgt><FinInstnId><BICFI>NOLADE21SHO</BICFI></FinInstnId></DbtrAgt><CdtrAgt><FinInstnId><BICFI>COBADEHH</BICFI></FinInstnId></CdtrAgt></RltdAgts><RmtInf><Ustrd>1401339541 OB-15213435 7200389849000001 BEITRAG 0825 - 0825</Ustrd></RmtInf></TxDtls></NtryDtls><AddtlNtryInf>FOLGELASTSCHRIFT</AddtlNtryInf></Ntry><Ntry><Amt Ccy="EUR">3002.32</Amt><CdtDbtInd>DBIT</CdtDbtInd><Sts><Cd>BOOK</Cd></Sts><BookgDt><Dt>2025-08-27</Dt></BookgDt><ValDt><Dt>2025-08-27</Dt></ValDt><AcctSvcrRef>2025-08-27-00.05.38.329208</AcctSvcrRef><BkTxCd/><NtryDtls><TxDtls><Refs><EndToEndId>2610010151578925</EndToEndId><MndtId>101106832-1</MndtId><Prtry><Tp>FI-UMSATZ-ID</Tp><Ref>2025-08-27-00.05.38.329208</Ref></Prtry></Refs><Amt Ccy="EUR">3002.32</Amt><BkTxCd><Domn><Cd>PMNT</Cd><Fmly><Cd>RDDT</Cd><SubFmlyCd>ESDD</SubFmlyCd></Fmly></Domn><Prtry><Cd>NDDT+105+9248+992</Cd><Issr>DK</Issr></Prtry></BkTxCd><RltdPties><Dbtr><Pty><Nm>Nitschke, Guido</Nm></Pty></Dbtr><DbtrAcct><Id><IBAN>DE35230510300004619086</IBAN></Id></DbtrAcct><Cdtr><Pty><Nm>Novitas BKK</Nm><Id><PrvtId><Othr><Id>DE28ZZZ00000092100</Id></Othr></PrvtId></Id></Pty></Cdtr><CdtrAcct><Id><IBAN>DE27200800000370380000</IBAN></Id></CdtrAcct></RltdPties><RltdAgts><DbtrAgt><FinInstnId><BICFI>NOLADE21SHO</BICFI></FinInstnId></DbtrAgt><CdtrAgt><FinInstnId><BICFI>DRESDEFF200</BICFI></FinInstnId></CdtrAgt></RltdAgts><RmtInf><Ustrd>Beitraege 01.08.2025 - 31.08.2025 15213435 3002.32</Ustrd></RmtInf></TxDtls></NtryDtls><AddtlNtryInf>FOLGELASTSCHRIFT</AddtlNtryInf></Ntry><Ntry><Amt Ccy="EUR">6115.39</Amt><CdtDbtInd>DBIT</CdtDbtInd><Sts><Cd>BOOK</Cd></Sts><BookgDt><Dt>2025-08-27</Dt></BookgDt><ValDt><Dt>2025-08-27</Dt></ValDt><AcctSvcrRef>2025-08-27-00.05.59.138300</AcctSvcrRef><BkTxCd/><NtryDtls><TxDtls><Refs><EndToEndId>5800585794 OB-15213435</EndToEndId><MndtId>4207622573000001</MndtId><Prtry><Tp>FI-UMSATZ-ID</Tp><Ref>2025-08-27-00.05.59.138300</Ref></Prtry></Refs><Amt Ccy="EUR">6115.39</Amt><BkTxCd><Domn><Cd>PMNT</Cd><Fmly><Cd>RDDT</Cd><SubFmlyCd>ESDD</SubFmlyCd></Fmly></Domn><Prtry><Cd>NDDT+105+9216+992</Cd><Issr>DK</Issr></Prtry></BkTxCd><RltdPties><Dbtr><Pty><Nm>TRANSACT-GESELLSCHAFT FUER SOFTWARE   ANALYSE MBH</Nm></Pty></Dbtr><DbtrAcct><Id><IBAN>DE35230510300004619086</IBAN></Id></DbtrAcct><Cdtr><Pty><Nm>AOK NORDWEST Die Gesundheitskasse</Nm><Id><PrvtId><Othr><Id>DE56AOK00000058422</Id></Othr></PrvtId></Id></Pty></Cdtr><CdtrAcct><Id><IBAN>DE49210501701400235600</IBAN></Id></CdtrAcct><UltmtCdtr><Pty><Nm>AOK NORDWEST</Nm></Pty></UltmtCdtr></RltdPties><RltdAgts><DbtrAgt><FinInstnId><BICFI>NOLADE21SHO</BICFI></FinInstnId></DbtrAgt><CdtrAgt><FinInstnId><BICFI>NOLADE21KIE</BICFI></FinInstnId></CdtrAgt></RltdAgts><RmtInf><Ustrd>5800585794 OB-15213435 EUR 6.115,39. BEITRAG 0825 - 0825</Ustrd></RmtInf></TxDtls></NtryDtls><AddtlNtryInf>FOLGELASTSCHRIFT</AddtlNtryInf></Ntry><Ntry><Amt Ccy="EUR">2356.89</Amt><CdtDbtInd>DBIT</CdtDbtInd><Sts><Cd>BOOK</Cd></Sts><BookgDt><Dt>2025-08-27</Dt></BookgDt><ValDt><Dt>2025-08-27</Dt></ValDt><AcctSvcrRef>2025-08-27-00.06.05.056802</AcctSvcrRef><BkTxCd/><NtryDtls><TxDtls><Refs><EndToEndId>000018322</EndToEndId><MndtId>0100322382-0202-1</MndtId><Prtry><Tp>FI-UMSATZ-ID</Tp><Ref>2025-08-27-00.06.05.056802</Ref></Prtry></Refs><Amt Ccy="EUR">2356.89</Amt><BkTxCd><Domn><Cd>PMNT</Cd><Fmly><Cd>RDDT</Cd><SubFmlyCd>ESDD</SubFmlyCd></Fmly></Domn><Prtry><Cd>NDDT+105+9248+992</Cd><Issr>DK</Issr></Prtry></BkTxCd><RltdPties><Dbtr><Pty><Nm>TRANSACT-GESELLSCHAFT FUER</Nm></Pty></Dbtr><DbtrAcct><Id><IBAN>DE35230510300004619086</IBAN></Id></DbtrAcct><Cdtr><Pty><Nm>KKH HAUPTVERW., HANNOVER                                              Karl-Wiechert-Allee 61</Nm><Id><PrvtId><Othr><Id>DE58KKH00000263929</Id></Othr></PrvtId></Id></Pty></Cdtr><CdtrAcct><Id><IBAN>DE52250400660313958108</IBAN></Id></CdtrAcct></RltdPties><RltdAgts><DbtrAgt><FinInstnId><BICFI>NOLADE21SHO</BICFI></FinInstnId></DbtrAgt><CdtrAgt><FinInstnId><BICFI>COBADEFF</BICFI></FinInstnId></CdtrAgt></RltdAgts><RmtInf><Ustrd>BEITRAG 08/25 FUER 15213435 TRANSACT GMBH SOZIALVERSICHERUNGSBEITRAG KKH 2.356,89 EUR Mandat 0100322382-0202-1</Ustrd></RmtInf></TxDtls></NtryDtls><AddtlNtryInf>FOLGELASTSCHRIFT</AddtlNtryInf></Ntry><Ntry><Amt Ccy="EUR">1588.40</Amt><CdtDbtInd>DBIT</CdtDbtInd><Sts><Cd>BOOK</Cd></Sts><BookgDt><Dt>2025-08-27</Dt></BookgDt><ValDt><Dt>2025-08-27</Dt></ValDt><AcctSvcrRef>2025-08-27-00.06.20.297820</AcctSvcrRef><BkTxCd/><NtryDtls><TxDtls><Refs><EndToEndId>2610020472688530</EndToEndId><MndtId>02051608241-1</MndtId><Prtry><Tp>FI-UMSATZ-ID</Tp><Ref>2025-08-27-00.06.20.297820</Ref></Prtry></Refs><Amt Ccy="EUR">1588.40</Amt><BkTxCd><Domn><Cd>PMNT</Cd><Fmly><Cd>RDDT</Cd><SubFmlyCd>ESDD</SubFmlyCd></Fmly></Domn><Prtry><Cd>NDDT+105+9230+992</Cd><Issr>DK</Issr></Prtry></BkTxCd><RltdPties><Dbtr><Pty><Nm>Transact GmbH</Nm></Pty></Dbtr><DbtrAcct><Id><IBAN>DE35230510300004619086</IBAN></Id></DbtrAcct><Cdtr><Pty><Nm>IKK classic</Nm><Id><PrvtId><Othr><Id>DE21ZZZ00000017342</Id></Othr></PrvtId></Id></Pty></Cdtr><CdtrAcct><Id><IBAN>DE61600501017461505611</IBAN></Id></CdtrAcct></RltdPties><RltdAgts><DbtrAgt><FinInstnId><BICFI>NOLADE21SHO</BICFI></FinInstnId></DbtrAgt><CdtrAgt><FinInstnId><BICFI>SOLADEST600</BICFI></FinInstnId></CdtrAgt></RltdAgts><RmtInf><Ustrd>Beitraege 01.08.2025 - 31.08.2025 15213435 1588.40</Ustrd></RmtInf></TxDtls></NtryDtls><AddtlNtryInf>FOLGELASTSCHRIFT</AddtlNtryInf></Ntry><Ntry><Amt Ccy="EUR">10529.74</Amt><CdtDbtInd>DBIT</CdtDbtInd><Sts><Cd>BOOK</Cd></Sts><BookgDt><Dt>2025-08-27</Dt></BookgDt><ValDt><Dt>2025-08-27</Dt></ValDt><AcctSvcrRef>2025-08-27-00.06.37.283513</AcctSvcrRef><BkTxCd/><NtryDtls><TxDtls><Refs><EndToEndId>C4853103202 OB-15213435</EndToEndId><MndtId>0115832110000001</MndtId><Prtry><Tp>FI-UMSATZ-ID</Tp><Ref>2025-08-27-00.06.37.283513</Ref></Prtry></Refs><Amt Ccy="EUR">10529.74</Amt><BkTxCd><Domn><Cd>PMNT</Cd><Fmly><Cd>RDDT</Cd><SubFmlyCd>ESDD</SubFmlyCd></Fmly></Domn><Prtry><Cd>NDDT+105+9248+992</Cd><Issr>DK</Issr></Prtry></BkTxCd><RltdPties><Dbtr><Pty><Nm>TRANSACT GMBH</Nm></Pty></Dbtr><DbtrAcct><Id><IBAN>DE35230510300004619086</IBAN></Id></DbtrAcct><Cdtr><Pty><Nm>BARMER</Nm><Id><PrvtId><Othr><Id>DE91ZZZ00000008807</Id></Othr></PrvtId></Id></Pty></Cdtr><CdtrAcct><Id><IBAN>DE67300500000004000410</IBAN></Id></CdtrAcct><UltmtCdtr><Pty><Nm>BARMER Ersatzkasse</Nm></Pty></UltmtCdtr></RltdPties><RltdAgts><DbtrAgt><FinInstnId><BICFI>NOLADE21SHO</BICFI></FinInstnId></DbtrAgt><CdtrAgt><FinInstnId><BICFI>WELADEDDXXX</BICFI></FinInstnId></CdtrAgt></RltdAgts><RmtInf><Ustrd>EUR 10529,74 BEITRAG 0825-0825 BNR 15213435</Ustrd></RmtInf></TxDtls></NtryDtls><AddtlNtryInf>FOLGELASTSCHRIFT</AddtlNtryInf></Ntry><Ntry><Amt Ccy="EUR">1191.87</Amt><CdtDbtInd>DBIT</CdtDbtInd><Sts><Cd>BOOK</Cd></Sts><BookgDt><Dt>2025-08-27</Dt></BookgDt><ValDt><Dt>2025-08-27</Dt></ValDt><AcctSvcrRef>2025-08-27-00.08.40.639688</AcctSvcrRef><BkTxCd/><NtryDtls><TxDtls><Refs><EndToEndId>2610013910381678</EndToEndId><MndtId>026181156590-1</MndtId><Prtry><Tp>FI-UMSATZ-ID</Tp><Ref>2025-08-27-00.08.40.639688</Ref></Prtry></Refs><Amt Ccy="EUR">1191.87</Amt><BkTxCd><Domn><Cd>PMNT</Cd><Fmly><Cd>RDDT</Cd><SubFmlyCd>ESDD</SubFmlyCd></Fmly></Domn><Prtry><Cd>NDDT+105+9246+992</Cd><Issr>DK</Issr></Prtry></BkTxCd><RltdPties><Dbtr><Pty><Nm>Transact GmbH</Nm></Pty></Dbtr><DbtrAcct><Id><IBAN>DE35230510300004619086</IBAN></Id></DbtrAcct><Cdtr><Pty><Nm>hkk</Nm><Id><PrvtId><Othr><Id>DE51ZZZ00000507816</Id></Othr></PrvtId></Id></Pty></Cdtr><CdtrAcct><Id><IBAN>DE79290501010001006543</IBAN></Id></CdtrAcct><UltmtCdtr><Pty><Nm>hkk</Nm></Pty></UltmtCdtr></RltdPties><RltdAgts><DbtrAgt><FinInstnId><BICFI>NOLADE21SHO</BICFI></FinInstnId></DbtrAgt><CdtrAgt><FinInstnId><BICFI>SBREDE22XXX</BICFI></FinInstnId></CdtrAgt></RltdAgts><RmtInf><Ustrd>Beitraege 01.08.2025 - 31.08.2025 15213435 1191.87</Ustrd></RmtInf></TxDtls></NtryDtls><AddtlNtryInf>FOLGELASTSCHRIFT</AddtlNtryInf></Ntry><Ntry><Amt Ccy="EUR">194.99</Amt><CdtDbtInd>DBIT</CdtDbtInd><Sts><Cd>BOOK</Cd></Sts><BookgDt><Dt>2025-08-27</Dt></BookgDt><ValDt><Dt>2025-08-27</Dt></ValDt><AcctSvcrRef>2025-08-27-00.08.48.162978</AcctSvcrRef><BkTxCd/><NtryDtls><TxDtls><Refs><EndToEndId>7008246701 OB-15213435</EndToEndId><MndtId>4600732646000001</MndtId><Prtry><Tp>FI-UMSATZ-ID</Tp><Ref>2025-08-27-00.08.48.162978</Ref></Prtry></Refs><Amt Ccy="EUR">194.99</Amt><BkTxCd><Domn><Cd>PMNT</Cd><Fmly><Cd>RDDT</Cd><SubFmlyCd>ESDD</SubFmlyCd></Fmly></Domn><Prtry><Cd>NDDT+105+9248+992</Cd><Issr>DK</Issr></Prtry></BkTxCd><RltdPties><Dbtr><Pty><Nm>TRANSACT-GESELLSCHAFT FUER SOFTWARE ANALYSE MBH</Nm></Pty></Dbtr><DbtrAcct><Id><IBAN>DE35230510300004619086</IBAN></Id></DbtrAcct><Cdtr><Pty><Nm>Knappschaft-Bahn-See</Nm><Id><PrvtId><Othr><Id>DE81KBS00000034886</Id></Othr></PrvtId></Id></Pty></Cdtr><CdtrAcct><Id><IBAN>DE24300500000001050541</IBAN></Id></CdtrAcct><UltmtCdtr><Pty><Nm>Deutsche Rentenversicherung Knappschaft-Bahn-See</Nm></Pty></UltmtCdtr></RltdPties><RltdAgts><DbtrAgt><FinInstnId><BICFI>NOLADE21SHO</BICFI></FinInstnId></DbtrAgt><CdtrAgt><FinInstnId><BICFI>WELADEDDXXX</BICFI></FinInstnId></CdtrAgt></RltdAgts><RmtInf><Ustrd>7008246701 OB-15213435 EUR 194,99. BEITRAG 0825 - 0825</Ustrd></RmtInf></TxDtls></NtryDtls><AddtlNtryInf>FOLGELASTSCHRIFT</AddtlNtryInf></Ntry><Ntry><Amt Ccy="EUR">3024.02</Amt><CdtDbtInd>DBIT</CdtDbtInd><Sts><Cd>BOOK</Cd></Sts><BookgDt><Dt>2025-08-27</Dt></BookgDt><ValDt><Dt>2025-08-27</Dt></ValDt><AcctSvcrRef>2025-08-27-00.08.48.163650</AcctSvcrRef><BkTxCd/><NtryDtls><TxDtls><Refs><EndToEndId>6007167416 OB-15213435</EndToEndId><MndtId>2000882554000001</MndtId><Prtry><Tp>FI-UMSATZ-ID</Tp><Ref>2025-08-27-00.08.48.163650</Ref></Prtry></Refs><Amt Ccy="EUR">3024.02</Amt><BkTxCd><Domn><Cd>PMNT</Cd><Fmly><Cd>RDDT</Cd><SubFmlyCd>ESDD</SubFmlyCd></Fmly></Domn><Prtry><Cd>NDDT+105+9248+992</Cd><Issr>DK</Issr></Prtry></BkTxCd><RltdPties><Dbtr><Pty><Nm>TRANSACT-GESELLSCHAFT FUER SOFTWARE ANALYSE MBH</Nm></Pty></Dbtr><DbtrAcct><Id><IBAN>DE35230510300004619086</IBAN></Id></DbtrAcct><Cdtr><Pty><Nm>AOK Rheinland/Hamburg</Nm><Id><PrvtId><Othr><Id>DE05ZZZ00000018503</Id></Othr></PrvtId></Id></Pty></Cdtr><CdtrAcct><Id><IBAN>DE80300500000004066718</IBAN></Id></CdtrAcct><UltmtCdtr><Pty><Nm>AOK Rheinland/Hamburg - Die Gesundheitskasse</Nm></Pty></UltmtCdtr></RltdPties><RltdAgts><DbtrAgt><FinInstnId><BICFI>NOLADE21SHO</BICFI></FinInstnId></DbtrAgt><CdtrAgt><FinInstnId><BICFI>WELADEDDXXX</BICFI></FinInstnId></CdtrAgt></RltdAgts><RmtInf><Ustrd>6007167416 OB-15213435 EUR 3.024,02. BEITRAG 0825 - 0825</Ustrd></RmtInf></TxDtls></NtryDtls><AddtlNtryInf>FOLGELASTSCHRIFT</AddtlNtryInf></Ntry><Ntry><Amt Ccy="EUR">7101.35</Amt><CdtDbtInd>DBIT</CdtDbtInd><Sts><Cd>BOOK</Cd></Sts><BookgDt><Dt>2025-08-27</Dt></BookgDt><ValDt><Dt>2025-08-27</Dt></ValDt><AcctSvcrRef>2025-08-27-00.09.05.839216</AcctSvcrRef><BkTxCd/><NtryDtls><TxDtls><Refs><EndToEndId>2808593593</EndToEndId><MndtId>MD950390295</MndtId><Prtry><Tp>FI-UMSATZ-ID</Tp><Ref>2025-08-27-00.09.05.839216</Ref></Prtry></Refs><Amt Ccy="EUR">7101.35</Amt><BkTxCd><Domn><Cd>PMNT</Cd><Fmly><Cd>RDDT</Cd><SubFmlyCd>ESDD</SubFmlyCd></Fmly></Domn><Prtry><Cd>NDDT+105+9208+992</Cd><Issr>DK</Issr></Prtry></BkTxCd><RltdPties><Dbtr><Pty><Nm>TransAct Software GmbH</Nm></Pty></Dbtr><DbtrAcct><Id><IBAN>DE35230510300004619086</IBAN></Id></DbtrAcct><Cdtr><Pty><Nm>Techniker Krankenkasse</Nm><Id><PrvtId><Othr><Id>DE51TK100000031158</Id></Othr></PrvtId></Id></Pty></Cdtr><CdtrAcct><Id><IBAN>DE59200505501280376854</IBAN></Id></CdtrAcct></RltdPties><RltdAgts><DbtrAgt><FinInstnId><BICFI>NOLADE21SHO</BICFI></FinInstnId></DbtrAgt><CdtrAgt><FinInstnId><BICFI>HASPDEHHXXX</BICFI></FinInstnId></CdtrAgt></RltdAgts><RmtInf><Ustrd>BNR: 15213435 B5640003757 Beitraege 08/25</Ustrd></RmtInf></TxDtls></NtryDtls><AddtlNtryInf>FOLGELASTSCHRIFT</AddtlNtryInf></Ntry><Ntry><Amt Ccy="EUR">1573.77</Amt><CdtDbtInd>DBIT</CdtDbtInd><Sts><Cd>BOOK</Cd></Sts><BookgDt><Dt>2025-08-27</Dt></BookgDt><ValDt><Dt>2025-08-27</Dt></ValDt><AcctSvcrRef>2025-08-27-00.09.12.724160</AcctSvcrRef><BkTxCd/><NtryDtls><TxDtls><Refs><EndToEndId>2610002607030433</EndToEndId><MndtId>020532384526-1</MndtId><Prtry><Tp>FI-UMSATZ-ID</Tp><Ref>2025-08-27-00.09.12.724160</Ref></Prtry></Refs><Amt Ccy="EUR">1573.77</Amt><BkTxCd><Domn><Cd>PMNT</Cd><Fmly><Cd>RDDT</Cd><SubFmlyCd>ESDD</SubFmlyCd></Fmly></Domn><Prtry><Cd>NDDT+105+9200+992</Cd><Issr>DK</Issr></Prtry></BkTxCd><RltdPties><Dbtr><Pty><Nm>Transact GmbH</Nm></Pty></Dbtr><DbtrAcct><Id><IBAN>DE35230510300004619086</IBAN></Id></DbtrAcct><Cdtr><Pty><Nm>IKK Suedwest</Nm><Id><PrvtId><Othr><Id>DE45IKK00000178415</Id></Othr></PrvtId></Id></Pty></Cdtr><CdtrAcct><Id><IBAN>DE32590500000031513583</IBAN></Id></CdtrAcct></RltdPties><RltdAgts><DbtrAgt><FinInstnId><BICFI>NOLADE21SHO</BICFI></FinInstnId></DbtrAgt><CdtrAgt><FinInstnId><BICFI>SALADE55XXX</BICFI></FinInstnId></CdtrAgt></RltdAgts><RmtInf><Ustrd>Beitraege 01.08.2025 - 31.08.2025 15213435 1573.77</Ustrd></RmtInf></TxDtls></NtryDtls><AddtlNtryInf>FOLGELASTSCHRIFT</AddtlNtryInf></Ntry><Ntry><Amt Ccy="EUR">907.97</Amt><CdtDbtInd>CRDT</CdtDbtInd><Sts><Cd>BOOK</Cd></Sts><BookgDt><Dt>2025-08-27</Dt></BookgDt><ValDt><Dt>2025-08-27</Dt></ValDt><AcctSvcrRef>2025-08-27-00.14.20.960156</AcctSvcrRef><BkTxCd/><NtryDtls><TxDtls><Refs><EndToEndId>0004530562</EndToEndId><Prtry><Tp>FI-UMSATZ-ID</Tp><Ref>2025-08-27-00.14.20.960156</Ref></Prtry></Refs><Amt Ccy="EUR">907.97</Amt><BkTxCd><Domn><Cd>PMNT</Cd><Fmly><Cd>RCDT</Cd><SubFmlyCd>ESCT</SubFmlyCd></Fmly></Domn><Prtry><Cd>NTRF+166+9263+000</Cd><Issr>DK</Issr></Prtry></BkTxCd><RltdPties><Dbtr><Pty><Nm>Universitätsmedizin Greifswald Körperschaft des öffentlichen Rechts</Nm></Pty></Dbtr><DbtrAcct><Id><IBAN>DE32130000000013001534</IBAN></Id></DbtrAcct><Cdtr><Pty><Nm>Transact GmbH</Nm></Pty></Cdtr><CdtrAcct><Id><IBAN>DE35230510300004619086</IBAN></Id></CdtrAcct></RltdPties><RltdAgts><DbtrAgt><FinInstnId><BICFI>MARKDEF1130</BICFI></FinInstnId></DbtrAgt><CdtrAgt><FinInstnId><BICFI>NOLADE21SHO</BICFI></FinInstnId></CdtrAgt></RltdAgts><RmtInf><Ustrd>/R/XQVID14571/410,8401.12.2023-30.11.2024-IT Einmalb. S/R/XQVID14571/497,1301.01.2024-30.11.2024-IT Einmalb. S</Ustrd></RmtInf></TxDtls></NtryDtls><AddtlNtryInf>GUTSCHRIFT ÜBERWEISUNG</AddtlNtryInf></Ntry><Ntry><Amt Ccy="EUR">3949.31</Amt><CdtDbtInd>CRDT</CdtDbtInd><Sts><Cd>BOOK</Cd></Sts><BookgDt><Dt>2025-08-27</Dt></BookgDt><ValDt><Dt>2025-08-27</Dt></ValDt><AcctSvcrRef>2025-08-27-12.10.44.932543</AcctSvcrRef><BkTxCd/><NtryDtls><TxDtls><Refs><EndToEndId>0072019948</EndToEndId><Prtry><Tp>FI-UMSATZ-ID</Tp><Ref>2025-08-27-12.10.44.932543</Ref></Prtry></Refs><Amt Ccy="EUR">3949.31</Amt><BkTxCd><Domn><Cd>PMNT</Cd><Fmly><Cd>RCDT</Cd><SubFmlyCd>ESCT</SubFmlyCd></Fmly></Domn><Prtry><Cd>NTRF+166+9227+000</Cd><Issr>DK</Issr></Prtry></BkTxCd><RltdPties><Dbtr><Pty><Nm>Klinikum Mannheim GmbH Theodor-Kutzer-Ufer 1-3</Nm></Pty></Dbtr><DbtrAcct><Id><IBAN>DE64670505050030251113</IBAN></Id></DbtrAcct><UltmtDbtr><Pty><Nm>Klinikum Mannheim GmbH Theodor-Kutzer-Ufer 1-3</Nm></Pty></UltmtDbtr><Cdtr><Pty><Nm>Transact-Gesellschaft fuer SoftwareAnalyse mbH</Nm></Pty></Cdtr><CdtrAcct><Id><IBAN>DE35230510300004619086</IBAN></Id></CdtrAcct></RltdPties><RltdAgts><DbtrAgt><FinInstnId><BICFI>MANSDE66XXX</BICFI></FinInstnId></DbtrAgt><CdtrAgt><FinInstnId><BICFI>NOLADE21SHO</BICFI></FinInstnId></CdtrAgt></RltdAgts><RmtInf><Ustrd>/ADV/0072019948 26.8.2025/R/RA202500559/3949,31</Ustrd></RmtInf></TxDtls></NtryDtls><AddtlNtryInf>GUTSCHRIFT ÜBERWEISUNG</AddtlNtryInf></Ntry><Ntry><Amt Ccy="EUR">6902.00</Amt><CdtDbtInd>CRDT</CdtDbtInd><Sts><Cd>BOOK</Cd></Sts><BookgDt><Dt>2025-08-27</Dt></BookgDt><ValDt><Dt>2025-08-27</Dt></ValDt><AcctSvcrRef>2025-08-27-12.10.44.937182</AcctSvcrRef><BkTxCd/><NtryDtls><TxDtls><Refs><EndToEndId>0003210198</EndToEndId><Prtry><Tp>FI-UMSATZ-ID</Tp><Ref>2025-08-27-12.10.44.937182</Ref></Prtry></Refs><Amt Ccy="EUR">6902.00</Amt><BkTxCd><Domn><Cd>PMNT</Cd><Fmly><Cd>RCDT</Cd><SubFmlyCd>ESCT</SubFmlyCd></Fmly></Domn><Prtry><Cd>NTRF+166+9227+000</Cd><Issr>DK</Issr></Prtry></BkTxCd><RltdPties><Dbtr><Pty><Nm>Zentralinstitut fuer Seelische Gesundheit                             68159 Mannheim</Nm></Pty></Dbtr><DbtrAcct><Id><IBAN>DE33670505050030150015</IBAN></Id></DbtrAcct><Cdtr><Pty><Nm>Transact Gesellsch. f. Softw. u. Analyse mbH                          Kleine Reichenstrasse 1</Nm></Pty></Cdtr><CdtrAcct><Id><IBAN>DE35230510300004619086</IBAN></Id></CdtrAcct></RltdPties><RltdAgts><DbtrAgt><FinInstnId><BICFI>MANSDE66XXX</BICFI></FinInstnId></DbtrAgt><CdtrAgt><FinInstnId><BICFI>NOLADE21SHO</BICFI></FinInstnId></CdtrAgt></RltdAgts><RmtInf><Ustrd>478/INV/RA 202500414 17.6.2025</Ustrd></RmtInf></TxDtls></NtryDtls><AddtlNtryInf>GUTSCHRIFT ÜBERWEISUNG</AddtlNtryInf></Ntry></Rpt></BkToCstmrAcctRpt></Document>