<?xml version="1.0" encoding="UTF-8"?><Document xmlns="urn:iso:std:iso:20022:tech:xsd:camt.052.001.08" xmlns:xsi="http://www.w3.org/2001/XMLSchema-instance" xsi:schemaLocation="urn:iso:std:iso:20022:tech:xsd:camt.052.001.08 camt.052.001.08.xsd"><BkToCstmrAcctRpt><GrpHdr><MsgId>camt52_20250611105543__ONLINEBA</MsgId><CreDtTm>2025-06-11T10:55:43+02:00</CreDtTm></GrpHdr><Rpt><Id>camt0528_ONLINEBA</Id><RptPgntn><PgNb>1</PgNb><LastPgInd>true</LastPgInd></RptPgntn><CreDtTm>2025-06-11T10:55:43+02:00</CreDtTm><Acct><Id><IBAN>DE35230510300004619086</IBAN></Id><Ccy>EUR</Ccy><Svcr><FinInstnId><BICFI>NOLADE21SHO</BICFI><Nm>SPARKASSE SUEDHOLSTEIN</Nm><Othr><Id>DE 134796412</Id><Issr>UmsStId</Issr></Othr></FinInstnId></Svcr></Acct><Bal><Tp><CdOrPrtry><Cd>OPBD</Cd></CdOrPrtry></Tp><Amt Ccy="EUR">35019.31</Amt><CdtDbtInd>CRDT</CdtDbtInd><Dt><Dt>2025-05-30</Dt></Dt></Bal><Bal><Tp><CdOrPrtry><Cd>CLBD</Cd></CdOrPrtry></Tp><Amt Ccy="EUR">41352.52</Amt><CdtDbtInd>CRDT</CdtDbtInd><Dt><Dt>2025-06-02</Dt></Dt></Bal><Ntry><Amt Ccy="EUR">126.00</Amt><CdtDbtInd>DBIT</CdtDbtInd><Sts><Cd>BOOK</Cd></Sts><BookgDt><Dt>2025-06-02</Dt></BookgDt><ValDt><Dt>2025-06-01</Dt></ValDt><AcctSvcrRef>2025-05-30-21.07.35.194335</AcctSvcrRef><BkTxCd/><NtryDtls><TxDtls><Refs><Prtry><Tp>FI-UMSATZ-ID</Tp><Ref>2025-05-30-21.07.35.194335</Ref></Prtry></Refs><Amt Ccy="EUR">126.00</Amt><BkTxCd><Domn><Cd>ACMT</Cd><Fmly><Cd>OPCL</Cd><SubFmlyCd>ACCC</SubFmlyCd></Fmly></Domn><Prtry><Cd>NMSC+805+6666+000</Cd><Issr>DK</Issr></Prtry></BkTxCd><RltdPties><DbtrAcct><Id><Othr><Id>0004619086</Id></Othr></Id></DbtrAcct><CdtrAcct><Id><Othr><Id>0000000000</Id></Othr></Id></CdtrAcct></RltdPties><RltdAgts><DbtrAgt><FinInstnId><Nm>SPK SUEDHOLSTEIN NEUMUENSTE</Nm><Othr><Id>23051030</Id></Othr></FinInstnId></DbtrAgt><CdtrAgt><FinInstnId><Nm>SPK SUEDHOLSTEIN NEUMUENSTE</Nm><Othr><Id>23051030</Id></Othr></FinInstnId></CdtrAgt></RltdAgts><RmtInf><Ustrd>Abrechnung 30.05.2025</Ustrd><Ustrd>siehe Anlage</Ustrd><Ustrd>Abrechnung 30.05.2025</Ustrd><Ustrd>Information zur Abrechnung</Ustrd><Ustrd>Kontostand am 30.05.2025                                       35.019,31 +</Ustrd><Ustrd>Abrechnungszeitraum vom 01.05.2025 bis 30.05.2025</Ustrd><Ustrd>Kreditprovision                                                     52,08-</Ustrd><Ustrd>aus nicht in Anspruch genommenem Kredit</Ustrd><Ustrd> 1,2500 v.H. Kred-Prov  bis 30.05.2025</Ustrd><Ustrd>Entgelte vom 01.05.2025 bis 30.05.2025                              53,80-</Ustrd><Ustrd>Kontoführung                1 x   29,90               29,90-</Ustrd><Ustrd>Daueraufträge               1 x    0,20                0,20-</Ustrd><Ustrd>Lastschriften              40 x    0,20                8,00-</Ustrd><Ustrd>Überweisungen DATA</Ustrd><Ustrd> Geschäftsvorfälle         53 x    0,10                5,30-</Ustrd><Ustrd>Gutschrift Überweisung     52 x    0,20               10,40-</Ustrd><Ustrd>Abrechnung 30.05.2025 vor Steuer                                   105,88-</Ustrd><Ustrd>Umsatzsteuer  19%  auf         105,88-                 USt:         20,12-</Ustrd><Ustrd>Abrechnung 30.05.2025                                              126,00-</Ustrd><Ustrd>Kontostand/Rechnungsabschluss am 30.05.2025                    34.893,31 +</Ustrd><Ustrd>Rechnungsnummer: 20250530-SH041-00032732931</Ustrd></RmtInf></TxDtls></NtryDtls><AddtlNtryInf>ABSCHLUSS</AddtlNtryInf></Ntry><Ntry><Amt Ccy="EUR">67.07</Amt><CdtDbtInd>DBIT</CdtDbtInd><Sts><Cd>BOOK</Cd></Sts><BookgDt><Dt>2025-06-02</Dt></BookgDt><ValDt><Dt>2025-06-02</Dt></ValDt><AcctSvcrRef>2025-06-02-00.06.17.394882</AcctSvcrRef><BkTxCd/><NtryDtls><TxDtls><Refs><EndToEndId>330552381</EndToEndId><MndtId>239193478B00014</MndtId><Prtry><Tp>FI-UMSATZ-ID</Tp><Ref>2025-06-02-00.06.17.394882</Ref></Prtry></Refs><Amt Ccy="EUR">67.07</Amt><BkTxCd><Domn><Cd>PMNT</Cd><Fmly><Cd>RDDT</Cd><SubFmlyCd>ESDD</SubFmlyCd></Fmly></Domn><Prtry><Cd>NDDT+105+9248+992</Cd><Issr>DK</Issr></Prtry></BkTxCd><RltdPties><Dbtr><Pty><Nm>Transact Gesellschaft fuer</Nm></Pty></Dbtr><DbtrAcct><Id><IBAN>DE35230510300004619086</IBAN></Id></DbtrAcct><Cdtr><Pty><Nm>HANSEMERKUR VERS.</Nm><Id><PrvtId><Othr><Id>DE74ZZZ00000066149</Id></Othr></PrvtId></Id></Pty></Cdtr><CdtrAcct><Id><IBAN>DE24200300000000241414</IBAN></Id></CdtrAcct></RltdPties><RltdAgts><DbtrAgt><FinInstnId><BICFI>NOLADE21SHO</BICFI></FinInstnId></DbtrAgt><CdtrAgt><FinInstnId><BICFI>HYVEDEMM300</BICFI></FinInstnId></CdtrAgt></RltdAgts><RmtInf><Ustrd>239193478B00014 01.06.2025 Rentenversicherung</Ustrd></RmtInf></TxDtls></NtryDtls><AddtlNtryInf>FOLGELASTSCHRIFT</AddtlNtryInf></Ntry><Ntry><Amt Ccy="EUR">54.83</Amt><CdtDbtInd>DBIT</CdtDbtInd><Sts><Cd>BOOK</Cd></Sts><BookgDt><Dt>2025-06-02</Dt></BookgDt><ValDt><Dt>2025-06-02</Dt></ValDt><AcctSvcrRef>2025-06-02-00.12.16.017810</AcctSvcrRef><BkTxCd/><NtryDtls><TxDtls><Refs><EndToEndId>003501751421</EndToEndId><MndtId>T00200011000000040638006</MndtId><Prtry><Tp>FI-UMSATZ-ID</Tp><Ref>2025-06-02-00.12.16.017810</Ref></Prtry></Refs><Amt Ccy="EUR">54.83</Amt><BkTxCd><Domn><Cd>PMNT</Cd><Fmly><Cd>RDDT</Cd><SubFmlyCd>ESDD</SubFmlyCd></Fmly></Domn><Prtry><Cd>NDDT+105+9248+992</Cd><Issr>DK</Issr></Prtry></BkTxCd><RltdPties><Dbtr><Pty><Nm>TRANSACT - GESELLSCHAFT FUeR SO                                       Kleine Reichenstr. 1</Nm></Pty></Dbtr><DbtrAcct><Id><IBAN>DE35230510300004619086</IBAN></Id></DbtrAcct><Cdtr><Pty><Nm>TG GmbH Co. OHG                                                       Georg-Brauchle-Ring 23-25</Nm><Id><PrvtId><Othr><Id>DE9700000000142462</Id></Othr></PrvtId></Id></Pty></Cdtr><CdtrAcct><Id><IBAN>DE11700400410225563606</IBAN></Id></CdtrAcct></RltdPties><RltdAgts><DbtrAgt><FinInstnId><BICFI>NOLADE21SHO</BICFI></FinInstnId></DbtrAgt><CdtrAgt><FinInstnId><BICFI>COBADEFF</BICFI></FinInstnId></CdtrAgt></RltdAgts><RmtInf><Ustrd>Telefonica sagt Danke Kd-Nr.:7040425409, Rg-Nr.:2000405691</Ustrd></RmtInf></TxDtls></NtryDtls><AddtlNtryInf>FOLGELASTSCHRIFT</AddtlNtryInf></Ntry><Ntry><Amt Ccy="EUR">568.00</Amt><CdtDbtInd>DBIT</CdtDbtInd><Sts><Cd>BOOK</Cd></Sts><BookgDt><Dt>2025-06-02</Dt></BookgDt><ValDt><Dt>2025-06-02</Dt></ValDt><AcctSvcrRef>2025-06-02-00.14.48.639834</AcctSvcrRef><BkTxCd/><NtryDtls><TxDtls><Refs><EndToEndId>045603342137</EndToEndId><MndtId>100000003592870</MndtId><Prtry><Tp>FI-UMSATZ-ID</Tp><Ref>2025-06-02-00.14.48.639834</Ref></Prtry></Refs><Amt Ccy="EUR">568.00</Amt><BkTxCd><Domn><Cd>PMNT</Cd><Fmly><Cd>RDDT</Cd><SubFmlyCd>ESDD</SubFmlyCd></Fmly></Domn><Prtry><Cd>NDDT+105+9202+992</Cd><Issr>DK</Issr></Prtry></BkTxCd><RltdPties><Dbtr><Pty><Nm>Transact - Gesellschaft fuer Software A nalyse mbH                    Kleine Reichenstr. 1</Nm></Pty></Dbtr><DbtrAcct><Id><IBAN>DE35230510300004619086</IBAN></Id></DbtrAcct><Cdtr><Pty><Nm>Gothaer Lebensversicherung Aktiengesellschaft                         Arnoldi-Platz 1</Nm><Id><PrvtId><Othr><Id>DE16ZZZ00000070200</Id></Othr></PrvtId></Id></Pty></Cdtr><CdtrAcct><Id><IBAN>DE12330500000000920009</IBAN></Id></CdtrAcct><UltmtCdtr><Pty><Nm>Gothaer Lebensvers.AG</Nm></Pty></UltmtCdtr></RltdPties><RltdAgts><DbtrAgt><FinInstnId><BICFI>NOLADE21SHO</BICFI></FinInstnId></DbtrAgt><CdtrAgt><FinInstnId><BICFI>WUPSDE33XXX</BICFI></FinInstnId></CdtrAgt></RltdAgts><RmtInf><Ustrd>Rentenversicherung/Vertrag 002635719T10</Ustrd></RmtInf></TxDtls></NtryDtls><AddtlNtryInf>FOLGELASTSCHRIFT</AddtlNtryInf></Ntry><Ntry><Amt Ccy="EUR">78.63</Amt><CdtDbtInd>DBIT</CdtDbtInd><Sts><Cd>BOOK</Cd></Sts><BookgDt><Dt>2025-06-02</Dt></BookgDt><ValDt><Dt>2025-06-02</Dt></ValDt><AcctSvcrRef>2025-06-02-00.17.46.375395</AcctSvcrRef><BkTxCd/><NtryDtls><TxDtls><Refs><EndToEndId>003501751422</EndToEndId><MndtId>T00200011000000040645551</MndtId><Prtry><Tp>FI-UMSATZ-ID</Tp><Ref>2025-06-02-00.17.46.375395</Ref></Prtry></Refs><Amt Ccy="EUR">78.63</Amt><BkTxCd><Domn><Cd>PMNT</Cd><Fmly><Cd>RDDT</Cd><SubFmlyCd>ESDD</SubFmlyCd></Fmly></Domn><Prtry><Cd>NDDT+105+9248+991</Cd><Issr>DK</Issr></Prtry></BkTxCd><RltdPties><Dbtr><Pty><Nm>TRANSACT - GESELLSCHAFT FUeR SO                                       Kleine Reichenstr. 1</Nm></Pty></Dbtr><DbtrAcct><Id><IBAN>DE35230510300004619086</IBAN></Id></DbtrAcct><Cdtr><Pty><Nm>TG GmbH Co. OHG                                                       Georg-Brauchle-Ring 23-25</Nm><Id><PrvtId><Othr><Id>DE9700000000142462</Id></Othr></PrvtId></Id></Pty></Cdtr><CdtrAcct><Id><IBAN>DE11700400410225563606</IBAN></Id></CdtrAcct></RltdPties><RltdAgts><DbtrAgt><FinInstnId><BICFI>NOLADE21SHO</BICFI></FinInstnId></DbtrAgt><CdtrAgt><FinInstnId><BICFI>COBADEFF</BICFI></FinInstnId></CdtrAgt></RltdAgts><RmtInf><Ustrd>Telefonica sagt Danke Kd-Nr.:7040425409, Rg-Nr.:2000412783</Ustrd></RmtInf></TxDtls></NtryDtls><AddtlNtryInf>ERSTLASTSCHRIFT</AddtlNtryInf></Ntry><Ntry><Amt Ccy="EUR">102.26</Amt><CdtDbtInd>DBIT</CdtDbtInd><Sts><Cd>BOOK</Cd></Sts><BookgDt><Dt>2025-06-02</Dt></BookgDt><ValDt><Dt>2025-06-02</Dt></ValDt><AcctSvcrRef>2025-06-02-00.18.43.777994</AcctSvcrRef><BkTxCd/><NtryDtls><TxDtls><Refs><EndToEndId>2514312275029</EndToEndId><MndtId>0010024626420000122013001</MndtId><Prtry><Tp>FI-UMSATZ-ID</Tp><Ref>2025-06-02-00.18.43.777994</Ref></Prtry></Refs><Amt Ccy="EUR">102.26</Amt><BkTxCd><Domn><Cd>PMNT</Cd><Fmly><Cd>RDDT</Cd><SubFmlyCd>ESDD</SubFmlyCd></Fmly></Domn><Prtry><Cd>NDDT+105+9248+992</Cd><Issr>DK</Issr></Prtry></BkTxCd><RltdPties><Dbtr><Pty><Nm>TRANSACT GMBH</Nm></Pty></Dbtr><DbtrAcct><Id><IBAN>DE35230510300004619086</IBAN></Id></DbtrAcct><Cdtr><Pty><Nm>Nurnberger Lebensversicherung Aktiengesellschaft</Nm><Id><PrvtId><Othr><Id>DE96ZZZ00000022103</Id></Othr></PrvtId></Id></Pty></Cdtr><CdtrAcct><Id><IBAN>DE41760700120464189000</IBAN></Id></CdtrAcct></RltdPties><RltdAgts><DbtrAgt><FinInstnId><BICFI>NOLADE21SHO</BICFI></FinInstnId></DbtrAgt><CdtrAgt><FinInstnId><BICFI>DEUTDEMM760</BICFI></FinInstnId></CdtrAgt></RltdAgts><RmtInf><Ustrd>462642000012 NLV LEBENSVERS. / 01.06.2025 102,26</Ustrd></RmtInf></TxDtls></NtryDtls><AddtlNtryInf>FOLGELASTSCHRIFT</AddtlNtryInf></Ntry><Ntry><Amt Ccy="EUR">170.00</Amt><CdtDbtInd>DBIT</CdtDbtInd><Sts><Cd>BOOK</Cd></Sts><BookgDt><Dt>2025-06-02</Dt></BookgDt><ValDt><Dt>2025-06-02</Dt></ValDt><AcctSvcrRef>2025-06-02-00.20.22.869497</AcctSvcrRef><BkTxCd/><NtryDtls><TxDtls><Refs><EndToEndId>540001947027</EndToEndId><MndtId>MS0000013499670</MndtId><Prtry><Tp>FI-UMSATZ-ID</Tp><Ref>2025-06-02-00.20.22.869497</Ref></Prtry></Refs><Amt Ccy="EUR">170.00</Amt><BkTxCd><Domn><Cd>PMNT</Cd><Fmly><Cd>RDDT</Cd><SubFmlyCd>ESDD</SubFmlyCd></Fmly></Domn><Prtry><Cd>NDDT+105+9248+992</Cd><Issr>DK</Issr></Prtry></BkTxCd><RltdPties><Dbtr><Pty><Nm>Transact GmbH</Nm></Pty></Dbtr><DbtrAcct><Id><IBAN>DE35230510300004619086</IBAN></Id></DbtrAcct><Cdtr><Pty><Nm>Condor Lebensversicherungs-Aktiengesellschaft</Nm><Id><PrvtId><Othr><Id>DE6308300000090403</Id></Othr></PrvtId></Id></Pty></Cdtr><CdtrAcct><Id><IBAN>DE97500604000080145317</IBAN></Id></CdtrAcct></RltdPties><RltdAgts><DbtrAgt><FinInstnId><BICFI>NOLADE21SHO</BICFI></FinInstnId></DbtrAgt><CdtrAgt><FinInstnId><BICFI>GENODEFFXXX</BICFI></FinInstnId></CdtrAgt></RltdAgts><RmtInf><Ustrd>70901328226 Leben / Gaede, Meike Britta / 170.00 Folgeb. 01.06</Ustrd></RmtInf></TxDtls></NtryDtls><AddtlNtryInf>FOLGELASTSCHRIFT</AddtlNtryInf></Ntry><Ntry><Amt Ccy="EUR">7500.00</Amt><CdtDbtInd>CRDT</CdtDbtInd><Sts><Cd>BOOK</Cd></Sts><BookgDt><Dt>2025-06-02</Dt></BookgDt><ValDt><Dt>2025-06-02</Dt></ValDt><AcctSvcrRef>2025-06-02-07.51.00.837090</AcctSvcrRef><BkTxCd/><NtryDtls><TxDtls><Refs><Prtry><Tp>FI-UMSATZ-ID</Tp><Ref>2025-06-02-07.51.00.837090</Ref></Prtry></Refs><Amt Ccy="EUR">7500.00</Amt><BkTxCd><Domn><Cd>PMNT</Cd><Fmly><Cd>ICDT</Cd><SubFmlyCd>RRTN</SubFmlyCd></Fmly></Domn><Prtry><Cd>NRTI+159+9217+901</Cd><Issr>DK</Issr></Prtry></BkTxCd><RltdPties><Dbtr><Pty><Nm>Transact-Gesellschaft für Software &amp; Analyse GmbH</Nm></Pty></Dbtr><DbtrAcct><Id><IBAN>DE35230510300004619086</IBAN></Id></DbtrAcct><UltmtDbtr><Pty><Nm>FIRMA TRANSACT-GESELLSCHAFT</Nm></Pty></UltmtDbtr><Cdtr><Pty><Nm>Today is Life Development</Nm></Pty></Cdtr><CdtrAcct><Id><IBAN>DE94230510300510636178</IBAN></Id></CdtrAcct></RltdPties><RltdAgts><DbtrAgt><FinInstnId><BICFI>NOLADE21SHO</BICFI></FinInstnId></DbtrAgt><CdtrAgt><FinInstnId><BICFI>NOLADE21SHO</BICFI></FinInstnId></CdtrAgt></RltdAgts><RmtInf><Ustrd>RUECKUEBERWEISUNG Kontonummer fehlerhaft (ungueltige IBAN)</Ustrd><Ustrd>Fianzierungsbedatf  mai</Ustrd></RmtInf><RtrInf><Orgtr><Id><OrgId><AnyBIC>NOLADE21SHO</AnyBIC></OrgId></Id></Orgtr><Rsn><Cd>AC01</Cd></Rsn><AddtlInf>RUECKUEBERWEISUNG Kontonummer fehlerhaft (ungültige IBAN)</AddtlInf></RtrInf></TxDtls></NtryDtls><AddtlNtryInf>RÜCKÜBERWEISUNG</AddtlNtryInf></Ntry></Rpt></BkToCstmrAcctRpt></Document>