<?xml version="1.0" encoding="UTF-8"?><Document xmlns="urn:iso:std:iso:20022:tech:xsd:camt.052.001.08" xmlns:xsi="http://www.w3.org/2001/XMLSchema-instance" xsi:schemaLocation="urn:iso:std:iso:20022:tech:xsd:camt.052.001.08 camt.052.001.08.xsd"><BkToCstmrAcctRpt><GrpHdr><MsgId>camt52_20250611105543__ONLINEBA</MsgId><CreDtTm>2025-06-11T10:55:43+02:00</CreDtTm></GrpHdr><Rpt><Id>camt0528_ONLINEBA</Id><RptPgntn><PgNb>1</PgNb><LastPgInd>true</LastPgInd></RptPgntn><CreDtTm>2025-06-11T10:55:43+02:00</CreDtTm><Acct><Id><IBAN>DE35230510300004619086</IBAN></Id><Ccy>EUR</Ccy><Svcr><FinInstnId><BICFI>NOLADE21SHO</BICFI><Nm>SPARKASSE SUEDHOLSTEIN</Nm><Othr><Id>DE 134796412</Id><Issr>UmsStId</Issr></Othr></FinInstnId></Svcr></Acct><Bal><Tp><CdOrPrtry><Cd>OPBD</Cd></CdOrPrtry></Tp><Amt Ccy="EUR">69055.31</Amt><CdtDbtInd>CRDT</CdtDbtInd><Dt><Dt>2025-06-03</Dt></Dt></Bal><Bal><Tp><CdOrPrtry><Cd>CLBD</Cd></CdOrPrtry></Tp><Amt Ccy="EUR">30182.93</Amt><CdtDbtInd>CRDT</CdtDbtInd><Dt><Dt>2025-06-04</Dt></Dt></Bal><Ntry><Amt Ccy="EUR">39246.61</Amt><CdtDbtInd>DBIT</CdtDbtInd><Sts><Cd>BOOK</Cd></Sts><BookgDt><Dt>2025-06-04</Dt></BookgDt><ValDt><Dt>2025-06-04</Dt></ValDt><AcctSvcrRef>2025-06-04-13.30.26.280918</AcctSvcrRef><BkTxCd/><NtryDtls><TxDtls><Refs><PmtInfId>0c3725-1796795656-13021610-20250604</PmtInfId><Prtry><Tp>FI-UMSATZ-ID</Tp><Ref>2025-06-04-13.30.26.280918</Ref></Prtry></Refs><Amt Ccy="EUR">39246.61</Amt><BkTxCd><Domn><Cd>PMNT</Cd><Fmly><Cd>ICDT</Cd><SubFmlyCd>ESCT</SubFmlyCd></Fmly></Domn><Prtry><Cd>NTRF+191+9301+997</Cd><Issr>DK</Issr></Prtry></BkTxCd><RltdPties><DbtrAcct><Id><Othr><Id>0004619086</Id></Othr></Id></DbtrAcct><CdtrAcct><Id><Othr><Id>0004619086</Id></Othr></Id></CdtrAcct></RltdPties><RltdAgts><DbtrAgt><FinInstnId><Nm>SPK SUEDHOLSTEIN NEUMUENSTE</Nm><Othr><Id>23051030</Id></Othr></FinInstnId></DbtrAgt><CdtrAgt><FinInstnId><Nm>SPK SUEDHOLSTEIN NEUMUENSTE</Nm><Othr><Id>23051030</Id></Othr></FinInstnId></CdtrAgt></RltdAgts><RmtInf><Ustrd>ANZAHL        2</Ustrd></RmtInf></TxDtls></NtryDtls><AddtlNtryInf>SAMMELÜBERWEISUNG</AddtlNtryInf></Ntry><Ntry><Amt Ccy="EUR">374.23</Amt><CdtDbtInd>CRDT</CdtDbtInd><Sts><Cd>BOOK</Cd></Sts><BookgDt><Dt>2025-06-04</Dt></BookgDt><ValDt><Dt>2025-06-04</Dt></ValDt><AcctSvcrRef>2025-06-04-15.30.11.012475</AcctSvcrRef><BkTxCd/><NtryDtls><TxDtls><Refs><EndToEndId>ZA0003873</EndToEndId><Prtry><Tp>FI-UMSATZ-ID</Tp><Ref>2025-06-04-15.30.11.012475</Ref></Prtry></Refs><Amt Ccy="EUR">374.23</Amt><BkTxCd><Domn><Cd>PMNT</Cd><Fmly><Cd>RCDT</Cd><SubFmlyCd>ESCT</SubFmlyCd></Fmly></Domn><Prtry><Cd>NTRF+166+9249+000</Cd><Issr>DK</Issr></Prtry></BkTxCd><RltdPties><Dbtr><Pty><Nm>Alexianer Klinikum Hochsauerland GmbH</Nm></Pty></Dbtr><DbtrAcct><Id><IBAN>DE41472603070014610600</IBAN></Id></DbtrAcct><Cdtr><Pty><Nm>TRANSACT GMBH</Nm></Pty></Cdtr><CdtrAcct><Id><IBAN>DE35230510300004619086</IBAN></Id></CdtrAcct></RltdPties><RltdAgts><DbtrAgt><FinInstnId><BICFI>GENODEM1BKC</BICFI></FinInstnId></DbtrAgt><CdtrAgt><FinInstnId><BICFI>NOLADE21SHO</BICFI></FinInstnId></CdtrAgt></RltdAgts><RmtInf><Ustrd>RE.NR.RA 202500369 KD.NR. 767</Ustrd></RmtInf></TxDtls></NtryDtls><AddtlNtryInf>GUTSCHRIFT ÜBERWEISUNG</AddtlNtryInf></Ntry></Rpt></BkToCstmrAcctRpt></Document>