<?xml version="1.0" encoding="UTF-8"?><Document xmlns="urn:iso:std:iso:20022:tech:xsd:camt.052.001.08" xmlns:xsi="http://www.w3.org/2001/XMLSchema-instance" xsi:schemaLocation="urn:iso:std:iso:20022:tech:xsd:camt.052.001.08 camt.052.001.08.xsd"><BkToCstmrAcctRpt><GrpHdr><MsgId>camt52_20250612131558__ONLINEBA</MsgId><CreDtTm>2025-06-12T13:15:58+02:00</CreDtTm></GrpHdr><Rpt><Id>camt0528_ONLINEBA</Id><RptPgntn><PgNb>1</PgNb><LastPgInd>true</LastPgInd></RptPgntn><CreDtTm>2025-06-12T13:15:58+02:00</CreDtTm><Acct><Id><IBAN>DE35230510300004619086</IBAN></Id><Ccy>EUR</Ccy><Svcr><FinInstnId><BICFI>NOLADE21SHO</BICFI><Nm>SPARKASSE SUEDHOLSTEIN</Nm><Othr><Id>DE 134796412</Id><Issr>UmsStId</Issr></Othr></FinInstnId></Svcr></Acct><Bal><Tp><CdOrPrtry><Cd>OPBD</Cd></CdOrPrtry></Tp><Amt Ccy="EUR">41352.52</Amt><CdtDbtInd>CRDT</CdtDbtInd><Dt><Dt>2025-06-02</Dt></Dt></Bal><Bal><Tp><CdOrPrtry><Cd>CLBD</Cd></CdOrPrtry></Tp><Amt Ccy="EUR">69055.31</Amt><CdtDbtInd>CRDT</CdtDbtInd><Dt><Dt>2025-06-03</Dt></Dt></Bal><Ntry><Amt Ccy="EUR">114.12</Amt><CdtDbtInd>DBIT</CdtDbtInd><Sts><Cd>BOOK</Cd></Sts><BookgDt><Dt>2025-06-03</Dt></BookgDt><ValDt><Dt>2025-06-03</Dt></ValDt><AcctSvcrRef>2025-06-03-00.08.46.062543</AcctSvcrRef><BkTxCd/><NtryDtls><TxDtls><Refs><EndToEndId>0-20250529-0262133-9</EndToEndId><MndtId>942197P-0521082</MndtId><Prtry><Tp>FI-UMSATZ-ID</Tp><Ref>2025-06-03-00.08.46.062543</Ref></Prtry></Refs><Amt Ccy="EUR">114.12</Amt><BkTxCd><Domn><Cd>PMNT</Cd><Fmly><Cd>RDDT</Cd><SubFmlyCd>ESDD</SubFmlyCd></Fmly></Domn><Prtry><Cd>NDDT+105+9248+992</Cd><Issr>DK</Issr></Prtry></BkTxCd><RltdPties><Dbtr><Pty><Nm>TRANSACT GMBH                                                         Kleine Reichenstr. 1</Nm></Pty></Dbtr><DbtrAcct><Id><IBAN>DE35230510300004619086</IBAN></Id></DbtrAcct><Cdtr><Pty><Nm>Canada Life Assuranc                                                  Siemensstr. 8</Nm><Id><PrvtId><Othr><Id>DE88ZZZ00000060465</Id></Othr></PrvtId></Id></Pty></Cdtr><CdtrAcct><Id><IBAN>DE76700202700015535845</IBAN></Id></CdtrAcct></RltdPties><RltdAgts><DbtrAgt><FinInstnId><BICFI>NOLADE21SHO</BICFI></FinInstnId></DbtrAgt><CdtrAgt><FinInstnId><BICFI>HYVEDEMMXXX</BICFI></FinInstnId></CdtrAgt></RltdAgts><RmtInf><Ustrd>0-20250529-0262133-9 Canada Life 6205233E Folgebeitrag 01.06.2025</Ustrd></RmtInf></TxDtls></NtryDtls><AddtlNtryInf>FOLGELASTSCHRIFT</AddtlNtryInf></Ntry><Ntry><Amt Ccy="EUR">4069.80</Amt><CdtDbtInd>CRDT</CdtDbtInd><Sts><Cd>BOOK</Cd></Sts><BookgDt><Dt>2025-06-03</Dt></BookgDt><ValDt><Dt>2025-06-03</Dt></ValDt><AcctSvcrRef>2025-06-03-08.12.00.563114</AcctSvcrRef><BkTxCd/><NtryDtls><TxDtls><Refs><EndToEndId>12778/2025-06-02/23</EndToEndId><Prtry><Tp>FI-UMSATZ-ID</Tp><Ref>2025-06-03-08.12.00.563114</Ref></Prtry></Refs><Amt Ccy="EUR">4069.80</Amt><BkTxCd><Domn><Cd>PMNT</Cd><Fmly><Cd>RCDT</Cd><SubFmlyCd>ESCT</SubFmlyCd></Fmly></Domn><Prtry><Cd>NTRF+166+9249+000</Cd><Issr>DK</Issr></Prtry></BkTxCd><RltdPties><Dbtr><Pty><Nm>BITMARCK Beratung GmbH</Nm></Pty></Dbtr><DbtrAcct><Id><IBAN>DE13700800000306384700</IBAN></Id></DbtrAcct><Cdtr><Pty><Nm>TRANSACT GmbH</Nm></Pty></Cdtr><CdtrAcct><Id><IBAN>DE35230510300004619086</IBAN></Id></CdtrAcct></RltdPties><RltdAgts><DbtrAgt><FinInstnId><BICFI>DRESDEFF700</BICFI></FinInstnId></DbtrAgt><CdtrAgt><FinInstnId><BICFI>NOLADE21SHO</BICFI></FinInstnId></CdtrAgt></RltdAgts><RmtInf><Ustrd>RA202500311/1</Ustrd></RmtInf></TxDtls></NtryDtls><AddtlNtryInf>GUTSCHRIFT ÜBERWEISUNG</AddtlNtryInf></Ntry><Ntry><Amt Ccy="EUR">2380.00</Amt><CdtDbtInd>CRDT</CdtDbtInd><Sts><Cd>BOOK</Cd></Sts><BookgDt><Dt>2025-06-03</Dt></BookgDt><ValDt><Dt>2025-06-03</Dt></ValDt><AcctSvcrRef>2025-06-03-09.12.07.353383</AcctSvcrRef><BkTxCd/><NtryDtls><TxDtls><Refs><EndToEndId>4020923051NLXZ5R</EndToEndId><Prtry><Tp>FI-UMSATZ-ID</Tp><Ref>2025-06-03-09.12.07.353383</Ref></Prtry></Refs><Amt Ccy="EUR">2380.00</Amt><BkTxCd><Domn><Cd>PMNT</Cd><Fmly><Cd>RCDT</Cd><SubFmlyCd>ESCT</SubFmlyCd></Fmly></Domn><Prtry><Cd>NTRF+166+9249+888</Cd><Issr>DK</Issr></Prtry></BkTxCd><RltdPties><Dbtr><Pty><Nm>KONINKLIJKE PHILIPS N.V.                                              HIGH TECH CAMPUS 52, AMSTELPLEIN 2</Nm></Pty></Dbtr><DbtrAcct><Id><IBAN>NL52BOFA0266564682</IBAN></Id></DbtrAcct><UltmtDbtr><Pty><Nm>PHILIPS GMBH MARKET DACH</Nm></Pty></UltmtDbtr><Cdtr><Pty><Nm>TRANSACT                                                              KLEINE REICHENSTRASSE 1</Nm></Pty></Cdtr><CdtrAcct><Id><IBAN>DE35230510300004619086</IBAN></Id></CdtrAcct></RltdPties><RltdAgts><DbtrAgt><FinInstnId><BICFI>BOFANLNX</BICFI></FinInstnId></DbtrAgt><CdtrAgt><FinInstnId><BICFI>NOLADE21SHO</BICFI></FinInstnId></CdtrAgt></RltdAgts><RmtInf><Ustrd>RA202500243</Ustrd><Ustrd>AWV-MELDEPFLICHT BEACHTEN HOTLINE BUNDESBANK (0800) 1234-111</Ustrd></RmtInf></TxDtls></NtryDtls><AddtlNtryInf>GUTSCHRIFT ÜBERWEISUNG</AddtlNtryInf></Ntry><Ntry><Amt Ccy="EUR">1606.50</Amt><CdtDbtInd>CRDT</CdtDbtInd><Sts><Cd>BOOK</Cd></Sts><BookgDt><Dt>2025-06-03</Dt></BookgDt><ValDt><Dt>2025-06-03</Dt></ValDt><AcctSvcrRef>2025-06-03-11.11.08.842769</AcctSvcrRef><BkTxCd/><NtryDtls><TxDtls><Refs><EndToEndId>0026946744</EndToEndId><Prtry><Tp>FI-UMSATZ-ID</Tp><Ref>2025-06-03-11.11.08.842769</Ref></Prtry></Refs><Amt Ccy="EUR">1606.50</Amt><BkTxCd><Domn><Cd>PMNT</Cd><Fmly><Cd>RCDT</Cd><SubFmlyCd>ESCT</SubFmlyCd></Fmly></Domn><Prtry><Cd>NTRF+166+9227+000</Cd><Issr>DK</Issr></Prtry></BkTxCd><RltdPties><Dbtr><Pty><Nm>Universitaetsklinikum Ulm</Nm></Pty></Dbtr><DbtrAcct><Id><IBAN>DE16630500000000106478</IBAN></Id></DbtrAcct><Cdtr><Pty><Nm>TRANSACT GMBH</Nm></Pty></Cdtr><CdtrAcct><Id><IBAN>DE35230510300004619086</IBAN></Id></CdtrAcct></RltdPties><RltdAgts><DbtrAgt><FinInstnId><BICFI>SOLADES1ULM</BICFI></FinInstnId></DbtrAgt><CdtrAgt><FinInstnId><BICFI>NOLADE21SHO</BICFI></FinInstnId></CdtrAgt></RltdAgts><RmtInf><Ustrd>RA202500294/22.4.2025/</Ustrd></RmtInf></TxDtls></NtryDtls><AddtlNtryInf>GUTSCHRIFT ÜBERWEISUNG</AddtlNtryInf></Ntry><Ntry><Amt Ccy="EUR">2295.95</Amt><CdtDbtInd>CRDT</CdtDbtInd><Sts><Cd>BOOK</Cd></Sts><BookgDt><Dt>2025-06-03</Dt></BookgDt><ValDt><Dt>2025-06-03</Dt></ValDt><AcctSvcrRef>2025-06-03-12.15.32.536475</AcctSvcrRef><BkTxCd/><NtryDtls><TxDtls><Refs><EndToEndId>1100027041</EndToEndId><Prtry><Tp>FI-UMSATZ-ID</Tp><Ref>2025-06-03-12.15.32.536475</Ref></Prtry></Refs><Amt Ccy="EUR">2295.95</Amt><BkTxCd><Domn><Cd>PMNT</Cd><Fmly><Cd>RCDT</Cd><SubFmlyCd>ESCT</SubFmlyCd></Fmly></Domn><Prtry><Cd>NTRF+166+9249+000</Cd><Issr>DK</Issr></Prtry></BkTxCd><RltdPties><Dbtr><Pty><Nm>DIAKOVERE Krankenhaus gGmbH</Nm></Pty></Dbtr><DbtrAcct><Id><IBAN>DE84370205000004416000</IBAN></Id></DbtrAcct><Cdtr><Pty><Nm>Transact GmbH                                                         Lagerstr. 17</Nm></Pty></Cdtr><CdtrAcct><Id><IBAN>DE35230510300004619086</IBAN></Id></CdtrAcct></RltdPties><RltdAgts><DbtrAgt><FinInstnId><BICFI>BFSWDE33XXX</BICFI></FinInstnId></DbtrAgt><CdtrAgt><FinInstnId><BICFI>NOLADE21SHO</BICFI></FinInstnId></CdtrAgt></RltdAgts><RmtInf><Ustrd>258-202500346-</Ustrd></RmtInf></TxDtls></NtryDtls><AddtlNtryInf>GUTSCHRIFT ÜBERWEISUNG</AddtlNtryInf></Ntry><Ntry><Amt Ccy="EUR">10336.74</Amt><CdtDbtInd>CRDT</CdtDbtInd><Sts><Cd>BOOK</Cd></Sts><BookgDt><Dt>2025-06-03</Dt></BookgDt><ValDt><Dt>2025-06-03</Dt></ValDt><AcctSvcrRef>2025-06-03-15.22.23.458176</AcctSvcrRef><BkTxCd/><NtryDtls><TxDtls><Refs><EndToEndId>1100027127</EndToEndId><Prtry><Tp>FI-UMSATZ-ID</Tp><Ref>2025-06-03-15.22.23.458176</Ref></Prtry></Refs><Amt Ccy="EUR">10336.74</Amt><BkTxCd><Domn><Cd>PMNT</Cd><Fmly><Cd>RCDT</Cd><SubFmlyCd>ESCT</SubFmlyCd></Fmly></Domn><Prtry><Cd>NTRF+166+9249+000</Cd><Issr>DK</Issr></Prtry></BkTxCd><RltdPties><Dbtr><Pty><Nm>DIAKOVERE Krankenhaus gGmbH</Nm></Pty></Dbtr><DbtrAcct><Id><IBAN>DE84370205000004416000</IBAN></Id></DbtrAcct><Cdtr><Pty><Nm>Transact GmbH                                                         Lagerstr. 17</Nm></Pty></Cdtr><CdtrAcct><Id><IBAN>DE35230510300004619086</IBAN></Id></CdtrAcct></RltdPties><RltdAgts><DbtrAgt><FinInstnId><BICFI>BFSWDE33XXX</BICFI></FinInstnId></DbtrAgt><CdtrAgt><FinInstnId><BICFI>NOLADE21SHO</BICFI></FinInstnId></CdtrAgt></RltdAgts><RmtInf><Ustrd>258-202500345-</Ustrd></RmtInf></TxDtls></NtryDtls><AddtlNtryInf>GUTSCHRIFT ÜBERWEISUNG</AddtlNtryInf></Ntry><Ntry><Amt Ccy="EUR">2454.73</Amt><CdtDbtInd>CRDT</CdtDbtInd><Sts><Cd>BOOK</Cd></Sts><BookgDt><Dt>2025-06-03</Dt></BookgDt><ValDt><Dt>2025-06-03</Dt></ValDt><AcctSvcrRef>2025-06-03-16.50.43.849297</AcctSvcrRef><BkTxCd/><NtryDtls><TxDtls><Refs><EndToEndId>0005011874</EndToEndId><Prtry><Tp>FI-UMSATZ-ID</Tp><Ref>2025-06-03-16.50.43.849297</Ref></Prtry></Refs><Amt Ccy="EUR">2454.73</Amt><BkTxCd><Domn><Cd>PMNT</Cd><Fmly><Cd>RCDT</Cd><SubFmlyCd>ESCT</SubFmlyCd></Fmly></Domn><Prtry><Cd>NTRF+166+9249+000</Cd><Issr>DK</Issr></Prtry></BkTxCd><RltdPties><Dbtr><Pty><Nm>Karl-Olga-Krankenhaus Hackstrasse 61                                  70190 Stuttgart</Nm></Pty></Dbtr><DbtrAcct><Id><IBAN>DE45600400710772220000</IBAN></Id></DbtrAcct><Cdtr><Pty><Nm>Transact GmbH Gesellschaft fuer Software Analyse                      Kleine Reichenstrasse 1</Nm></Pty></Cdtr><CdtrAcct><Id><IBAN>DE35230510300004619086</IBAN></Id></CdtrAcct></RltdPties><RltdAgts><DbtrAgt><FinInstnId><BICFI>COBADEFF</BICFI></FinInstnId></DbtrAgt><CdtrAgt><FinInstnId><BICFI>NOLADE21SHO</BICFI></FinInstnId></CdtrAgt></RltdAgts><RmtInf><Ustrd>/RA202500333 / 2.454,73</Ustrd></RmtInf></TxDtls></NtryDtls><AddtlNtryInf>GUTSCHRIFT ÜBERWEISUNG</AddtlNtryInf></Ntry><Ntry><Amt Ccy="EUR">4673.19</Amt><CdtDbtInd>CRDT</CdtDbtInd><Sts><Cd>BOOK</Cd></Sts><BookgDt><Dt>2025-06-03</Dt></BookgDt><ValDt><Dt>2025-06-03</Dt></ValDt><AcctSvcrRef>2025-06-03-17.12.36.125584</AcctSvcrRef><BkTxCd/><NtryDtls><TxDtls><Refs><EndToEndId>0008265698</EndToEndId><Prtry><Tp>FI-UMSATZ-ID</Tp><Ref>2025-06-03-17.12.36.125584</Ref></Prtry></Refs><Amt Ccy="EUR">4673.19</Amt><BkTxCd><Domn><Cd>PMNT</Cd><Fmly><Cd>RCDT</Cd><SubFmlyCd>ESCT</SubFmlyCd></Fmly></Domn><Prtry><Cd>NTRF+166+9227+000</Cd><Issr>DK</Issr></Prtry></BkTxCd><RltdPties><Dbtr><Pty><Nm>KLW St. Paulus GmbH</Nm></Pty></Dbtr><DbtrAcct><Id><IBAN>DE07441523700000002022</IBAN></Id></DbtrAcct><Cdtr><Pty><Nm>Transact GmbH                                                         Eupener Str. 70</Nm></Pty></Cdtr><CdtrAcct><Id><IBAN>DE35230510300004619086</IBAN></Id></CdtrAcct></RltdPties><RltdAgts><DbtrAgt><FinInstnId><BICFI>WELADED1LUN</BICFI></FinInstnId></DbtrAgt><CdtrAgt><FinInstnId><BICFI>NOLADE21SHO</BICFI></FinInstnId></CdtrAgt></RltdAgts><RmtInf><Ustrd>Kd32/849/Re202500359/14.5.2025//ReRA202500317/7.5.2025/</Ustrd></RmtInf></TxDtls></NtryDtls><AddtlNtryInf>GUTSCHRIFT ÜBERWEISUNG</AddtlNtryInf></Ntry></Rpt></BkToCstmrAcctRpt></Document>