<?xml version="1.0" encoding="UTF-8"?><Document xmlns="urn:iso:std:iso:20022:tech:xsd:camt.052.001.08" xmlns:xsi="http://www.w3.org/2001/XMLSchema-instance" xsi:schemaLocation="urn:iso:std:iso:20022:tech:xsd:camt.052.001.08 camt.052.001.08.xsd"><BkToCstmrAcctRpt><GrpHdr><MsgId>camt52_20250612131558__ONLINEBA</MsgId><CreDtTm>2025-06-12T13:15:58+02:00</CreDtTm></GrpHdr><Rpt><Id>camt0528_ONLINEBA</Id><RptPgntn><PgNb>1</PgNb><LastPgInd>true</LastPgInd></RptPgntn><CreDtTm>2025-06-12T13:15:58+02:00</CreDtTm><Acct><Id><IBAN>DE35230510300004619086</IBAN></Id><Ccy>EUR</Ccy><Svcr><FinInstnId><BICFI>NOLADE21SHO</BICFI><Nm>SPARKASSE SUEDHOLSTEIN</Nm><Othr><Id>DE 134796412</Id><Issr>UmsStId</Issr></Othr></FinInstnId></Svcr></Acct><Bal><Tp><CdOrPrtry><Cd>OPBD</Cd></CdOrPrtry></Tp><Amt Ccy="EUR">50339.24</Amt><CdtDbtInd>CRDT</CdtDbtInd><Dt><Dt>2025-06-06</Dt></Dt></Bal><Bal><Tp><CdOrPrtry><Cd>CLBD</Cd></CdOrPrtry></Tp><Amt Ccy="EUR">52828.30</Amt><CdtDbtInd>CRDT</CdtDbtInd><Dt><Dt>2025-06-10</Dt></Dt></Bal><Ntry><Amt Ccy="EUR">415.92</Amt><CdtDbtInd>DBIT</CdtDbtInd><Sts><Cd>BOOK</Cd></Sts><BookgDt><Dt>2025-06-10</Dt></BookgDt><ValDt><Dt>2025-06-10</Dt></ValDt><AcctSvcrRef>2025-06-10-00.15.16.177309</AcctSvcrRef><BkTxCd/><NtryDtls><TxDtls><Refs><EndToEndId>PAY00788</EndToEndId><MndtId>63051515520912032025</MndtId><Prtry><Tp>FI-UMSATZ-ID</Tp><Ref>2025-06-10-00.15.16.177309</Ref></Prtry></Refs><Amt Ccy="EUR">415.92</Amt><BkTxCd><Domn><Cd>PMNT</Cd><Fmly><Cd>RDDT</Cd><SubFmlyCd>ESDD</SubFmlyCd></Fmly></Domn><Prtry><Cd>NDDT+105+9208+992</Cd><Issr>DK</Issr></Prtry></BkTxCd><RltdPties><Dbtr><Pty><Nm>Transact - Gesellschaft fur Software &amp; Analyse mbH</Nm></Pty></Dbtr><DbtrAcct><Id><IBAN>DE35230510300004619086</IBAN></Id></DbtrAcct><Cdtr><Pty><Nm>NETZLABORANTEN GMBH</Nm><Id><PrvtId><Othr><Id>DE80ZZZ00001436748</Id></Othr></PrvtId></Id></Pty></Cdtr><CdtrAcct><Id><IBAN>DE59513500250205039995</IBAN></Id></CdtrAcct></RltdPties><RltdAgts><DbtrAgt><FinInstnId><BICFI>NOLADE21SHO</BICFI></FinInstnId></DbtrAgt><CdtrAgt><FinInstnId><BICFI>SKGIDE5FXXX</BICFI></FinInstnId></CdtrAgt></RltdAgts><RmtInf><Ustrd>RE/2025/02461</Ustrd></RmtInf></TxDtls></NtryDtls><AddtlNtryInf>FOLGELASTSCHRIFT</AddtlNtryInf></Ntry><Ntry><Amt Ccy="EUR">1793.00</Amt><CdtDbtInd>CRDT</CdtDbtInd><Sts><Cd>BOOK</Cd></Sts><BookgDt><Dt>2025-06-10</Dt></BookgDt><ValDt><Dt>2025-06-10</Dt></ValDt><AcctSvcrRef>2025-06-10-08.20.54.476852</AcctSvcrRef><BkTxCd/><NtryDtls><TxDtls><Refs><EndToEndId>48/764/04562 UMS.SG0506202509140002</EndToEndId><Prtry><Tp>FI-UMSATZ-ID</Tp><Ref>2025-06-10-08.20.54.476852</Ref></Prtry></Refs><Amt Ccy="EUR">1793.00</Amt><BkTxCd><Domn><Cd>PMNT</Cd><Fmly><Cd>RCDT</Cd><SubFmlyCd>ESCT</SubFmlyCd></Fmly></Domn><Prtry><Cd>NTRF+166+9263+000</Cd><Issr>DK</Issr></Prtry></BkTxCd><RltdPties><Dbtr><Pty><Nm>Finanzamt für Steuererhebung in Hamburg</Nm></Pty></Dbtr><DbtrAcct><Id><IBAN>DE03200000000020001530</IBAN></Id></DbtrAcct><UltmtDbtr><Pty><Nm>STEUERKASSE HAMBURG</Nm></Pty></UltmtDbtr><Cdtr><Pty><Nm>TRANSACT - GESELLSCHAFT FUER SOFTWARE U. ANALYSE M.</Nm></Pty></Cdtr><CdtrAcct><Id><IBAN>DE35230510300004619086</IBAN></Id></CdtrAcct></RltdPties><RltdAgts><DbtrAgt><FinInstnId><BICFI>MARKDEF1200</BICFI></FinInstnId></DbtrAgt><CdtrAgt><FinInstnId><BICFI>NOLADE21SHO</BICFI></FinInstnId></CdtrAgt></RltdAgts><RmtInf><Ustrd>ERSTATT.48/764/04562 UMS.ST VZ2025 1.793,00 EUR</Ustrd></RmtInf></TxDtls></NtryDtls><AddtlNtryInf>GUTSCHRIFT ÜBERWEISUNG</AddtlNtryInf></Ntry><Ntry><Amt Ccy="EUR">1111.98</Amt><CdtDbtInd>CRDT</CdtDbtInd><Sts><Cd>BOOK</Cd></Sts><BookgDt><Dt>2025-06-10</Dt></BookgDt><ValDt><Dt>2025-06-10</Dt></ValDt><AcctSvcrRef>2025-06-10-16.51.27.571884</AcctSvcrRef><BkTxCd/><NtryDtls><TxDtls><Refs><EndToEndId>0005004361</EndToEndId><Prtry><Tp>FI-UMSATZ-ID</Tp><Ref>2025-06-10-16.51.27.571884</Ref></Prtry></Refs><Amt Ccy="EUR">1111.98</Amt><BkTxCd><Domn><Cd>PMNT</Cd><Fmly><Cd>RCDT</Cd><SubFmlyCd>ESCT</SubFmlyCd></Fmly></Domn><Prtry><Cd>NTRF+166+9249+000</Cd><Issr>DK</Issr></Prtry></BkTxCd><RltdPties><Dbtr><Pty><Nm>Sana-Herzzentrum Cottbus GmbH Leipziger Strasse 50                    03048 Cottbus</Nm></Pty></Dbtr><DbtrAcct><Id><IBAN>DE46180400000150383800</IBAN></Id></DbtrAcct><Cdtr><Pty><Nm>Transact GmbH Gesellschaft fuer Software Analyse                      Kleine Reichenstrasse 1</Nm></Pty></Cdtr><CdtrAcct><Id><IBAN>DE35230510300004619086</IBAN></Id></CdtrAcct></RltdPties><RltdAgts><DbtrAgt><FinInstnId><BICFI>COBADEFF</BICFI></FinInstnId></DbtrAgt><CdtrAgt><FinInstnId><BICFI>NOLADE21SHO</BICFI></FinInstnId></CdtrAgt></RltdAgts><RmtInf><Ustrd>/RA202500382 / 1.111,98</Ustrd></RmtInf></TxDtls></NtryDtls><AddtlNtryInf>GUTSCHRIFT ÜBERWEISUNG</AddtlNtryInf></Ntry></Rpt></BkToCstmrAcctRpt></Document>