<?xml version="1.0" encoding="UTF-8"?><Document xmlns="urn:iso:std:iso:20022:tech:xsd:camt.052.001.08" xmlns:xsi="http://www.w3.org/2001/XMLSchema-instance" xsi:schemaLocation="urn:iso:std:iso:20022:tech:xsd:camt.052.001.08 camt.052.001.08.xsd"><BkToCstmrAcctRpt><GrpHdr><MsgId>camt52_20250625104150__ONLINEBA</MsgId><CreDtTm>2025-06-25T10:41:50+02:00</CreDtTm></GrpHdr><Rpt><Id>camt0528_ONLINEBA</Id><RptPgntn><PgNb>1</PgNb><LastPgInd>true</LastPgInd></RptPgntn><CreDtTm>2025-06-25T10:41:50+02:00</CreDtTm><Acct><Id><IBAN>DE35230510300004619086</IBAN></Id><Ccy>EUR</Ccy><Svcr><FinInstnId><BICFI>NOLADE21SHO</BICFI><Nm>SPARKASSE SUEDHOLSTEIN</Nm><Othr><Id>DE 134796412</Id><Issr>UmsStId</Issr></Othr></FinInstnId></Svcr></Acct><Bal><Tp><CdOrPrtry><Cd>OPBD</Cd></CdOrPrtry></Tp><Amt Ccy="EUR">71518.51</Amt><CdtDbtInd>CRDT</CdtDbtInd><Dt><Dt>2025-06-18</Dt></Dt></Bal><Bal><Tp><CdOrPrtry><Cd>CLBD</Cd></CdOrPrtry></Tp><Amt Ccy="EUR">74007.72</Amt><CdtDbtInd>CRDT</CdtDbtInd><Dt><Dt>2025-06-19</Dt></Dt></Bal><Ntry><Amt Ccy="EUR">718.91</Amt><CdtDbtInd>DBIT</CdtDbtInd><Sts><Cd>BOOK</Cd></Sts><BookgDt><Dt>2025-06-19</Dt></BookgDt><ValDt><Dt>2025-06-19</Dt></ValDt><AcctSvcrRef>2025-06-19-00.07.30.156040</AcctSvcrRef><BkTxCd/><NtryDtls><TxDtls><Refs><MndtId>10082001</MndtId><Prtry><Tp>FI-UMSATZ-ID</Tp><Ref>2025-06-19-00.07.30.156040</Ref></Prtry></Refs><Amt Ccy="EUR">718.91</Amt><BkTxCd><Domn><Cd>PMNT</Cd><Fmly><Cd>RDDT</Cd><SubFmlyCd>ESDD</SubFmlyCd></Fmly></Domn><Prtry><Cd>NDDT+105+9248+992</Cd><Issr>DK</Issr></Prtry></BkTxCd><RltdPties><Dbtr><Pty><Nm>Transact - Gesellschaft fur Software und Analyse GmbH</Nm></Pty></Dbtr><DbtrAcct><Id><IBAN>DE35230510300004619086</IBAN></Id></DbtrAcct><Cdtr><Pty><Nm>DATATREE AG</Nm><Id><PrvtId><Othr><Id>DE32UUU00001569047</Id></Othr></PrvtId></Id></Pty></Cdtr><CdtrAcct><Id><IBAN>DE08300700240650197700</IBAN></Id></CdtrAcct></RltdPties><RltdAgts><DbtrAgt><FinInstnId><BICFI>NOLADE21SHO</BICFI></FinInstnId></DbtrAgt><CdtrAgt><FinInstnId><BICFI>DEUTDEDBDUE</BICFI></FinInstnId></CdtrAgt></RltdAgts><RmtInf><Ustrd>KD ADR-000082, RG-2025-004385</Ustrd></RmtInf></TxDtls></NtryDtls><AddtlNtryInf>FOLGELASTSCHRIFT</AddtlNtryInf></Ntry><Ntry><Amt Ccy="EUR">2137.12</Amt><CdtDbtInd>CRDT</CdtDbtInd><Sts><Cd>BOOK</Cd></Sts><BookgDt><Dt>2025-06-19</Dt></BookgDt><ValDt><Dt>2025-06-19</Dt></ValDt><AcctSvcrRef>2025-06-19-08.06.01.655819</AcctSvcrRef><BkTxCd/><NtryDtls><TxDtls><Refs><EndToEndId>2506181509-0000054</EndToEndId><Prtry><Tp>FI-UMSATZ-ID</Tp><Ref>2025-06-19-08.06.01.655819</Ref></Prtry></Refs><Amt Ccy="EUR">2137.12</Amt><BkTxCd><Domn><Cd>PMNT</Cd><Fmly><Cd>RCDT</Cd><SubFmlyCd>ESCT</SubFmlyCd></Fmly></Domn><Prtry><Cd>NTRF+166+9249+000</Cd><Issr>DK</Issr></Prtry></BkTxCd><RltdPties><Dbtr><Pty><Nm>WMC Healthcare GmbH                                                   Friedrichstrase 1a</Nm></Pty></Dbtr><DbtrAcct><Id><IBAN>DE87700400410225275700</IBAN></Id></DbtrAcct><Cdtr><Pty><Nm>Transact GmbH</Nm></Pty></Cdtr><CdtrAcct><Id><IBAN>DE35230510300004619086</IBAN></Id></CdtrAcct></RltdPties><RltdAgts><DbtrAgt><FinInstnId><BICFI>COBADEFF</BICFI></FinInstnId></DbtrAgt><CdtrAgt><FinInstnId><BICFI>NOLADE21SHO</BICFI></FinInstnId></CdtrAgt></RltdAgts><RmtInf><Ustrd>RNR RA202500413 KD 91004</Ustrd></RmtInf></TxDtls></NtryDtls><AddtlNtryInf>GUTSCHRIFT ÜBERWEISUNG</AddtlNtryInf></Ntry><Ntry><Amt Ccy="EUR">1071.00</Amt><CdtDbtInd>CRDT</CdtDbtInd><Sts><Cd>BOOK</Cd></Sts><BookgDt><Dt>2025-06-19</Dt></BookgDt><ValDt><Dt>2025-06-19</Dt></ValDt><AcctSvcrRef>2025-06-19-10.07.33.183083</AcctSvcrRef><BkTxCd/><NtryDtls><TxDtls><Refs><EndToEndId>1201-250618T1402-102-16379--7</EndToEndId><Prtry><Tp>FI-UMSATZ-ID</Tp><Ref>2025-06-19-10.07.33.183083</Ref></Prtry></Refs><Amt Ccy="EUR">1071.00</Amt><BkTxCd><Domn><Cd>PMNT</Cd><Fmly><Cd>RCDT</Cd><SubFmlyCd>ESCT</SubFmlyCd></Fmly></Domn><Prtry><Cd>NTRF+166+9249+000</Cd><Issr>DK</Issr></Prtry></BkTxCd><RltdPties><Dbtr><Pty><Nm>Panorama Fachklinik GmbH</Nm></Pty></Dbtr><DbtrAcct><Id><IBAN>DE61300606010005633305</IBAN></Id></DbtrAcct><Cdtr><Pty><Nm>Transact Gesellschaft fuer Software Analyse mbH, 20457 Hamburg</Nm></Pty></Cdtr><CdtrAcct><Id><IBAN>DE35230510300004619086</IBAN></Id></CdtrAcct></RltdPties><RltdAgts><DbtrAgt><FinInstnId><BICFI>DAAEDEDDXXX</BICFI></FinInstnId></DbtrAgt><CdtrAgt><FinInstnId><BICFI>NOLADE21SHO</BICFI></FinInstnId></CdtrAgt></RltdAgts><RmtInf><Ustrd>202500411</Ustrd></RmtInf></TxDtls></NtryDtls><AddtlNtryInf>GUTSCHRIFT ÜBERWEISUNG</AddtlNtryInf></Ntry></Rpt></BkToCstmrAcctRpt></Document>