<?xml version="1.0" encoding="UTF-8"?><Document xmlns="urn:iso:std:iso:20022:tech:xsd:camt.052.001.08" xmlns:xsi="http://www.w3.org/2001/XMLSchema-instance" xsi:schemaLocation="urn:iso:std:iso:20022:tech:xsd:camt.052.001.08 camt.052.001.08.xsd"><BkToCstmrAcctRpt><GrpHdr><MsgId>camt52_20250625104150__ONLINEBA</MsgId><CreDtTm>2025-06-25T10:41:50+02:00</CreDtTm></GrpHdr><Rpt><Id>camt0528_ONLINEBA</Id><RptPgntn><PgNb>1</PgNb><LastPgInd>true</LastPgInd></RptPgntn><CreDtTm>2025-06-25T10:41:50+02:00</CreDtTm><Acct><Id><IBAN>DE35230510300004619086</IBAN></Id><Ccy>EUR</Ccy><Svcr><FinInstnId><BICFI>NOLADE21SHO</BICFI><Nm>SPARKASSE SUEDHOLSTEIN</Nm><Othr><Id>DE 134796412</Id><Issr>UmsStId</Issr></Othr></FinInstnId></Svcr></Acct><Bal><Tp><CdOrPrtry><Cd>OPBD</Cd></CdOrPrtry></Tp><Amt Ccy="EUR">51110.51</Amt><CdtDbtInd>CRDT</CdtDbtInd><Dt><Dt>2025-06-23</Dt></Dt></Bal><Bal><Tp><CdOrPrtry><Cd>CLBD</Cd></CdOrPrtry></Tp><Amt Ccy="EUR">61820.51</Amt><CdtDbtInd>CRDT</CdtDbtInd><Dt><Dt>2025-06-24</Dt></Dt></Bal><Ntry><Amt Ccy="EUR">10710.00</Amt><CdtDbtInd>CRDT</CdtDbtInd><Sts><Cd>BOOK</Cd></Sts><BookgDt><Dt>2025-06-24</Dt></BookgDt><ValDt><Dt>2025-06-24</Dt></ValDt><AcctSvcrRef>2025-06-24-14.11.56.130150</AcctSvcrRef><BkTxCd/><NtryDtls><TxDtls><Refs><EndToEndId>001-UEW--0000120000ZV300916Z</EndToEndId><Prtry><Tp>FI-UMSATZ-ID</Tp><Ref>2025-06-24-14.11.56.130150</Ref></Prtry></Refs><Amt Ccy="EUR">10710.00</Amt><BkTxCd><Domn><Cd>PMNT</Cd><Fmly><Cd>RCDT</Cd><SubFmlyCd>ESCT</SubFmlyCd></Fmly></Domn><Prtry><Cd>NTRF+166+9247+000</Cd><Issr>DK</Issr></Prtry></BkTxCd><RltdPties><Dbtr><Pty><Nm>Nehlsen Aktiengesellschaft</Nm></Pty></Dbtr><DbtrAcct><Id><IBAN>DE44290501010005012497</IBAN></Id></DbtrAcct><UltmtDbtr><Pty><Nm>Nehlsen AG</Nm></Pty></UltmtDbtr><Cdtr><Pty><Nm>Transact GmbH</Nm></Pty></Cdtr><CdtrAcct><Id><IBAN>DE35230510300004619086</IBAN></Id></CdtrAcct></RltdPties><RltdAgts><DbtrAgt><FinInstnId><BICFI>SBREDE22XXX</BICFI></FinInstnId></DbtrAgt><CdtrAgt><FinInstnId><BICFI>NOLADE21SHO</BICFI></FinInstnId></CdtrAgt></RltdAgts><RmtInf><Ustrd>RA202500404 10.710,00 0,00</Ustrd></RmtInf></TxDtls></NtryDtls><AddtlNtryInf>GUTSCHRIFT ÜBERWEISUNG</AddtlNtryInf></Ntry></Rpt></BkToCstmrAcctRpt></Document>