<?xml version="1.0" encoding="UTF-8"?><Document xmlns="urn:iso:std:iso:20022:tech:xsd:camt.052.001.08" xmlns:xsi="http://www.w3.org/2001/XMLSchema-instance" xsi:schemaLocation="urn:iso:std:iso:20022:tech:xsd:camt.052.001.08 camt.052.001.08.xsd"><BkToCstmrAcctRpt><GrpHdr><MsgId>camt52_20250625104150__ONLINEBA</MsgId><CreDtTm>2025-06-25T10:41:50+02:00</CreDtTm></GrpHdr><Rpt><Id>camt0528_ONLINEBA</Id><RptPgntn><PgNb>1</PgNb><LastPgInd>true</LastPgInd></RptPgntn><CreDtTm>2025-06-25T10:41:50+02:00</CreDtTm><Acct><Id><IBAN>DE35230510300004619086</IBAN></Id><Ccy>EUR</Ccy><Svcr><FinInstnId><BICFI>NOLADE21SHO</BICFI><Nm>SPARKASSE SUEDHOLSTEIN</Nm><Othr><Id>DE 134796412</Id><Issr>UmsStId</Issr></Othr></FinInstnId></Svcr></Acct><Bal><Tp><CdOrPrtry><Cd>OPBD</Cd></CdOrPrtry></Tp><Amt Ccy="EUR">61820.51</Amt><CdtDbtInd>CRDT</CdtDbtInd><Dt><Dt>2025-06-24</Dt></Dt></Bal><Bal><Tp><CdOrPrtry><Cd>CLBD</Cd></CdOrPrtry></Tp><Amt Ccy="EUR">64873.33</Amt><CdtDbtInd>CRDT</CdtDbtInd><Dt><Dt>2025-06-25</Dt></Dt></Bal><Ntry><Amt Ccy="EUR">4.80</Amt><CdtDbtInd>DBIT</CdtDbtInd><Sts><Cd>BOOK</Cd></Sts><BookgDt><Dt>2025-06-25</Dt></BookgDt><ValDt><Dt>2025-06-25</Dt></ValDt><AcctSvcrRef>2025-06-25-00.06.09.730591</AcctSvcrRef><BkTxCd/><NtryDtls><TxDtls><Refs><EndToEndId>0000000589734</EndToEndId><MndtId>KU00053650</MndtId><Prtry><Tp>FI-UMSATZ-ID</Tp><Ref>2025-06-25-00.06.09.730591</Ref></Prtry></Refs><Amt Ccy="EUR">4.80</Amt><BkTxCd><Domn><Cd>PMNT</Cd><Fmly><Cd>RDDT</Cd><SubFmlyCd>ESDD</SubFmlyCd></Fmly></Domn><Prtry><Cd>NDDT+105+9248+991</Cd><Issr>DK</Issr></Prtry></BkTxCd><RltdPties><Dbtr><Pty><Nm>Tim Tenelsen</Nm></Pty></Dbtr><DbtrAcct><Id><IBAN>DE35230510300004619086</IBAN></Id></DbtrAcct><Cdtr><Pty><Nm>hosting.de GmbH</Nm><Id><PrvtId><Othr><Id>DE71ZZZ00000033999</Id></Othr></PrvtId></Id></Pty></Cdtr><CdtrAcct><Id><IBAN>DE91310700240604775700</IBAN></Id></CdtrAcct></RltdPties><RltdAgts><DbtrAgt><FinInstnId><BICFI>NOLADE21SHO</BICFI></FinInstnId></DbtrAgt><CdtrAgt><FinInstnId><BICFI>DEUTDEDB310</BICFI></FinInstnId></CdtrAgt></RltdAgts><RmtInf><Ustrd>hosting.de GmbH FIBU 61591 RENR 00593622</Ustrd></RmtInf></TxDtls></NtryDtls><AddtlNtryInf>ERSTLASTSCHRIFT</AddtlNtryInf></Ntry><Ntry><Amt Ccy="EUR">2975.00</Amt><CdtDbtInd>CRDT</CdtDbtInd><Sts><Cd>BOOK</Cd></Sts><BookgDt><Dt>2025-06-25</Dt></BookgDt><ValDt><Dt>2025-06-25</Dt></ValDt><AcctSvcrRef>2025-06-25-09.17.32.453060</AcctSvcrRef><BkTxCd/><NtryDtls><TxDtls><Refs><EndToEndId>0005024288</EndToEndId><Prtry><Tp>FI-UMSATZ-ID</Tp><Ref>2025-06-25-09.17.32.453060</Ref></Prtry></Refs><Amt Ccy="EUR">2975.00</Amt><BkTxCd><Domn><Cd>PMNT</Cd><Fmly><Cd>RCDT</Cd><SubFmlyCd>ESCT</SubFmlyCd></Fmly></Domn><Prtry><Cd>NTRF+166+9249+000</Cd><Issr>DK</Issr></Prtry></BkTxCd><RltdPties><Dbtr><Pty><Nm>Sana Kliniken Landkr                                                  88400 Biberach</Nm></Pty></Dbtr><DbtrAcct><Id><IBAN>DE37700202700010021806</IBAN></Id></DbtrAcct><Cdtr><Pty><Nm>Transact GmbH Gesellschaft fuer Software Analyse                      Kleine Reichenstrasse 1</Nm></Pty></Cdtr><CdtrAcct><Id><IBAN>DE35230510300004619086</IBAN></Id></CdtrAcct></RltdPties><RltdAgts><DbtrAgt><FinInstnId><BICFI>HYVEDEMMXXX</BICFI></FinInstnId></DbtrAgt><CdtrAgt><FinInstnId><BICFI>NOLADE21SHO</BICFI></FinInstnId></CdtrAgt></RltdAgts><RmtInf><Ustrd>/RA202400892 / 2.975,00</Ustrd></RmtInf></TxDtls></NtryDtls><AddtlNtryInf>GUTSCHRIFT ÜBERWEISUNG</AddtlNtryInf></Ntry><Ntry><Amt Ccy="EUR">82.62</Amt><CdtDbtInd>CRDT</CdtDbtInd><Sts><Cd>BOOK</Cd></Sts><BookgDt><Dt>2025-06-25</Dt></BookgDt><ValDt><Dt>2025-06-25</Dt></ValDt><AcctSvcrRef>2025-06-25-10.08.33.036248</AcctSvcrRef><BkTxCd/><NtryDtls><TxDtls><Refs><EndToEndId>0002361034</EndToEndId><Prtry><Tp>FI-UMSATZ-ID</Tp><Ref>2025-06-25-10.08.33.036248</Ref></Prtry></Refs><Amt Ccy="EUR">82.62</Amt><BkTxCd><Domn><Cd>PMNT</Cd><Fmly><Cd>RCDT</Cd><SubFmlyCd>ESCT</SubFmlyCd></Fmly></Domn><Prtry><Cd>NTRF+166+9249+000</Cd><Issr>DK</Issr></Prtry></BkTxCd><RltdPties><Dbtr><Pty><Nm>Universitatsklinikum Wurzburg</Nm></Pty></Dbtr><DbtrAcct><Id><IBAN>DE44790900000000185086</IBAN></Id></DbtrAcct><Cdtr><Pty><Nm>Transact                                                              Kleine Reichenstrasse 1</Nm></Pty></Cdtr><CdtrAcct><Id><IBAN>DE35230510300004619086</IBAN></Id></CdtrAcct></RltdPties><RltdAgts><DbtrAgt><FinInstnId><BICFI>GENODEF1WU1</BICFI></FinInstnId></DbtrAgt><CdtrAgt><FinInstnId><BICFI>NOLADE21SHO</BICFI></FinInstnId></CdtrAgt></RltdAgts><RmtInf><Ustrd>ReNr: 202500372 15.5.2025588 Skontonachzahlungabzgl. Skonto</Ustrd></RmtInf></TxDtls></NtryDtls><AddtlNtryInf>GUTSCHRIFT ÜBERWEISUNG</AddtlNtryInf></Ntry></Rpt></BkToCstmrAcctRpt></Document>