<?xml version="1.0" encoding="UTF-8"?><Document xmlns="urn:iso:std:iso:20022:tech:xsd:camt.052.001.08" xmlns:xsi="http://www.w3.org/2001/XMLSchema-instance" xsi:schemaLocation="urn:iso:std:iso:20022:tech:xsd:camt.052.001.08 camt.052.001.08.xsd"><BkToCstmrAcctRpt><GrpHdr><MsgId>camt52_20250625104150__ONLINEBA</MsgId><CreDtTm>2025-06-25T10:41:50+02:00</CreDtTm></GrpHdr><Rpt><Id>camt0528_ONLINEBA</Id><RptPgntn><PgNb>1</PgNb><LastPgInd>true</LastPgInd></RptPgntn><CreDtTm>2025-06-25T10:41:50+02:00</CreDtTm><Acct><Id><IBAN>DE35230510300004619086</IBAN></Id><Ccy>EUR</Ccy><Svcr><FinInstnId><BICFI>NOLADE21SHO</BICFI><Nm>SPARKASSE SUEDHOLSTEIN</Nm><Othr><Id>DE 134796412</Id><Issr>UmsStId</Issr></Othr></FinInstnId></Svcr></Acct><Bal><Tp><CdOrPrtry><Cd>OPBD</Cd></CdOrPrtry></Tp><Amt Ccy="EUR">50523.24</Amt><CdtDbtInd>CRDT</CdtDbtInd><Dt><Dt>2025-06-20</Dt></Dt></Bal><Bal><Tp><CdOrPrtry><Cd>CLBD</Cd></CdOrPrtry></Tp><Amt Ccy="EUR">51110.51</Amt><CdtDbtInd>CRDT</CdtDbtInd><Dt><Dt>2025-06-23</Dt></Dt></Bal><Ntry><Amt Ccy="EUR">29.99</Amt><CdtDbtInd>DBIT</CdtDbtInd><Sts><Cd>BOOK</Cd></Sts><BookgDt><Dt>2025-06-23</Dt></BookgDt><ValDt><Dt>2025-06-23</Dt></ValDt><AcctSvcrRef>2025-06-23-00.06.43.836346</AcctSvcrRef><BkTxCd/><NtryDtls><TxDtls><Refs><EndToEndId>3404365433870001281197976008RCUR</EndToEndId><MndtId>T0010001B000006045778269</MndtId><Prtry><Tp>FI-UMSATZ-ID</Tp><Ref>2025-06-23-00.06.43.836346</Ref></Prtry></Refs><Amt Ccy="EUR">29.99</Amt><BkTxCd><Domn><Cd>PMNT</Cd><Fmly><Cd>RDDT</Cd><SubFmlyCd>ESDD</SubFmlyCd></Fmly></Domn><Prtry><Cd>NDDT+105+9248+992</Cd><Issr>DK</Issr></Prtry></BkTxCd><RltdPties><Dbtr><Pty><Nm>Guido Mitschke Today is Life UG</Nm></Pty></Dbtr><DbtrAcct><Id><IBAN>DE35230510300004619086</IBAN></Id></DbtrAcct><Cdtr><Pty><Nm>Telefonica Germany GmbH + Co. OHG</Nm><Id><PrvtId><Othr><Id>DE9700000000142462</Id></Othr></PrvtId></Id></Pty></Cdtr><CdtrAcct><Id><IBAN>DE16700202700005713153</IBAN></Id></CdtrAcct></RltdPties><RltdAgts><DbtrAgt><FinInstnId><BICFI>NOLADE21SHO</BICFI></FinInstnId></DbtrAgt><CdtrAgt><FinInstnId><BICFI>HYVEDEMMXXX</BICFI></FinInstnId></CdtrAgt></RltdAgts><RmtInf><Ustrd>Kd-Nr.: 6045778269, Rg-Nr.: 1281197976/8, Ihre Tarifrechnung</Ustrd></RmtInf></TxDtls></NtryDtls><AddtlNtryInf>FOLGELASTSCHRIFT</AddtlNtryInf></Ntry><Ntry><Amt Ccy="EUR">249.90</Amt><CdtDbtInd>DBIT</CdtDbtInd><Sts><Cd>BOOK</Cd></Sts><BookgDt><Dt>2025-06-23</Dt></BookgDt><ValDt><Dt>2025-06-23</Dt></ValDt><AcctSvcrRef>2025-06-23-00.07.38.678917</AcctSvcrRef><BkTxCd/><NtryDtls><TxDtls><Refs><EndToEndId>OLPAYMENTTAN.1.337288</EndToEndId><MndtId>2149609458</MndtId><Prtry><Tp>FI-UMSATZ-ID</Tp><Ref>2025-06-23-00.07.38.678917</Ref></Prtry></Refs><Amt Ccy="EUR">249.90</Amt><BkTxCd><Domn><Cd>PMNT</Cd><Fmly><Cd>RDDT</Cd><SubFmlyCd>ESDD</SubFmlyCd></Fmly></Domn><Prtry><Cd>NDDT+105+9248+992</Cd><Issr>DK</Issr></Prtry></BkTxCd><RltdPties><Dbtr><Pty><Nm>Transact - Gesellschaft fuer</Nm></Pty></Dbtr><DbtrAcct><Id><IBAN>DE35230510300004619086</IBAN></Id></DbtrAcct><Cdtr><Pty><Nm>DTAD GmbH</Nm><Id><PrvtId><Othr><Id>DE36ZZZ00000616532</Id></Othr></PrvtId></Id></Pty></Cdtr><CdtrAcct><Id><IBAN>DE94100800000921692300</IBAN></Id></CdtrAcct></RltdPties><RltdAgts><DbtrAgt><FinInstnId><BICFI>NOLADE21SHO</BICFI></FinInstnId></DbtrAgt><CdtrAgt><FinInstnId><BICFI>DRESDEFF100</BICFI></FinInstnId></CdtrAgt></RltdAgts><RmtInf><Ustrd>DTAD GmbH 2149609458,12.06.25 2025-23600 249,90</Ustrd></RmtInf></TxDtls></NtryDtls><AddtlNtryInf>FOLGELASTSCHRIFT</AddtlNtryInf></Ntry><Ntry><Amt Ccy="EUR">867.16</Amt><CdtDbtInd>CRDT</CdtDbtInd><Sts><Cd>BOOK</Cd></Sts><BookgDt><Dt>2025-06-23</Dt></BookgDt><ValDt><Dt>2025-06-23</Dt></ValDt><AcctSvcrRef>2025-06-23-14.16.39.608094</AcctSvcrRef><BkTxCd/><NtryDtls><TxDtls><Refs><EndToEndId>87</EndToEndId><Prtry><Tp>FI-UMSATZ-ID</Tp><Ref>2025-06-23-14.16.39.608094</Ref></Prtry></Refs><Amt Ccy="EUR">867.16</Amt><BkTxCd><Domn><Cd>PMNT</Cd><Fmly><Cd>RCDT</Cd><SubFmlyCd>ESCT</SubFmlyCd></Fmly></Domn><Prtry><Cd>NTRF+166+9217+000</Cd><Issr>DK</Issr></Prtry></BkTxCd><RltdPties><Dbtr><Pty><Nm>ALLGEMEINES KRANKENHAUS CELLE</Nm></Pty></Dbtr><DbtrAcct><Id><IBAN>DE97269513110000008235</IBAN></Id></DbtrAcct><Cdtr><Pty><Nm>Transact GmbH</Nm></Pty></Cdtr><CdtrAcct><Id><IBAN>DE35230510300004619086</IBAN></Id></CdtrAcct></RltdPties><RltdAgts><DbtrAgt><FinInstnId><BICFI>NOLADE21GFW</BICFI></FinInstnId></DbtrAgt><CdtrAgt><FinInstnId><BICFI>NOLADE21SHO</BICFI></FinInstnId></CdtrAgt></RltdAgts><RmtInf><Ustrd>05.06.25 NR. 202500392</Ustrd></RmtInf></TxDtls></NtryDtls><AddtlNtryInf>GUTSCHRIFT ÜBERWEISUNG</AddtlNtryInf></Ntry></Rpt></BkToCstmrAcctRpt></Document>