<?xml version="1.0" encoding="UTF-8"?><Document xmlns="urn:iso:std:iso:20022:tech:xsd:camt.052.001.08" xmlns:xsi="http://www.w3.org/2001/XMLSchema-instance" xsi:schemaLocation="urn:iso:std:iso:20022:tech:xsd:camt.052.001.08 camt.052.001.08.xsd"><BkToCstmrAcctRpt><GrpHdr><MsgId>camt52_20250723102624__ONLINEBA</MsgId><CreDtTm>2025-07-23T10:26:24+02:00</CreDtTm></GrpHdr><Rpt><Id>camt0528_ONLINEBA</Id><RptPgntn><PgNb>1</PgNb><LastPgInd>true</LastPgInd></RptPgntn><CreDtTm>2025-07-23T10:26:24+02:00</CreDtTm><Acct><Id><IBAN>DE35230510300004619086</IBAN></Id><Ccy>EUR</Ccy><Svcr><FinInstnId><BICFI>NOLADE21SHO</BICFI><Nm>SPARKASSE SUEDHOLSTEIN</Nm><Othr><Id>DE 134796412</Id><Issr>UmsStId</Issr></Othr></FinInstnId></Svcr></Acct><Bal><Tp><CdOrPrtry><Cd>OPBD</Cd></CdOrPrtry></Tp><Amt Ccy="EUR">51340.20</Amt><CdtDbtInd>CRDT</CdtDbtInd><Dt><Dt>2025-07-09</Dt></Dt></Bal><Bal><Tp><CdOrPrtry><Cd>CLBD</Cd></CdOrPrtry></Tp><Amt Ccy="EUR">54813.92</Amt><CdtDbtInd>CRDT</CdtDbtInd><Dt><Dt>2025-07-10</Dt></Dt></Bal><Ntry><Amt Ccy="EUR">460.00</Amt><CdtDbtInd>DBIT</CdtDbtInd><Sts><Cd>BOOK</Cd></Sts><BookgDt><Dt>2025-07-10</Dt></BookgDt><ValDt><Dt>2025-07-10</Dt></ValDt><AcctSvcrRef>2025-07-10-00.06.27.609020</AcctSvcrRef><BkTxCd/><NtryDtls><TxDtls><Refs><EndToEndId>048/764/04562-----L0707202500000745</EndToEndId><MndtId>HH266884966327</MndtId><Prtry><Tp>FI-UMSATZ-ID</Tp><Ref>2025-07-10-00.06.27.609020</Ref></Prtry></Refs><Amt Ccy="EUR">460.00</Amt><BkTxCd><Domn><Cd>PMNT</Cd><Fmly><Cd>RDDT</Cd><SubFmlyCd>ESDD</SubFmlyCd></Fmly></Domn><Prtry><Cd>NDDT+105+9262+992</Cd><Issr>DK</Issr></Prtry></BkTxCd><RltdPties><Dbtr><Pty><Nm>TRANSACT - GESELLSCHAFT FUE</Nm></Pty></Dbtr><DbtrAcct><Id><IBAN>DE35230510300004619086</IBAN></Id></DbtrAcct><Cdtr><Pty><Nm>STEUERKASSE HAMBURG</Nm><Id><PrvtId><Othr><Id>DE43ZZZ00000037898</Id></Othr></PrvtId></Id></Pty></Cdtr><CdtrAcct><Id><IBAN>DE03200000000020001530</IBAN></Id></CdtrAcct></RltdPties><RltdAgts><DbtrAgt><FinInstnId><BICFI>NOLADE21SHO</BICFI></FinInstnId></DbtrAgt><CdtrAgt><FinInstnId><BICFI>MARKDEF1200</BICFI></FinInstnId></CdtrAgt></RltdAgts><RmtInf><Ustrd>STEUERNR 048/764/04562     UMS.ST  APR.25  460,00EUR</Ustrd></RmtInf></TxDtls></NtryDtls><AddtlNtryInf>FOLGELASTSCHRIFT</AddtlNtryInf></Ntry><Ntry><Amt Ccy="EUR">1267.47</Amt><CdtDbtInd>DBIT</CdtDbtInd><Sts><Cd>BOOK</Cd></Sts><BookgDt><Dt>2025-07-10</Dt></BookgDt><ValDt><Dt>2025-07-10</Dt></ValDt><AcctSvcrRef>2025-07-10-07.30.19.406570</AcctSvcrRef><BkTxCd/><NtryDtls><TxDtls><Refs><PmtInfId>1eedc1b-2465300484-6384746-20250710</PmtInfId><Prtry><Tp>FI-UMSATZ-ID</Tp><Ref>2025-07-10-07.30.19.406570</Ref></Prtry></Refs><Amt Ccy="EUR">1267.47</Amt><BkTxCd><Domn><Cd>PMNT</Cd><Fmly><Cd>ICDT</Cd><SubFmlyCd>ESCT</SubFmlyCd></Fmly></Domn><Prtry><Cd>NTRF+191+9301+997</Cd><Issr>DK</Issr></Prtry></BkTxCd><RltdPties><Dbtr><Pty><Nm>Transact-Gesellschaft für Software &amp; Analyse GmbH</Nm></Pty></Dbtr><DbtrAcct><Id><IBAN>DE35230510300004619086</IBAN></Id></DbtrAcct><UltmtDbtr><Pty><Nm>FIRMA TRANSACT-GESELLSCHAFT</Nm></Pty></UltmtDbtr><CdtrAcct><Id><Othr><Id>0000000000</Id></Othr></Id></CdtrAcct></RltdPties><RltdAgts><DbtrAgt><FinInstnId><BICFI>NOLADE21SHO</BICFI></FinInstnId></DbtrAgt><CdtrAgt><FinInstnId><Othr><Id>00000000</Id></Othr></FinInstnId></CdtrAgt></RltdAgts><RmtInf><Ustrd>ANZAHL        1</Ustrd></RmtInf></TxDtls></NtryDtls><AddtlNtryInf>SAMMELÜBERWEISUNG</AddtlNtryInf></Ntry><Ntry><Amt Ccy="EUR">3997.73</Amt><CdtDbtInd>CRDT</CdtDbtInd><Sts><Cd>BOOK</Cd></Sts><BookgDt><Dt>2025-07-10</Dt></BookgDt><ValDt><Dt>2025-07-10</Dt></ValDt><AcctSvcrRef>2025-07-10-12.08.16.984554</AcctSvcrRef><BkTxCd/><NtryDtls><TxDtls><Refs><EndToEndId>0001601536</EndToEndId><Prtry><Tp>FI-UMSATZ-ID</Tp><Ref>2025-07-10-12.08.16.984554</Ref></Prtry></Refs><Amt Ccy="EUR">3997.73</Amt><BkTxCd><Domn><Cd>PMNT</Cd><Fmly><Cd>RCDT</Cd><SubFmlyCd>ESCT</SubFmlyCd></Fmly></Domn><Prtry><Cd>NTRF+166+9249+000</Cd><Issr>DK</Issr></Prtry></BkTxCd><RltdPties><Dbtr><Pty><Nm>Schon Klinik Holding SE</Nm></Pty></Dbtr><DbtrAcct><Id><IBAN>DE85700700100987700200</IBAN></Id></DbtrAcct><Cdtr><Pty><Nm>Transact GmbH</Nm></Pty></Cdtr><CdtrAcct><Id><IBAN>DE35230510300004619086</IBAN></Id></CdtrAcct></RltdPties><RltdAgts><DbtrAgt><FinInstnId><BICFI>DEUTDEMMXXX</BICFI></FinInstnId></DbtrAgt><CdtrAgt><FinInstnId><BICFI>NOLADE21SHO</BICFI></FinInstnId></CdtrAgt></RltdAgts><RmtInf><Ustrd>1218//INV/RA202500432/23.6.2025//INV/RA202500408/13.6.2025//INV/GA202500012/28.4.2025/</Ustrd></RmtInf></TxDtls></NtryDtls><AddtlNtryInf>GUTSCHRIFT ÜBERWEISUNG</AddtlNtryInf></Ntry><Ntry><Amt Ccy="EUR">1203.46</Amt><CdtDbtInd>CRDT</CdtDbtInd><Sts><Cd>BOOK</Cd></Sts><BookgDt><Dt>2025-07-10</Dt></BookgDt><ValDt><Dt>2025-07-10</Dt></ValDt><AcctSvcrRef>2025-07-10-12.08.16.987651</AcctSvcrRef><BkTxCd/><NtryDtls><TxDtls><Refs><EndToEndId>KD210 108</EndToEndId><Prtry><Tp>FI-UMSATZ-ID</Tp><Ref>2025-07-10-12.08.16.987651</Ref></Prtry></Refs><Amt Ccy="EUR">1203.46</Amt><BkTxCd><Domn><Cd>PMNT</Cd><Fmly><Cd>RCDT</Cd><SubFmlyCd>ESCT</SubFmlyCd></Fmly></Domn><Prtry><Cd>NTRF+166+9249+000</Cd><Issr>DK</Issr></Prtry></BkTxCd><RltdPties><Dbtr><Pty><Nm>Evangelische Krankenhausgemeinschaft Herne/Castrop-Rauxel gemeinnutzig</Nm></Pty></Dbtr><DbtrAcct><Id><IBAN>DE24430700610609108600</IBAN></Id></DbtrAcct><Cdtr><Pty><Nm>Transact-Gesellschaft f.Softwa</Nm></Pty></Cdtr><CdtrAcct><Id><IBAN>DE35230510300004619086</IBAN></Id></CdtrAcct></RltdPties><RltdAgts><DbtrAgt><FinInstnId><BICFI>DEUTDEDE430</BICFI></FinInstnId></DbtrAgt><CdtrAgt><FinInstnId><BICFI>NOLADE21SHO</BICFI></FinInstnId></CdtrAgt></RltdAgts><RmtInf><Ustrd>23.06.2025 1203.46 RA 202500424</Ustrd></RmtInf></TxDtls></NtryDtls><AddtlNtryInf>GUTSCHRIFT ÜBERWEISUNG</AddtlNtryInf></Ntry></Rpt></BkToCstmrAcctRpt></Document>