<?xml version="1.0" encoding="UTF-8"?><Document xmlns="urn:iso:std:iso:20022:tech:xsd:camt.052.001.08" xmlns:xsi="http://www.w3.org/2001/XMLSchema-instance" xsi:schemaLocation="urn:iso:std:iso:20022:tech:xsd:camt.052.001.08 camt.052.001.08.xsd"><BkToCstmrAcctRpt><GrpHdr><MsgId>camt52_20250723102624__ONLINEBA</MsgId><CreDtTm>2025-07-23T10:26:24+02:00</CreDtTm></GrpHdr><Rpt><Id>camt0528_ONLINEBA</Id><RptPgntn><PgNb>1</PgNb><LastPgInd>true</LastPgInd></RptPgntn><CreDtTm>2025-07-23T10:26:24+02:00</CreDtTm><Acct><Id><IBAN>DE35230510300004619086</IBAN></Id><Ccy>EUR</Ccy><Svcr><FinInstnId><BICFI>NOLADE21SHO</BICFI><Nm>SPARKASSE SUEDHOLSTEIN</Nm><Othr><Id>DE 134796412</Id><Issr>UmsStId</Issr></Othr></FinInstnId></Svcr></Acct><Bal><Tp><CdOrPrtry><Cd>OPBD</Cd></CdOrPrtry></Tp><Amt Ccy="EUR">151669.43</Amt><CdtDbtInd>CRDT</CdtDbtInd><Dt><Dt>2025-07-16</Dt></Dt></Bal><Bal><Tp><CdOrPrtry><Cd>CLBD</Cd></CdOrPrtry></Tp><Amt Ccy="EUR">183086.67</Amt><CdtDbtInd>CRDT</CdtDbtInd><Dt><Dt>2025-07-17</Dt></Dt></Bal><Ntry><Amt Ccy="EUR">596.93</Amt><CdtDbtInd>CRDT</CdtDbtInd><Sts><Cd>BOOK</Cd></Sts><BookgDt><Dt>2025-07-17</Dt></BookgDt><ValDt><Dt>2025-07-17</Dt></ValDt><AcctSvcrRef>2025-07-17-10.14.36.371710</AcctSvcrRef><BkTxCd/><NtryDtls><TxDtls><Refs><EndToEndId>ZA0068799</EndToEndId><Prtry><Tp>FI-UMSATZ-ID</Tp><Ref>2025-07-17-10.14.36.371710</Ref></Prtry></Refs><Amt Ccy="EUR">596.93</Amt><BkTxCd><Domn><Cd>PMNT</Cd><Fmly><Cd>RCDT</Cd><SubFmlyCd>ESCT</SubFmlyCd></Fmly></Domn><Prtry><Cd>NTRF+166+9249+000</Cd><Issr>DK</Issr></Prtry></BkTxCd><RltdPties><Dbtr><Pty><Nm>Alexianer GmbH</Nm></Pty></Dbtr><DbtrAcct><Id><IBAN>DE08400602650017581200</IBAN></Id></DbtrAcct><Cdtr><Pty><Nm>TRANSACT GMBH</Nm></Pty></Cdtr><CdtrAcct><Id><IBAN>DE35230510300004619086</IBAN></Id></CdtrAcct></RltdPties><RltdAgts><DbtrAgt><FinInstnId><BICFI>GENODEM1DKM</BICFI></FinInstnId></DbtrAgt><CdtrAgt><FinInstnId><BICFI>NOLADE21SHO</BICFI></FinInstnId></CdtrAgt></RltdAgts><RmtInf><Ustrd>RE.NR.202500429</Ustrd></RmtInf></TxDtls></NtryDtls><AddtlNtryInf>GUTSCHRIFT ÜBERWEISUNG</AddtlNtryInf></Ntry><Ntry><Amt Ccy="EUR">15835.96</Amt><CdtDbtInd>CRDT</CdtDbtInd><Sts><Cd>BOOK</Cd></Sts><BookgDt><Dt>2025-07-17</Dt></BookgDt><ValDt><Dt>2025-07-17</Dt></ValDt><AcctSvcrRef>2025-07-17-12.10.03.307669</AcctSvcrRef><BkTxCd/><NtryDtls><TxDtls><Refs><Prtry><Tp>FI-UMSATZ-ID</Tp><Ref>2025-07-17-12.10.03.307669</Ref></Prtry></Refs><Amt Ccy="EUR">15835.96</Amt><BkTxCd><Domn><Cd>PMNT</Cd><Fmly><Cd>RCDT</Cd><SubFmlyCd>ESCT</SubFmlyCd></Fmly></Domn><Prtry><Cd>NTRF+166+9209+000</Cd><Issr>DK</Issr></Prtry></BkTxCd><RltdPties><Dbtr><Pty><Nm>Main-Kinzig-Kliniken gGmbH</Nm></Pty></Dbtr><DbtrAcct><Id><IBAN>DE38507500940000000505</IBAN></Id></DbtrAcct><UltmtDbtr><Pty><Nm>MKK KH Gelnhausen 63571 Gelnhausen</Nm></Pty></UltmtDbtr><Cdtr><Pty><Nm>Transact GmbH 20457 Hamburg</Nm></Pty></Cdtr><CdtrAcct><Id><IBAN>DE35230510300004619086</IBAN></Id></CdtrAcct></RltdPties><RltdAgts><DbtrAgt><FinInstnId><BICFI>HELADEF1GEL</BICFI></FinInstnId></DbtrAgt><CdtrAgt><FinInstnId><BICFI>NOLADE21SHO</BICFI></FinInstnId></CdtrAgt></RltdAgts><RmtInf><Ustrd>Kd.Nr. 667  10.03.25/RA202500180 24.04.25/RA 202500306</Ustrd></RmtInf></TxDtls></NtryDtls><AddtlNtryInf>GUTSCHRIFT ÜBERWEISUNG</AddtlNtryInf></Ntry><Ntry><Amt Ccy="EUR">3213.00</Amt><CdtDbtInd>CRDT</CdtDbtInd><Sts><Cd>BOOK</Cd></Sts><BookgDt><Dt>2025-07-17</Dt></BookgDt><ValDt><Dt>2025-07-17</Dt></ValDt><AcctSvcrRef>2025-07-17-12.10.19.577560</AcctSvcrRef><BkTxCd/><NtryDtls><TxDtls><Refs><EndToEndId>0002510384</EndToEndId><Prtry><Tp>FI-UMSATZ-ID</Tp><Ref>2025-07-17-12.10.19.577560</Ref></Prtry></Refs><Amt Ccy="EUR">3213.00</Amt><BkTxCd><Domn><Cd>PMNT</Cd><Fmly><Cd>RCDT</Cd><SubFmlyCd>ESCT</SubFmlyCd></Fmly></Domn><Prtry><Cd>NTRF+166+9227+000</Cd><Issr>DK</Issr></Prtry></BkTxCd><RltdPties><Dbtr><Pty><Nm>Kliniken des Landkreises Lörrach GmbH                                 79539 Loerrach</Nm></Pty></Dbtr><DbtrAcct><Id><IBAN>DE79683500480001720119</IBAN></Id></DbtrAcct><UltmtDbtr><Pty><Nm>KKH Loerrach Spitalstrasse 25</Nm></Pty></UltmtDbtr><Cdtr><Pty><Nm>Transact GmbH                                                         Kleine Reichenstrasse 1</Nm></Pty></Cdtr><CdtrAcct><Id><IBAN>DE35230510300004619086</IBAN></Id></CdtrAcct></RltdPties><RltdAgts><DbtrAgt><FinInstnId><BICFI>SKLODE66XXX</BICFI></FinInstnId></DbtrAgt><CdtrAgt><FinInstnId><BICFI>NOLADE21SHO</BICFI></FinInstnId></CdtrAgt></RltdAgts><RmtInf><Ustrd>426/RA 202500459/     3.213,00</Ustrd></RmtInf></TxDtls></NtryDtls><AddtlNtryInf>GUTSCHRIFT ÜBERWEISUNG</AddtlNtryInf></Ntry><Ntry><Amt Ccy="EUR">1071.00</Amt><CdtDbtInd>CRDT</CdtDbtInd><Sts><Cd>BOOK</Cd></Sts><BookgDt><Dt>2025-07-17</Dt></BookgDt><ValDt><Dt>2025-07-17</Dt></ValDt><AcctSvcrRef>2025-07-17-13.10.05.354453</AcctSvcrRef><BkTxCd/><NtryDtls><TxDtls><Refs><EndToEndId>1905038121</EndToEndId><Prtry><Tp>FI-UMSATZ-ID</Tp><Ref>2025-07-17-13.10.05.354453</Ref></Prtry></Refs><Amt Ccy="EUR">1071.00</Amt><BkTxCd><Domn><Cd>PMNT</Cd><Fmly><Cd>RCDT</Cd><SubFmlyCd>ESCT</SubFmlyCd></Fmly></Domn><Prtry><Cd>NTRF+166+9217+000</Cd><Issr>DK</Issr></Prtry></BkTxCd><RltdPties><Dbtr><Pty><Nm>Georg-August-Universität Götting en Stiftung öffentlichen Rechts      37073 Goettingen</Nm></Pty></Dbtr><DbtrAcct><Id><IBAN>DE78250500000101418010</IBAN></Id></DbtrAcct><UltmtDbtr><Pty><Nm>Georg-August-Universitaet Goettingen</Nm></Pty></UltmtDbtr><Cdtr><Pty><Nm>TRANSACT Ges. fuer Software  Analys                                   Lagerstr. 17</Nm></Pty></Cdtr><CdtrAcct><Id><IBAN>DE35230510300004619086</IBAN></Id></CdtrAcct></RltdPties><RltdAgts><DbtrAgt><FinInstnId><BICFI>NOLADE2HXXX</BICFI></FinInstnId></DbtrAgt><CdtrAgt><FinInstnId><BICFI>NOLADE21SHO</BICFI></FinInstnId></CdtrAgt></RltdAgts><RmtInf><Ustrd>202500403 11.6.2025/758</Ustrd></RmtInf></TxDtls></NtryDtls><AddtlNtryInf>GUTSCHRIFT ÜBERWEISUNG</AddtlNtryInf></Ntry><Ntry><Amt Ccy="EUR">4835.73</Amt><CdtDbtInd>CRDT</CdtDbtInd><Sts><Cd>BOOK</Cd></Sts><BookgDt><Dt>2025-07-17</Dt></BookgDt><ValDt><Dt>2025-07-17</Dt></ValDt><AcctSvcrRef>2025-07-17-15.25.29.145399</AcctSvcrRef><BkTxCd/><NtryDtls><TxDtls><Refs><EndToEndId>0005015824</EndToEndId><Prtry><Tp>FI-UMSATZ-ID</Tp><Ref>2025-07-17-15.25.29.145399</Ref></Prtry></Refs><Amt Ccy="EUR">4835.73</Amt><BkTxCd><Domn><Cd>PMNT</Cd><Fmly><Cd>RCDT</Cd><SubFmlyCd>ESCT</SubFmlyCd></Fmly></Domn><Prtry><Cd>NTRF+166+9249+000</Cd><Issr>DK</Issr></Prtry></BkTxCd><RltdPties><Dbtr><Pty><Nm>Sana Kliniken Duisbu                                                  47055 Duisburg</Nm></Pty></Dbtr><DbtrAcct><Id><IBAN>DE53700202700010021809</IBAN></Id></DbtrAcct><Cdtr><Pty><Nm>Transact GmbH Gesellschaft fuer Software Analyse                      Kleine Reichenstrasse 1</Nm></Pty></Cdtr><CdtrAcct><Id><IBAN>DE35230510300004619086</IBAN></Id></CdtrAcct></RltdPties><RltdAgts><DbtrAgt><FinInstnId><BICFI>HYVEDEMMXXX</BICFI></FinInstnId></DbtrAgt><CdtrAgt><FinInstnId><BICFI>NOLADE21SHO</BICFI></FinInstnId></CdtrAgt></RltdAgts><RmtInf><Ustrd>/202500463 / 3.213,00/RA202500437 / 1.622,73</Ustrd></RmtInf></TxDtls></NtryDtls><AddtlNtryInf>GUTSCHRIFT ÜBERWEISUNG</AddtlNtryInf></Ntry><Ntry><Amt Ccy="EUR">3279.94</Amt><CdtDbtInd>CRDT</CdtDbtInd><Sts><Cd>BOOK</Cd></Sts><BookgDt><Dt>2025-07-17</Dt></BookgDt><ValDt><Dt>2025-07-17</Dt></ValDt><AcctSvcrRef>2025-07-17-16.51.03.122904</AcctSvcrRef><BkTxCd/><NtryDtls><TxDtls><Refs><EndToEndId>2507171209-0000070</EndToEndId><Prtry><Tp>FI-UMSATZ-ID</Tp><Ref>2025-07-17-16.51.03.122904</Ref></Prtry></Refs><Amt Ccy="EUR">3279.94</Amt><BkTxCd><Domn><Cd>PMNT</Cd><Fmly><Cd>RCDT</Cd><SubFmlyCd>ESCT</SubFmlyCd></Fmly></Domn><Prtry><Cd>NTRF+166+9249+000</Cd><Issr>DK</Issr></Prtry></BkTxCd><RltdPties><Dbtr><Pty><Nm>WMC Healthcare GmbH                                                   Friedrichstrase 1a</Nm></Pty></Dbtr><DbtrAcct><Id><IBAN>DE87700400410225275700</IBAN></Id></DbtrAcct><Cdtr><Pty><Nm>Transact GmbH</Nm></Pty></Cdtr><CdtrAcct><Id><IBAN>DE35230510300004619086</IBAN></Id></CdtrAcct></RltdPties><RltdAgts><DbtrAgt><FinInstnId><BICFI>COBADEFF</BICFI></FinInstnId></DbtrAgt><CdtrAgt><FinInstnId><BICFI>NOLADE21SHO</BICFI></FinInstnId></CdtrAgt></RltdAgts><RmtInf><Ustrd>RNR 202500470 KD 91004</Ustrd></RmtInf></TxDtls></NtryDtls><AddtlNtryInf>GUTSCHRIFT ÜBERWEISUNG</AddtlNtryInf></Ntry><Ntry><Amt Ccy="EUR">2584.68</Amt><CdtDbtInd>CRDT</CdtDbtInd><Sts><Cd>BOOK</Cd></Sts><BookgDt><Dt>2025-07-17</Dt></BookgDt><ValDt><Dt>2025-07-17</Dt></ValDt><AcctSvcrRef>2025-07-17-17.11.06.596400</AcctSvcrRef><BkTxCd/><NtryDtls><TxDtls><Refs><EndToEndId>8002588/1234/R7HG55VUU4EW</EndToEndId><Prtry><Tp>FI-UMSATZ-ID</Tp><Ref>2025-07-17-17.11.06.596400</Ref></Prtry></Refs><Amt Ccy="EUR">2584.68</Amt><BkTxCd><Domn><Cd>PMNT</Cd><Fmly><Cd>RCDT</Cd><SubFmlyCd>ESCT</SubFmlyCd></Fmly></Domn><Prtry><Cd>NTRF+166+9243+000</Cd><Issr>DK</Issr></Prtry></BkTxCd><RltdPties><Dbtr><Pty><Nm>Landkreis Regensburg</Nm></Pty></Dbtr><DbtrAcct><Id><IBAN>DE92750500000061200010</IBAN></Id></DbtrAcct><UltmtDbtr><Pty><Nm>Kreiskrankenhaus Wörth a.d. Donau</Nm></Pty></UltmtDbtr><Cdtr><Pty><Nm>Transact GmbH</Nm></Pty></Cdtr><CdtrAcct><Id><IBAN>DE35230510300004619086</IBAN></Id></CdtrAcct></RltdPties><RltdAgts><DbtrAgt><FinInstnId><BICFI>BYLADEM1RBG</BICFI></FinInstnId></DbtrAgt><CdtrAgt><FinInstnId><BICFI>NOLADE21SHO</BICFI></FinInstnId></CdtrAgt></RltdAgts><RmtInf><Ustrd>//RA202500449/26.06.2025/2584.68/0. 00/2584.68</Ustrd></RmtInf></TxDtls></NtryDtls><AddtlNtryInf>GUTSCHRIFT ÜBERWEISUNG</AddtlNtryInf></Ntry></Rpt></BkToCstmrAcctRpt></Document>