<?xml version="1.0" encoding="UTF-8"?><Document xmlns="urn:iso:std:iso:20022:tech:xsd:camt.052.001.08" xmlns:xsi="http://www.w3.org/2001/XMLSchema-instance" xsi:schemaLocation="urn:iso:std:iso:20022:tech:xsd:camt.052.001.08 camt.052.001.08.xsd"><BkToCstmrAcctRpt><GrpHdr><MsgId>camt52_20250606142444__ONLINEBA</MsgId><CreDtTm>2025-06-06T14:24:44+02:00</CreDtTm></GrpHdr><Rpt><Id>camt0528_ONLINEBA</Id><RptPgntn><PgNb>1</PgNb><LastPgInd>true</LastPgInd></RptPgntn><CreDtTm>2025-06-06T14:24:44+02:00</CreDtTm><Acct><Id><IBAN>DE35230510300004619086</IBAN></Id><Ccy>EUR</Ccy><Svcr><FinInstnId><BICFI>NOLADE21SHO</BICFI><Nm>SPARKASSE SUEDHOLSTEIN</Nm><Othr><Id>DE 134796412</Id><Issr>UmsStId</Issr></Othr></FinInstnId></Svcr></Acct><Bal><Tp><CdOrPrtry><Cd>OPBD</Cd></CdOrPrtry></Tp><Amt Ccy="EUR">30182.93</Amt><CdtDbtInd>CRDT</CdtDbtInd><Dt><Dt>2025-06-04</Dt></Dt></Bal><Bal><Tp><CdOrPrtry><Cd>CLBD</Cd></CdOrPrtry></Tp><Amt Ccy="EUR">39118.58</Amt><CdtDbtInd>CRDT</CdtDbtInd><Dt><Dt>2025-06-05</Dt></Dt></Bal><Ntry><Amt Ccy="EUR">110.20</Amt><CdtDbtInd>DBIT</CdtDbtInd><Sts><Cd>BOOK</Cd></Sts><BookgDt><Dt>2025-06-05</Dt></BookgDt><ValDt><Dt>2025-06-05</Dt></ValDt><AcctSvcrRef>2025-06-05-00.06.37.900422</AcctSvcrRef><BkTxCd/><NtryDtls><TxDtls><Refs><EndToEndId>ZAA0161314600</EndToEndId><MndtId>1060622505</MndtId><Prtry><Tp>FI-UMSATZ-ID</Tp><Ref>2025-06-05-00.06.37.900422</Ref></Prtry></Refs><Amt Ccy="EUR">110.20</Amt><BkTxCd><Domn><Cd>PMNT</Cd><Fmly><Cd>RDDT</Cd><SubFmlyCd>ESDD</SubFmlyCd></Fmly></Domn><Prtry><Cd>NDDT+105+9248+992</Cd><Issr>DK</Issr></Prtry></BkTxCd><RltdPties><Dbtr><Pty><Nm>TRANSACT-GESELLSCHAFT, FUER SOFT</Nm></Pty></Dbtr><DbtrAcct><Id><IBAN>DE35230510300004619086</IBAN></Id></DbtrAcct><Cdtr><Pty><Nm>LOGPAY FINANCIAL SERVICES GMBH                                        Schwalbacher Str. 72</Nm><Id><PrvtId><Othr><Id>DE90LPY00000046849</Id></Othr></PrvtId></Id></Pty></Cdtr><CdtrAcct><Id><IBAN>DE75500400000586784100</IBAN></Id></CdtrAcct></RltdPties><RltdAgts><DbtrAgt><FinInstnId><BICFI>NOLADE21SHO</BICFI></FinInstnId></DbtrAgt><CdtrAgt><FinInstnId><BICFI>COBADEFF</BICFI></FinInstnId></CdtrAgt></RltdAgts><RmtInf><Ustrd>-ABO S-Bahn Hamburg</Ustrd></RmtInf></TxDtls></NtryDtls><AddtlNtryInf>FOLGELASTSCHRIFT</AddtlNtryInf></Ntry><Ntry><Amt Ccy="EUR">910.13</Amt><CdtDbtInd>DBIT</CdtDbtInd><Sts><Cd>BOOK</Cd></Sts><BookgDt><Dt>2025-06-05</Dt></BookgDt><ValDt><Dt>2025-06-05</Dt></ValDt><AcctSvcrRef>2025-06-05-00.09.12.610130</AcctSvcrRef><BkTxCd/><NtryDtls><TxDtls><Refs><EndToEndId>LED007903635527</EndToEndId><MndtId>000003778071</MndtId><Prtry><Tp>FI-UMSATZ-ID</Tp><Ref>2025-06-05-00.09.12.610130</Ref></Prtry></Refs><Amt Ccy="EUR">910.13</Amt><BkTxCd><Domn><Cd>PMNT</Cd><Fmly><Cd>RDDT</Cd><SubFmlyCd>ESDD</SubFmlyCd></Fmly></Domn><Prtry><Cd>NDDT+105+9262+992</Cd><Issr>DK</Issr></Prtry></BkTxCd><RltdPties><Dbtr><Pty><Nm>Transact - Gesellschaft fuer Software Analyse mbH                     Kleine Reichenstr. 1</Nm></Pty></Dbtr><DbtrAcct><Id><IBAN>DE35230510300004619086</IBAN></Id></DbtrAcct><Cdtr><Pty><Nm>VW Leasing GmbH                                                       Gifhorner Strasse 57</Nm><Id><PrvtId><Othr><Id>DE42LEA00000072739</Id></Othr></PrvtId></Id></Pty></Cdtr><CdtrAcct><Id><IBAN>DE09270200008100000002</IBAN></Id></CdtrAcct></RltdPties><RltdAgts><DbtrAgt><FinInstnId><BICFI>NOLADE21SHO</BICFI></FinInstnId></DbtrAgt><CdtrAgt><FinInstnId><BICFI>VOWADE2BXXX</BICFI></FinInstnId></CdtrAgt></RltdAgts><RmtInf><Ustrd>01.06.2025 RATE06/25 RE10245463971 4460955893 V HH-TA2044 737,55 DL-ST.FR.32,45 19VH UST 140,13AUF737,55 UST-IDNR.DE811115317</Ustrd></RmtInf></TxDtls></NtryDtls><AddtlNtryInf>FOLGELASTSCHRIFT</AddtlNtryInf></Ntry><Ntry><Amt Ccy="EUR">1723.56</Amt><CdtDbtInd>CRDT</CdtDbtInd><Sts><Cd>BOOK</Cd></Sts><BookgDt><Dt>2025-06-05</Dt></BookgDt><ValDt><Dt>2025-06-05</Dt></ValDt><AcctSvcrRef>2025-06-05-17.11.03.652332</AcctSvcrRef><BkTxCd/><NtryDtls><TxDtls><Refs><EndToEndId>0002608824</EndToEndId><Prtry><Tp>FI-UMSATZ-ID</Tp><Ref>2025-06-05-17.11.03.652332</Ref></Prtry></Refs><Amt Ccy="EUR">1723.56</Amt><BkTxCd><Domn><Cd>PMNT</Cd><Fmly><Cd>RCDT</Cd><SubFmlyCd>ESCT</SubFmlyCd></Fmly></Domn><Prtry><Cd>NTRF+166+9227+000</Cd><Issr>DK</Issr></Prtry></BkTxCd><RltdPties><Dbtr><Pty><Nm>Kreiskliniken Herford-Bünde Anstaltdes öffentlichen Rechts</Nm></Pty></Dbtr><DbtrAcct><Id><IBAN>DE97494501200000003798</IBAN></Id></DbtrAcct><UltmtDbtr><Pty><Nm>Kasse des Klinikums Herford</Nm></Pty></UltmtDbtr><Cdtr><Pty><Nm>Transact GmbH</Nm></Pty></Cdtr><CdtrAcct><Id><IBAN>DE35230510300004619086</IBAN></Id></CdtrAcct></RltdPties><RltdAgts><DbtrAgt><FinInstnId><BICFI>WLAHDE44XXX</BICFI></FinInstnId></DbtrAgt><CdtrAgt><FinInstnId><BICFI>NOLADE21SHO</BICFI></FinInstnId></CdtrAgt></RltdAgts><RmtInf><Ustrd>384/RA 202500365/ 667,19/RA 202500366/ 333,59/RA 202500367/ 333,59/RA 202500368/ 389,19</Ustrd></RmtInf></TxDtls></NtryDtls><AddtlNtryInf>GUTSCHRIFT ÜBERWEISUNG</AddtlNtryInf></Ntry><Ntry><Amt Ccy="EUR">8232.42</Amt><CdtDbtInd>CRDT</CdtDbtInd><Sts><Cd>BOOK</Cd></Sts><BookgDt><Dt>2025-06-05</Dt></BookgDt><ValDt><Dt>2025-06-05</Dt></ValDt><AcctSvcrRef>2025-06-05-17.12.53.676407</AcctSvcrRef><BkTxCd/><NtryDtls><TxDtls><Refs><EndToEndId>7100023415</EndToEndId><Prtry><Tp>FI-UMSATZ-ID</Tp><Ref>2025-06-05-17.12.53.676407</Ref></Prtry></Refs><Amt Ccy="EUR">8232.42</Amt><BkTxCd><Domn><Cd>PMNT</Cd><Fmly><Cd>RCDT</Cd><SubFmlyCd>ESCT</SubFmlyCd></Fmly></Domn><Prtry><Cd>NTRF+166+9243+000</Cd><Issr>DK</Issr></Prtry></BkTxCd><RltdPties><Dbtr><Pty><Nm>Muenchen Klinik gGmbH</Nm></Pty></Dbtr><DbtrAcct><Id><IBAN>DE21701500000000174003</IBAN></Id></DbtrAcct><Cdtr><Pty><Nm>Transact GmbH</Nm></Pty></Cdtr><CdtrAcct><Id><IBAN>DE35230510300004619086</IBAN></Id></CdtrAcct></RltdPties><RltdAgts><DbtrAgt><FinInstnId><BICFI>SSKMDEMMXXX</BICFI></FinInstnId></DbtrAgt><CdtrAgt><FinInstnId><BICFI>NOLADE21SHO</BICFI></FinInstnId></CdtrAgt></RltdAgts><RmtInf><Ustrd>Nr.RA202400935/13.12.2024</Ustrd></RmtInf></TxDtls></NtryDtls><AddtlNtryInf>GUTSCHRIFT ÜBERWEISUNG</AddtlNtryInf></Ntry></Rpt></BkToCstmrAcctRpt></Document>