<?xml version="1.0" encoding="UTF-8"?><Document xmlns="urn:iso:std:iso:20022:tech:xsd:camt.052.001.08" xmlns:xsi="http://www.w3.org/2001/XMLSchema-instance" xsi:schemaLocation="urn:iso:std:iso:20022:tech:xsd:camt.052.001.08 camt.052.001.08.xsd"><BkToCstmrAcctRpt><GrpHdr><MsgId>camt52_20250731121257__ONLINEBA</MsgId><CreDtTm>2025-07-31T12:12:57+02:00</CreDtTm></GrpHdr><Rpt><Id>camt0528_ONLINEBA</Id><RptPgntn><PgNb>1</PgNb><LastPgInd>true</LastPgInd></RptPgntn><CreDtTm>2025-07-31T12:12:57+02:00</CreDtTm><Acct><Id><IBAN>DE35230510300004619086</IBAN></Id><Ccy>EUR</Ccy><Svcr><FinInstnId><BICFI>NOLADE21SHO</BICFI><Nm>SPARKASSE SUEDHOLSTEIN</Nm><Othr><Id>DE 134796412</Id><Issr>UmsStId</Issr></Othr></FinInstnId></Svcr></Acct><Bal><Tp><CdOrPrtry><Cd>OPBD</Cd></CdOrPrtry></Tp><Amt Ccy="EUR">204673.25</Amt><CdtDbtInd>CRDT</CdtDbtInd><Dt><Dt>2025-07-22</Dt></Dt></Bal><Bal><Tp><CdOrPrtry><Cd>CLBD</Cd></CdOrPrtry></Tp><Amt Ccy="EUR">210630.34</Amt><CdtDbtInd>CRDT</CdtDbtInd><Dt><Dt>2025-07-23</Dt></Dt></Bal><Ntry><Amt Ccy="EUR">4993.19</Amt><CdtDbtInd>CRDT</CdtDbtInd><Sts><Cd>BOOK</Cd></Sts><BookgDt><Dt>2025-07-23</Dt></BookgDt><ValDt><Dt>2025-07-23</Dt></ValDt><AcctSvcrRef>2025-07-23-08.34.03.167846</AcctSvcrRef><BkTxCd/><NtryDtls><TxDtls><Refs><EndToEndId>0037066279</EndToEndId><Prtry><Tp>FI-UMSATZ-ID</Tp><Ref>2025-07-23-08.34.03.167846</Ref></Prtry></Refs><Amt Ccy="EUR">4993.19</Amt><BkTxCd><Domn><Cd>PMNT</Cd><Fmly><Cd>RCDT</Cd><SubFmlyCd>ESCT</SubFmlyCd></Fmly></Domn><Prtry><Cd>NTRF+166+9227+000</Cd><Issr>DK</Issr></Prtry></BkTxCd><RltdPties><Dbtr><Pty><Nm>Universitätsklinikum Heidelberg                                       69120 Heidelberg</Nm></Pty></Dbtr><DbtrAcct><Id><IBAN>DE15672500200000020982</IBAN></Id></DbtrAcct><UltmtDbtr><Pty><Nm>Univ.-Klinikum Heidelberg Finanzbuchhaltung</Nm></Pty></UltmtDbtr><Cdtr><Pty><Nm>TRANSACT-GESELLSCHAFT F.SOFTWARE                                      Rudolf-Klug-weg 3</Nm></Pty></Cdtr><CdtrAcct><Id><IBAN>DE35230510300004619086</IBAN></Id></CdtrAcct></RltdPties><RltdAgts><DbtrAgt><FinInstnId><BICFI>SOLADES1HDB</BICFI></FinInstnId></DbtrAgt><CdtrAgt><FinInstnId><BICFI>NOLADE21SHO</BICFI></FinInstnId></CdtrAgt></RltdAgts><RmtInf><Ustrd>ZA 202500323</Ustrd></RmtInf></TxDtls></NtryDtls><AddtlNtryInf>GUTSCHRIFT ÜBERWEISUNG</AddtlNtryInf></Ntry><Ntry><Amt Ccy="EUR">963.90</Amt><CdtDbtInd>CRDT</CdtDbtInd><Sts><Cd>BOOK</Cd></Sts><BookgDt><Dt>2025-07-23</Dt></BookgDt><ValDt><Dt>2025-07-23</Dt></ValDt><AcctSvcrRef>2025-07-23-14.13.18.679465</AcctSvcrRef><BkTxCd/><NtryDtls><TxDtls><Refs><Prtry><Tp>FI-UMSATZ-ID</Tp><Ref>2025-07-23-14.13.18.679465</Ref></Prtry></Refs><Amt Ccy="EUR">963.90</Amt><BkTxCd><Domn><Cd>PMNT</Cd><Fmly><Cd>RCDT</Cd><SubFmlyCd>ESCT</SubFmlyCd></Fmly></Domn><Prtry><Cd>NTRF+166+9217+000</Cd><Issr>DK</Issr></Prtry></BkTxCd><RltdPties><Dbtr><Pty><Nm>atacama blooms GmbH &amp; Co. KG</Nm></Pty></Dbtr><DbtrAcct><Id><IBAN>DE12291517001012070254</IBAN></Id></DbtrAcct><Cdtr><Pty><Nm>Transact GmbH</Nm></Pty></Cdtr><CdtrAcct><Id><IBAN>DE35230510300004619086</IBAN></Id></CdtrAcct></RltdPties><RltdAgts><DbtrAgt><FinInstnId><BICFI>BRLADE21SYK</BICFI></FinInstnId></DbtrAgt><CdtrAgt><FinInstnId><BICFI>NOLADE21SHO</BICFI></FinInstnId></CdtrAgt></RltdAgts><RmtInf><Ustrd>Qlik Sense  71276</Ustrd></RmtInf></TxDtls></NtryDtls><AddtlNtryInf>GUTSCHRIFT ÜBERWEISUNG</AddtlNtryInf></Ntry></Rpt></BkToCstmrAcctRpt></Document>