<?xml version="1.0" encoding="UTF-8"?><Document xmlns="urn:iso:std:iso:20022:tech:xsd:camt.052.001.08" xmlns:xsi="http://www.w3.org/2001/XMLSchema-instance" xsi:schemaLocation="urn:iso:std:iso:20022:tech:xsd:camt.052.001.08 camt.052.001.08.xsd"><BkToCstmrAcctRpt><GrpHdr><MsgId>camt52_20250731121257__ONLINEBA</MsgId><CreDtTm>2025-07-31T12:12:57+02:00</CreDtTm></GrpHdr><Rpt><Id>camt0528_ONLINEBA</Id><RptPgntn><PgNb>1</PgNb><LastPgInd>true</LastPgInd></RptPgntn><CreDtTm>2025-07-31T12:12:57+02:00</CreDtTm><Acct><Id><IBAN>DE35230510300004619086</IBAN></Id><Ccy>EUR</Ccy><Svcr><FinInstnId><BICFI>NOLADE21SHO</BICFI><Nm>SPARKASSE SUEDHOLSTEIN</Nm><Othr><Id>DE 134796412</Id><Issr>UmsStId</Issr></Othr></FinInstnId></Svcr></Acct><Bal><Tp><CdOrPrtry><Cd>OPBD</Cd></CdOrPrtry></Tp><Amt Ccy="EUR">137095.90</Amt><CdtDbtInd>CRDT</CdtDbtInd><Dt><Dt>2025-07-30</Dt></Dt></Bal><Bal><Tp><CdOrPrtry><Cd>CLBD</Cd></CdOrPrtry></Tp><Amt Ccy="EUR">181358.43</Amt><CdtDbtInd>CRDT</CdtDbtInd><Dt><Dt>2025-07-31</Dt></Dt></Bal><Ntry><Amt Ccy="EUR">61.01</Amt><CdtDbtInd>DBIT</CdtDbtInd><Sts><Cd>BOOK</Cd></Sts><BookgDt><Dt>2025-07-31</Dt></BookgDt><ValDt><Dt>2025-07-31</Dt></ValDt><AcctSvcrRef>2025-07-31-00.09.04.874076</AcctSvcrRef><BkTxCd/><NtryDtls><TxDtls><Refs><EndToEndId>0007713000ZV0000096Z</EndToEndId><MndtId>WTG00000000000329644</MndtId><Prtry><Tp>FI-UMSATZ-ID</Tp><Ref>2025-07-31-00.09.04.874076</Ref></Prtry></Refs><Amt Ccy="EUR">61.01</Amt><BkTxCd><Domn><Cd>PMNT</Cd><Fmly><Cd>RDDT</Cd><SubFmlyCd>ESDD</SubFmlyCd></Fmly></Domn><Prtry><Cd>NDDT+105+9216+992</Cd><Issr>DK</Issr></Prtry></BkTxCd><RltdPties><Dbtr><Pty><Nm>Transact Gesellschaft fuer Software   Analyse mbH</Nm></Pty></Dbtr><DbtrAcct><Id><IBAN>DE35230510300004619086</IBAN></Id></DbtrAcct><Cdtr><Pty><Nm>wilhelm.tel GmbH</Nm><Id><PrvtId><Othr><Id>DE91ZZZ00000124528</Id></Othr></PrvtId></Id></Pty></Cdtr><CdtrAcct><Id><IBAN>DE40213522400179098488</IBAN></Id></CdtrAcct></RltdPties><RltdAgts><DbtrAgt><FinInstnId><BICFI>NOLADE21SHO</BICFI></FinInstnId></DbtrAgt><CdtrAgt><FinInstnId><BICFI>NOLADE21HOL</BICFI></FinInstnId></CdtrAgt></RltdAgts><RmtInf><Ustrd>KD. NR. 1327641 RE 2250930187 vom 17.07.25 EUR 61,0</Ustrd></RmtInf></TxDtls></NtryDtls><AddtlNtryInf>FOLGELASTSCHRIFT</AddtlNtryInf></Ntry><Ntry><Amt Ccy="EUR">55.60</Amt><CdtDbtInd>DBIT</CdtDbtInd><Sts><Cd>BOOK</Cd></Sts><BookgDt><Dt>2025-07-31</Dt></BookgDt><ValDt><Dt>2025-07-31</Dt></ValDt><AcctSvcrRef>2025-07-31-00.12.18.747188</AcctSvcrRef><BkTxCd/><NtryDtls><TxDtls><Refs><EndToEndId>AB425206-000496SZ052025000000011799</EndToEndId><MndtId>SZ050000000000000000000000000997795</MndtId><Prtry><Tp>FI-UMSATZ-ID</Tp><Ref>2025-07-31-00.12.18.747188</Ref></Prtry></Refs><Amt Ccy="EUR">55.60</Amt><BkTxCd><Domn><Cd>PMNT</Cd><Fmly><Cd>RDDT</Cd><SubFmlyCd>ESDD</SubFmlyCd></Fmly></Domn><Prtry><Cd>NDDT+105+9248+992</Cd><Issr>DK</Issr></Prtry></BkTxCd><RltdPties><Dbtr><Pty><Nm>Transact - Gesellschaft fuer Software + Analyse mbH                   Kleine Reichenstr. 1</Nm></Pty></Dbtr><DbtrAcct><Id><IBAN>DE35230510300004619086</IBAN></Id></DbtrAcct><Cdtr><Pty><Nm>Volkswagen Autovers. AG</Nm><Id><PrvtId><Othr><Id>DE03ZZZ00000662134</Id></Othr></PrvtId></Id></Pty></Cdtr><CdtrAcct><Id><IBAN>DE24700202700015146841</IBAN></Id></CdtrAcct><UltmtCdtr><Pty><Nm>Volkswagen Autovers. AG</Nm></Pty></UltmtCdtr></RltdPties><RltdAgts><DbtrAgt><FinInstnId><BICFI>NOLADE21SHO</BICFI></FinInstnId></DbtrAgt><CdtrAgt><FinInstnId><BICFI>HYVEDEMMXXX</BICFI></FinInstnId></CdtrAgt></RltdAgts><RmtInf><Ustrd>VWAV / VSNR VM1038726209 / HH-TA 2044 / Abrechnung vom 25.07.2025 bis 24.08.2025</Ustrd></RmtInf></TxDtls></NtryDtls><AddtlNtryInf>FOLGELASTSCHRIFT</AddtlNtryInf></Ntry><Ntry><Amt Ccy="EUR">5.95</Amt><CdtDbtInd>DBIT</CdtDbtInd><Sts><Cd>BOOK</Cd></Sts><BookgDt><Dt>2025-07-31</Dt></BookgDt><ValDt><Dt>2025-07-31</Dt></ValDt><AcctSvcrRef>2025-07-31-02.04.05.505485</AcctSvcrRef><BkTxCd/><NtryDtls><TxDtls><Refs><Prtry><Tp>FI-UMSATZ-ID</Tp><Ref>2025-07-31-02.04.05.505485</Ref></Prtry></Refs><Amt Ccy="EUR">5.95</Amt><BkTxCd><Domn><Cd>ACMT</Cd><Fmly><Cd>MDOP</Cd><SubFmlyCd>CHRG</SubFmlyCd></Fmly></Domn><Prtry><Cd>NCHG+808+7080+000</Cd><Issr>DK</Issr></Prtry></BkTxCd><RltdPties><DbtrAcct><Id><Othr><Id>0004619086</Id></Othr></Id></DbtrAcct><CdtrAcct><Id><Othr><Id>0000000000</Id></Othr></Id></CdtrAcct></RltdPties><RltdAgts><DbtrAgt><FinInstnId><Nm>SPK SUEDHOLSTEIN NEUMUENSTE</Nm><Othr><Id>23051030</Id></Othr></FinInstnId></DbtrAgt><CdtrAgt><FinInstnId><Nm>SPK SUEDHOLSTEIN NEUMUENSTE</Nm><Othr><Id>23051030</Id></Othr></FinInstnId></CdtrAgt></RltdAgts><RmtInf><Ustrd>Rechnung</Ustrd><Ustrd>EBICS-Freischaltung</Ustrd><Ustrd>Dauerrechnungsnummer:</Ustrd><Ustrd>20240426-SH041-00028855265</Ustrd><Ustrd>Einzelrechnungsnummer:</Ustrd><Ustrd>20250731-SH041-00033250591</Ustrd><Ustrd>01.07.2025 - 31.07.2025</Ustrd></RmtInf></TxDtls></NtryDtls><AddtlNtryInf>RECHNUNG</AddtlNtryInf></Ntry><Ntry><Amt Ccy="EUR">5.95</Amt><CdtDbtInd>DBIT</CdtDbtInd><Sts><Cd>BOOK</Cd></Sts><BookgDt><Dt>2025-07-31</Dt></BookgDt><ValDt><Dt>2025-07-31</Dt></ValDt><AcctSvcrRef>2025-07-31-07.05.13.221440</AcctSvcrRef><BkTxCd/><NtryDtls><TxDtls><Refs><Prtry><Tp>FI-UMSATZ-ID</Tp><Ref>2025-07-31-07.05.13.221440</Ref></Prtry></Refs><Amt Ccy="EUR">5.95</Amt><BkTxCd><Domn><Cd>ACMT</Cd><Fmly><Cd>MDOP</Cd><SubFmlyCd>CHRG</SubFmlyCd></Fmly></Domn><Prtry><Cd>NCHG+808+7080+000</Cd><Issr>DK</Issr></Prtry></BkTxCd><RltdPties><DbtrAcct><Id><Othr><Id>0004619086</Id></Othr></Id></DbtrAcct><CdtrAcct><Id><Othr><Id>0000000000</Id></Othr></Id></CdtrAcct></RltdPties><RltdAgts><DbtrAgt><FinInstnId><Nm>SPK SUEDHOLSTEIN NEUMUENSTE</Nm><Othr><Id>23051030</Id></Othr></FinInstnId></DbtrAgt><CdtrAgt><FinInstnId><Nm>SPK SUEDHOLSTEIN NEUMUENSTE</Nm><Othr><Id>23051030</Id></Othr></FinInstnId></CdtrAgt></RltdAgts><RmtInf><Ustrd>Rechnung</Ustrd><Ustrd>Firmenkundenportal</Ustrd><Ustrd>20250731-SH041-00033258379</Ustrd><Ustrd>siehe Anlage</Ustrd><Ustrd>Rechnung</Ustrd><Ustrd>Information zur Rechnung</Ustrd><Ustrd>Rechnungsdatum:  31.07.2025</Ustrd><Ustrd>Rechnungsnummer: 20250731-SH041-00033258379</Ustrd><Ustrd>Firmenkundenportal</Ustrd><Ustrd>     1x Entgelt                                          5,00 EUR</Ustrd><Ustrd>     Zugang Firmenkundenportal</Ustrd><Ustrd>     vom 31.07.2025</Ustrd><Ustrd>Bemessungsgrundlage Umsatzsteuer                                   5,00 EUR</Ustrd><Ustrd>Umsatzsteuer 19%                                                   0,95 EUR</Ustrd><Ustrd>Rechnungsbetrag                                                    5,95 EUR</Ustrd></RmtInf></TxDtls></NtryDtls><AddtlNtryInf>RECHNUNG</AddtlNtryInf></Ntry><Ntry><Amt Ccy="EUR">3870.48</Amt><CdtDbtInd>CRDT</CdtDbtInd><Sts><Cd>BOOK</Cd></Sts><BookgDt><Dt>2025-07-31</Dt></BookgDt><ValDt><Dt>2025-07-31</Dt></ValDt><AcctSvcrRef>2025-07-31-08.29.53.409121</AcctSvcrRef><BkTxCd/><NtryDtls><TxDtls><Refs><EndToEndId>0071011251</EndToEndId><Prtry><Tp>FI-UMSATZ-ID</Tp><Ref>2025-07-31-08.29.53.409121</Ref></Prtry></Refs><Amt Ccy="EUR">3870.48</Amt><BkTxCd><Domn><Cd>PMNT</Cd><Fmly><Cd>RCDT</Cd><SubFmlyCd>ESCT</SubFmlyCd></Fmly></Domn><Prtry><Cd>NTRF+166+9209+000</Cd><Issr>DK</Issr></Prtry></BkTxCd><RltdPties><Dbtr><Pty><Nm>Gesundheit Nordhessen Holding AG                                      Kassel</Nm></Pty></Dbtr><DbtrAcct><Id><IBAN>DE38520503530002137816</IBAN></Id></DbtrAcct><UltmtDbtr><Pty><Nm>Gesundheit Nordhessen AG</Nm></Pty></UltmtDbtr><Cdtr><Pty><Nm>Transact GmbH                                                         Kleine Reichenstrasse 1</Nm></Pty></Cdtr><CdtrAcct><Id><IBAN>DE35230510300004619086</IBAN></Id></CdtrAcct></RltdPties><RltdAgts><DbtrAgt><FinInstnId><BICFI>HELADEF1KAS</BICFI></FinInstnId></DbtrAgt><CdtrAgt><FinInstnId><BICFI>NOLADE21SHO</BICFI></FinInstnId></CdtrAgt></RltdAgts><RmtInf><Ustrd>/INV/RA202500434 23.6.2025</Ustrd></RmtInf></TxDtls></NtryDtls><AddtlNtryInf>GUTSCHRIFT ÜBERWEISUNG</AddtlNtryInf></Ntry><Ntry><Amt Ccy="EUR">6373.16</Amt><CdtDbtInd>CRDT</CdtDbtInd><Sts><Cd>BOOK</Cd></Sts><BookgDt><Dt>2025-07-31</Dt></BookgDt><ValDt><Dt>2025-07-31</Dt></ValDt><AcctSvcrRef>2025-07-31-10.11.50.319871</AcctSvcrRef><BkTxCd/><NtryDtls><TxDtls><Refs><EndToEndId>22</EndToEndId><Prtry><Tp>FI-UMSATZ-ID</Tp><Ref>2025-07-31-10.11.50.319871</Ref></Prtry></Refs><Amt Ccy="EUR">6373.16</Amt><BkTxCd><Domn><Cd>PMNT</Cd><Fmly><Cd>RCDT</Cd><SubFmlyCd>ESCT</SubFmlyCd></Fmly></Domn><Prtry><Cd>NTRF+166+9249+000</Cd><Issr>DK</Issr></Prtry></BkTxCd><RltdPties><Dbtr><Pty><Nm>DRK Schwesternschaft Berlin Gemeinnutzige Krh. GmbH</Nm></Pty></Dbtr><DbtrAcct><Id><IBAN>DE76370205000003140400</IBAN></Id></DbtrAcct><Cdtr><Pty><Nm>Transact GmbH</Nm></Pty></Cdtr><CdtrAcct><Id><IBAN>DE35230510300004619086</IBAN></Id></CdtrAcct></RltdPties><RltdAgts><DbtrAgt><FinInstnId><BICFI>BFSWDE33</BICFI></FinInstnId></DbtrAgt><CdtrAgt><FinInstnId><BICFI>NOLADE21SHO</BICFI></FinInstnId></CdtrAgt></RltdAgts><RmtInf><Ustrd>17.07.2025 6373.16 RA202500507 985</Ustrd></RmtInf></TxDtls></NtryDtls><AddtlNtryInf>GUTSCHRIFT ÜBERWEISUNG</AddtlNtryInf></Ntry><Ntry><Amt Ccy="EUR">803.25</Amt><CdtDbtInd>CRDT</CdtDbtInd><Sts><Cd>BOOK</Cd></Sts><BookgDt><Dt>2025-07-31</Dt></BookgDt><ValDt><Dt>2025-07-31</Dt></ValDt><AcctSvcrRef>2025-07-31-12.12.48.701347</AcctSvcrRef><BkTxCd/><NtryDtls><TxDtls><Refs><EndToEndId>ZA00063423</EndToEndId><Prtry><Tp>FI-UMSATZ-ID</Tp><Ref>2025-07-31-12.12.48.701347</Ref></Prtry></Refs><Amt Ccy="EUR">803.25</Amt><BkTxCd><Domn><Cd>PMNT</Cd><Fmly><Cd>RCDT</Cd><SubFmlyCd>ESCT</SubFmlyCd></Fmly></Domn><Prtry><Cd>NTRF+166+9243+000</Cd><Issr>DK</Issr></Prtry></BkTxCd><RltdPties><Dbtr><Pty><Nm>Gemeinsames Kommunalunternehmen Wertachkliniken Bobingen und Schwabmün</Nm></Pty></Dbtr><DbtrAcct><Id><IBAN>DE37731500000000009308</IBAN></Id></DbtrAcct><UltmtDbtr><Pty><Nm>WERTACHKLINIK SCHWABMUENCHEN</Nm></Pty></UltmtDbtr><Cdtr><Pty><Nm>TRANSACT GMBH</Nm></Pty></Cdtr><CdtrAcct><Id><IBAN>DE35230510300004619086</IBAN></Id></CdtrAcct></RltdPties><RltdAgts><DbtrAgt><FinInstnId><BICFI>BYLADEM1MLM</BICFI></FinInstnId></DbtrAgt><CdtrAgt><FinInstnId><BICFI>NOLADE21SHO</BICFI></FinInstnId></CdtrAgt></RltdAgts><RmtInf><Ustrd>RE.NR.202500524</Ustrd></RmtInf></TxDtls></NtryDtls><AddtlNtryInf>GUTSCHRIFT ÜBERWEISUNG</AddtlNtryInf></Ntry><Ntry><Amt Ccy="EUR">333.59</Amt><CdtDbtInd>CRDT</CdtDbtInd><Sts><Cd>BOOK</Cd></Sts><BookgDt><Dt>2025-07-31</Dt></BookgDt><ValDt><Dt>2025-07-31</Dt></ValDt><AcctSvcrRef>2025-07-31-12.12.54.486753</AcctSvcrRef><BkTxCd/><NtryDtls><TxDtls><Refs><EndToEndId>KD78899705 12</EndToEndId><Prtry><Tp>FI-UMSATZ-ID</Tp><Ref>2025-07-31-12.12.54.486753</Ref></Prtry></Refs><Amt Ccy="EUR">333.59</Amt><BkTxCd><Domn><Cd>PMNT</Cd><Fmly><Cd>RCDT</Cd><SubFmlyCd>ESCT</SubFmlyCd></Fmly></Domn><Prtry><Cd>NTRF+166+9249+000</Cd><Issr>DK</Issr></Prtry></BkTxCd><RltdPties><Dbtr><Pty><Nm>ZED gGmbH</Nm></Pty></Dbtr><DbtrAcct><Id><IBAN>DE26430700610620291500</IBAN></Id></DbtrAcct><Cdtr><Pty><Nm>Transact GmbH</Nm></Pty></Cdtr><CdtrAcct><Id><IBAN>DE35230510300004619086</IBAN></Id></CdtrAcct></RltdPties><RltdAgts><DbtrAgt><FinInstnId><BICFI>DEUTDEDE430</BICFI></FinInstnId></DbtrAgt><CdtrAgt><FinInstnId><BICFI>NOLADE21SHO</BICFI></FinInstnId></CdtrAgt></RltdAgts><RmtInf><Ustrd>08.07.2025 333.59 RA202500472</Ustrd></RmtInf></TxDtls></NtryDtls><AddtlNtryInf>GUTSCHRIFT ÜBERWEISUNG</AddtlNtryInf></Ntry><Ntry><Amt Ccy="EUR">33010.56</Amt><CdtDbtInd>CRDT</CdtDbtInd><Sts><Cd>BOOK</Cd></Sts><BookgDt><Dt>2025-07-31</Dt></BookgDt><ValDt><Dt>2025-07-31</Dt></ValDt><AcctSvcrRef>2025-07-31-12.12.54.488743</AcctSvcrRef><BkTxCd/><NtryDtls><TxDtls><Refs><EndToEndId>3201252000028934</EndToEndId><Prtry><Tp>FI-UMSATZ-ID</Tp><Ref>2025-07-31-12.12.54.488743</Ref></Prtry></Refs><Amt Ccy="EUR">33010.56</Amt><BkTxCd><Domn><Cd>PMNT</Cd><Fmly><Cd>RCDT</Cd><SubFmlyCd>ESCT</SubFmlyCd></Fmly></Domn><Prtry><Cd>NTRF+166+9249+000</Cd><Issr>DK</Issr></Prtry></BkTxCd><RltdPties><Dbtr><Pty><Nm>ACCENTURE DIENSTLEISTUNGEN GMBH                                       CAMPUS KRONBERG 1 DE KRONBERG IM TAUNUS HE 61476</Nm></Pty></Dbtr><DbtrAcct><Id><IBAN>DE23500109000017247014</IBAN></Id></DbtrAcct><Cdtr><Pty><Nm>TRANSACT GMBH                                                         KLEINE REICHENSTRASSE</Nm></Pty></Cdtr><CdtrAcct><Id><IBAN>DE35230510300004619086</IBAN></Id></CdtrAcct></RltdPties><RltdAgts><DbtrAgt><FinInstnId><BICFI>BOFADEFX</BICFI></FinInstnId></DbtrAgt><CdtrAgt><FinInstnId><BICFI>NOLADE21SHO</BICFI></FinInstnId></CdtrAgt></RltdAgts><RmtInf><Ustrd>RA202500466 2025-07-03</Ustrd></RmtInf></TxDtls></NtryDtls><AddtlNtryInf>GUTSCHRIFT ÜBERWEISUNG</AddtlNtryInf></Ntry></Rpt></BkToCstmrAcctRpt></Document>