<?xml version="1.0" encoding="UTF-8"?><Document xmlns="urn:iso:std:iso:20022:tech:xsd:camt.052.001.08" xmlns:xsi="http://www.w3.org/2001/XMLSchema-instance" xsi:schemaLocation="urn:iso:std:iso:20022:tech:xsd:camt.052.001.08 camt.052.001.08.xsd"><BkToCstmrAcctRpt><GrpHdr><MsgId>camt52_20250731121257__ONLINEBA</MsgId><CreDtTm>2025-07-31T12:12:57+02:00</CreDtTm></GrpHdr><Rpt><Id>camt0528_ONLINEBA</Id><RptPgntn><PgNb>1</PgNb><LastPgInd>true</LastPgInd></RptPgntn><CreDtTm>2025-07-31T12:12:57+02:00</CreDtTm><Acct><Id><IBAN>DE35230510300004619086</IBAN></Id><Ccy>EUR</Ccy><Svcr><FinInstnId><BICFI>NOLADE21SHO</BICFI><Nm>SPARKASSE SUEDHOLSTEIN</Nm><Othr><Id>DE 134796412</Id><Issr>UmsStId</Issr></Othr></FinInstnId></Svcr></Acct><Bal><Tp><CdOrPrtry><Cd>OPBD</Cd></CdOrPrtry></Tp><Amt Ccy="EUR">210630.34</Amt><CdtDbtInd>CRDT</CdtDbtInd><Dt><Dt>2025-07-23</Dt></Dt></Bal><Bal><Tp><CdOrPrtry><Cd>CLBD</Cd></CdOrPrtry></Tp><Amt Ccy="EUR">240198.16</Amt><CdtDbtInd>CRDT</CdtDbtInd><Dt><Dt>2025-07-24</Dt></Dt></Bal><Ntry><Amt Ccy="EUR">2301.58</Amt><CdtDbtInd>CRDT</CdtDbtInd><Sts><Cd>BOOK</Cd></Sts><BookgDt><Dt>2025-07-24</Dt></BookgDt><ValDt><Dt>2025-07-24</Dt></ValDt><AcctSvcrRef>2025-07-24-08.29.49.688543</AcctSvcrRef><BkTxCd/><NtryDtls><TxDtls><Refs><EndToEndId>0037066722</EndToEndId><Prtry><Tp>FI-UMSATZ-ID</Tp><Ref>2025-07-24-08.29.49.688543</Ref></Prtry></Refs><Amt Ccy="EUR">2301.58</Amt><BkTxCd><Domn><Cd>PMNT</Cd><Fmly><Cd>RCDT</Cd><SubFmlyCd>ESCT</SubFmlyCd></Fmly></Domn><Prtry><Cd>NTRF+166+9227+000</Cd><Issr>DK</Issr></Prtry></BkTxCd><RltdPties><Dbtr><Pty><Nm>Universitätsklinikum Heidelberg                                       69120 Heidelberg</Nm></Pty></Dbtr><DbtrAcct><Id><IBAN>DE15672500200000020982</IBAN></Id></DbtrAcct><UltmtDbtr><Pty><Nm>Univ.-Klinikum Heidelberg Finanzbuchhaltung</Nm></Pty></UltmtDbtr><Cdtr><Pty><Nm>TRANSACT-GESELLSCHAFT F.SOFTWARE                                      Rudolf-Klug-weg 3</Nm></Pty></Cdtr><CdtrAcct><Id><IBAN>DE35230510300004619086</IBAN></Id></CdtrAcct></RltdPties><RltdAgts><DbtrAgt><FinInstnId><BICFI>SOLADES1HDB</BICFI></FinInstnId></DbtrAgt><CdtrAgt><FinInstnId><BICFI>NOLADE21SHO</BICFI></FinInstnId></CdtrAgt></RltdAgts><RmtInf><Ustrd>ZA RA202500322ZA RA202500321ZA RA202500427</Ustrd></RmtInf></TxDtls></NtryDtls><AddtlNtryInf>GUTSCHRIFT ÜBERWEISUNG</AddtlNtryInf></Ntry><Ntry><Amt Ccy="EUR">3900.57</Amt><CdtDbtInd>CRDT</CdtDbtInd><Sts><Cd>BOOK</Cd></Sts><BookgDt><Dt>2025-07-24</Dt></BookgDt><ValDt><Dt>2025-07-24</Dt></ValDt><AcctSvcrRef>2025-07-24-13.06.06.280542</AcctSvcrRef><BkTxCd/><NtryDtls><TxDtls><Refs><EndToEndId>0000245347</EndToEndId><Prtry><Tp>FI-UMSATZ-ID</Tp><Ref>2025-07-24-13.06.06.280542</Ref></Prtry></Refs><Amt Ccy="EUR">3900.57</Amt><BkTxCd><Domn><Cd>PMNT</Cd><Fmly><Cd>RCDT</Cd><SubFmlyCd>ESCT</SubFmlyCd></Fmly></Domn><Prtry><Cd>NTRF+166+9249+000</Cd><Issr>DK</Issr></Prtry></BkTxCd><RltdPties><Dbtr><Pty><Nm>Vivantes Netzwerk fuer Gesundheit GmbH                                Aroser Allee 72 - 76</Nm></Pty></Dbtr><DbtrAcct><Id><IBAN>DE28300500000002000099</IBAN></Id></DbtrAcct><Cdtr><Pty><Nm>Transact-Gesellschaft f. Software                                     Lagerstrasse 17</Nm></Pty></Cdtr><CdtrAcct><Id><IBAN>DE35230510300004619086</IBAN></Id></CdtrAcct></RltdPties><RltdAgts><DbtrAgt><FinInstnId><BICFI>WELADEDDXXX</BICFI></FinInstnId></DbtrAgt><CdtrAgt><FinInstnId><BICFI>NOLADE21SHO</BICFI></FinInstnId></CdtrAgt></RltdAgts><RmtInf><Ustrd>/RA202500504 / 3.900,57</Ustrd></RmtInf></TxDtls></NtryDtls><AddtlNtryInf>GUTSCHRIFT ÜBERWEISUNG</AddtlNtryInf></Ntry><Ntry><Amt Ccy="EUR">17080.32</Amt><CdtDbtInd>CRDT</CdtDbtInd><Sts><Cd>BOOK</Cd></Sts><BookgDt><Dt>2025-07-24</Dt></BookgDt><ValDt><Dt>2025-07-24</Dt></ValDt><AcctSvcrRef>2025-07-24-14.14.27.236149</AcctSvcrRef><BkTxCd/><NtryDtls><TxDtls><Refs><EndToEndId>871</EndToEndId><Prtry><Tp>FI-UMSATZ-ID</Tp><Ref>2025-07-24-14.14.27.236149</Ref></Prtry></Refs><Amt Ccy="EUR">17080.32</Amt><BkTxCd><Domn><Cd>PMNT</Cd><Fmly><Cd>RCDT</Cd><SubFmlyCd>ESCT</SubFmlyCd></Fmly></Domn><Prtry><Cd>NTRF+166+9237+000</Cd><Issr>DK</Issr></Prtry></BkTxCd><RltdPties><Dbtr><Pty><Nm>Hufeland Klinikum GmbH</Nm></Pty></Dbtr><DbtrAcct><Id><IBAN>DE51820560600511002580</IBAN></Id></DbtrAcct><Cdtr><Pty><Nm>TRANSACT GMBH</Nm></Pty></Cdtr><CdtrAcct><Id><IBAN>DE35230510300004619086</IBAN></Id></CdtrAcct></RltdPties><RltdAgts><DbtrAgt><FinInstnId><BICFI>HELADEF1MUE</BICFI></FinInstnId></DbtrAgt><CdtrAgt><FinInstnId><BICFI>NOLADE21SHO</BICFI></FinInstnId></CdtrAgt></RltdAgts><RmtInf><Ustrd>RA 202500397 17080,32</Ustrd></RmtInf></TxDtls></NtryDtls><AddtlNtryInf>GUTSCHRIFT ÜBERWEISUNG</AddtlNtryInf></Ntry><Ntry><Amt Ccy="EUR">2070.60</Amt><CdtDbtInd>CRDT</CdtDbtInd><Sts><Cd>BOOK</Cd></Sts><BookgDt><Dt>2025-07-24</Dt></BookgDt><ValDt><Dt>2025-07-24</Dt></ValDt><AcctSvcrRef>2025-07-24-15.16.06.737057</AcctSvcrRef><BkTxCd/><NtryDtls><TxDtls><Refs><EndToEndId>8900011462</EndToEndId><Prtry><Tp>FI-UMSATZ-ID</Tp><Ref>2025-07-24-15.16.06.737057</Ref></Prtry></Refs><Amt Ccy="EUR">2070.60</Amt><BkTxCd><Domn><Cd>PMNT</Cd><Fmly><Cd>RCDT</Cd><SubFmlyCd>ESCT</SubFmlyCd></Fmly></Domn><Prtry><Cd>NTRF+166+9203+000</Cd><Issr>DK</Issr></Prtry></BkTxCd><RltdPties><Dbtr><Pty><Nm>Kliniken der Stadt Koeln gGmbH                                        51067 Koeln</Nm></Pty></Dbtr><DbtrAcct><Id><IBAN>DE73370501980020402954</IBAN></Id></DbtrAcct><Cdtr><Pty><Nm>Transact GmbH                                                         Kleine Reichenstr. 1</Nm></Pty></Cdtr><CdtrAcct><Id><IBAN>DE35230510300004619086</IBAN></Id></CdtrAcct></RltdPties><RltdAgts><DbtrAgt><FinInstnId><BICFI>COLSDE33XXX</BICFI></FinInstnId></DbtrAgt><CdtrAgt><FinInstnId><BICFI>NOLADE21SHO</BICFI></FinInstnId></CdtrAgt></RltdAgts><RmtInf><Ustrd>/R/202500394 6.6.2025/</Ustrd></RmtInf></TxDtls></NtryDtls><AddtlNtryInf>GUTSCHRIFT ÜBERWEISUNG</AddtlNtryInf></Ntry><Ntry><Amt Ccy="EUR">4214.75</Amt><CdtDbtInd>CRDT</CdtDbtInd><Sts><Cd>BOOK</Cd></Sts><BookgDt><Dt>2025-07-24</Dt></BookgDt><ValDt><Dt>2025-07-24</Dt></ValDt><AcctSvcrRef>2025-07-24-16.51.15.580267</AcctSvcrRef><BkTxCd/><NtryDtls><TxDtls><Refs><EndToEndId>0002372618</EndToEndId><Prtry><Tp>FI-UMSATZ-ID</Tp><Ref>2025-07-24-16.51.15.580267</Ref></Prtry></Refs><Amt Ccy="EUR">4214.75</Amt><BkTxCd><Domn><Cd>PMNT</Cd><Fmly><Cd>RCDT</Cd><SubFmlyCd>ESCT</SubFmlyCd></Fmly></Domn><Prtry><Cd>NTRF+166+9249+000</Cd><Issr>DK</Issr></Prtry></BkTxCd><RltdPties><Dbtr><Pty><Nm>Universitatsklinikum Wurzburg</Nm></Pty></Dbtr><DbtrAcct><Id><IBAN>DE44790900000000185086</IBAN></Id></DbtrAcct><Cdtr><Pty><Nm>Transact                                                              Kleine Reichenstrasse 1</Nm></Pty></Cdtr><CdtrAcct><Id><IBAN>DE35230510300004619086</IBAN></Id></CdtrAcct></RltdPties><RltdAgts><DbtrAgt><FinInstnId><BICFI>GENODEF1WU1</BICFI></FinInstnId></DbtrAgt><CdtrAgt><FinInstnId><BICFI>NOLADE21SHO</BICFI></FinInstnId></CdtrAgt></RltdAgts><RmtInf><Ustrd>ReNr: 202500448 26.6.2025588abzgl. Skonto</Ustrd></RmtInf></TxDtls></NtryDtls><AddtlNtryInf>GUTSCHRIFT ÜBERWEISUNG</AddtlNtryInf></Ntry></Rpt></BkToCstmrAcctRpt></Document>