<?xml version="1.0" encoding="UTF-8"?><Document xmlns="urn:iso:std:iso:20022:tech:xsd:camt.052.001.08" xmlns:xsi="http://www.w3.org/2001/XMLSchema-instance" xsi:schemaLocation="urn:iso:std:iso:20022:tech:xsd:camt.052.001.08 camt.052.001.08.xsd"><BkToCstmrAcctRpt><GrpHdr><MsgId>camt52_20250828115030__ONLINEBA</MsgId><CreDtTm>2025-08-28T11:50:30+02:00</CreDtTm></GrpHdr><Rpt><Id>camt0528_ONLINEBA</Id><RptPgntn><PgNb>1</PgNb><LastPgInd>true</LastPgInd></RptPgntn><CreDtTm>2025-08-28T11:50:30+02:00</CreDtTm><Acct><Id><IBAN>DE35230510300004619086</IBAN></Id><Ccy>EUR</Ccy><Svcr><FinInstnId><BICFI>NOLADE21SHO</BICFI><Nm>SPARKASSE SUEDHOLSTEIN</Nm><Othr><Id>DE 134796412</Id><Issr>UmsStId</Issr></Othr></FinInstnId></Svcr></Acct><Bal><Tp><CdOrPrtry><Cd>OPBD</Cd></CdOrPrtry></Tp><Amt Ccy="EUR">108898.51</Amt><CdtDbtInd>CRDT</CdtDbtInd><Dt><Dt>2025-08-25</Dt></Dt></Bal><Bal><Tp><CdOrPrtry><Cd>CLBD</Cd></CdOrPrtry></Tp><Amt Ccy="EUR">113516.48</Amt><CdtDbtInd>CRDT</CdtDbtInd><Dt><Dt>2025-08-26</Dt></Dt></Bal><Ntry><Amt Ccy="EUR">4016.25</Amt><CdtDbtInd>CRDT</CdtDbtInd><Sts><Cd>BOOK</Cd></Sts><BookgDt><Dt>2025-08-26</Dt></BookgDt><ValDt><Dt>2025-08-26</Dt></ValDt><AcctSvcrRef>2025-08-26-00.15.53.456628</AcctSvcrRef><BkTxCd/><NtryDtls><TxDtls><Refs><EndToEndId>0004530412</EndToEndId><Prtry><Tp>FI-UMSATZ-ID</Tp><Ref>2025-08-26-00.15.53.456628</Ref></Prtry></Refs><Amt Ccy="EUR">4016.25</Amt><BkTxCd><Domn><Cd>PMNT</Cd><Fmly><Cd>RCDT</Cd><SubFmlyCd>ESCT</SubFmlyCd></Fmly></Domn><Prtry><Cd>NTRF+166+9263+000</Cd><Issr>DK</Issr></Prtry></BkTxCd><RltdPties><Dbtr><Pty><Nm>Universitätsmedizin Greifswald Körperschaft des öffentlichen Rechts</Nm></Pty></Dbtr><DbtrAcct><Id><IBAN>DE32130000000013001534</IBAN></Id></DbtrAcct><Cdtr><Pty><Nm>Transact GmbH</Nm></Pty></Cdtr><CdtrAcct><Id><IBAN>DE35230510300004619086</IBAN></Id></CdtrAcct></RltdPties><RltdAgts><DbtrAgt><FinInstnId><BICFI>MARKDEF1130</BICFI></FinInstnId></DbtrAgt><CdtrAgt><FinInstnId><BICFI>NOLADE21SHO</BICFI></FinInstnId></CdtrAgt></RltdAgts><RmtInf><Ustrd>/R/202500456/4016,25</Ustrd></RmtInf></TxDtls></NtryDtls><AddtlNtryInf>GUTSCHRIFT ÜBERWEISUNG</AddtlNtryInf></Ntry><Ntry><Amt Ccy="EUR">601.72</Amt><CdtDbtInd>CRDT</CdtDbtInd><Sts><Cd>BOOK</Cd></Sts><BookgDt><Dt>2025-08-26</Dt></BookgDt><ValDt><Dt>2025-08-26</Dt></ValDt><AcctSvcrRef>2025-08-26-08.31.46.804551</AcctSvcrRef><BkTxCd/><NtryDtls><TxDtls><Refs><EndToEndId>0520023693</EndToEndId><Prtry><Tp>FI-UMSATZ-ID</Tp><Ref>2025-08-26-08.31.46.804551</Ref></Prtry></Refs><Amt Ccy="EUR">601.72</Amt><BkTxCd><Domn><Cd>PMNT</Cd><Fmly><Cd>RCDT</Cd><SubFmlyCd>ESCT</SubFmlyCd></Fmly></Domn><Prtry><Cd>NTRF+166+9217+000</Cd><Issr>DK</Issr></Prtry></BkTxCd><RltdPties><Dbtr><Pty><Nm>Städtisches Klinikum Braunschweig gGmbH                               38118 Braunschweig</Nm></Pty></Dbtr><DbtrAcct><Id><IBAN>DE23250500000000815159</IBAN></Id></DbtrAcct><UltmtDbtr><Pty><Nm>Staedtisches Klinikum Braunschweig</Nm></Pty></UltmtDbtr><Cdtr><Pty><Nm>Transact GmbH                                                         Rudolf-Klug-Weg 3</Nm></Pty></Cdtr><CdtrAcct><Id><IBAN>DE35230510300004619086</IBAN></Id></CdtrAcct></RltdPties><RltdAgts><DbtrAgt><FinInstnId><BICFI>NOLADE2HXXX</BICFI></FinInstnId></DbtrAgt><CdtrAgt><FinInstnId><BICFI>NOLADE21SHO</BICFI></FinInstnId></CdtrAgt></RltdAgts><RmtInf><Ustrd>/RA202500554/       601,72 /</Ustrd></RmtInf></TxDtls></NtryDtls><AddtlNtryInf>GUTSCHRIFT ÜBERWEISUNG</AddtlNtryInf></Ntry></Rpt></BkToCstmrAcctRpt></Document>