<?xml version="1.0" encoding="UTF-8"?><Document xmlns="urn:iso:std:iso:20022:tech:xsd:camt.052.001.08" xmlns:xsi="http://www.w3.org/2001/XMLSchema-instance" xsi:schemaLocation="urn:iso:std:iso:20022:tech:xsd:camt.052.001.08 camt.052.001.08.xsd"><BkToCstmrAcctRpt><GrpHdr><MsgId>camt52_20250812123515__ONLINEBA</MsgId><CreDtTm>2025-08-12T12:35:15+02:00</CreDtTm></GrpHdr><Rpt><Id>camt0528_ONLINEBA</Id><RptPgntn><PgNb>1</PgNb><LastPgInd>true</LastPgInd></RptPgntn><CreDtTm>2025-08-12T12:35:15+02:00</CreDtTm><Acct><Id><IBAN>DE35230510300004619086</IBAN></Id><Ccy>EUR</Ccy><Svcr><FinInstnId><BICFI>NOLADE21SHO</BICFI><Nm>SPARKASSE SUEDHOLSTEIN</Nm><Othr><Id>DE 134796412</Id><Issr>UmsStId</Issr></Othr></FinInstnId></Svcr></Acct><Bal><Tp><CdOrPrtry><Cd>OPBD</Cd></CdOrPrtry></Tp><Amt Ccy="EUR">193287.67</Amt><CdtDbtInd>CRDT</CdtDbtInd><Dt><Dt>2025-07-31</Dt></Dt></Bal><Bal><Tp><CdOrPrtry><Cd>CLBD</Cd></CdOrPrtry></Tp><Amt Ccy="EUR">202441.45</Amt><CdtDbtInd>CRDT</CdtDbtInd><Dt><Dt>2025-08-01</Dt></Dt></Bal><Ntry><Amt Ccy="EUR">130.17</Amt><CdtDbtInd>DBIT</CdtDbtInd><Sts><Cd>BOOK</Cd></Sts><BookgDt><Dt>2025-08-01</Dt></BookgDt><ValDt><Dt>2025-08-01</Dt></ValDt><AcctSvcrRef>2025-07-31-20.41.35.574479</AcctSvcrRef><BkTxCd/><NtryDtls><TxDtls><Refs><Prtry><Tp>FI-UMSATZ-ID</Tp><Ref>2025-07-31-20.41.35.574479</Ref></Prtry></Refs><Amt Ccy="EUR">130.17</Amt><BkTxCd><Domn><Cd>ACMT</Cd><Fmly><Cd>OPCL</Cd><SubFmlyCd>ACCC</SubFmlyCd></Fmly></Domn><Prtry><Cd>NMSC+805+6666+000</Cd><Issr>DK</Issr></Prtry></BkTxCd><RltdPties><DbtrAcct><Id><Othr><Id>0004619086</Id></Othr></Id></DbtrAcct><CdtrAcct><Id><Othr><Id>0000000000</Id></Othr></Id></CdtrAcct></RltdPties><RltdAgts><DbtrAgt><FinInstnId><Nm>SPK SUEDHOLSTEIN NEUMUENSTE</Nm><Othr><Id>23051030</Id></Othr></FinInstnId></DbtrAgt><CdtrAgt><FinInstnId><Nm>SPK SUEDHOLSTEIN NEUMUENSTE</Nm><Othr><Id>23051030</Id></Othr></FinInstnId></CdtrAgt></RltdAgts><RmtInf><Ustrd>Abrechnung 31.07.2025</Ustrd><Ustrd>siehe Anlage</Ustrd><Ustrd>Abrechnung 31.07.2025</Ustrd><Ustrd>Information zur Abrechnung</Ustrd><Ustrd>Kontostand am 31.07.2025                                      193.287,67 +</Ustrd><Ustrd>Abrechnungszeitraum vom 01.07.2025 bis 31.07.2025</Ustrd><Ustrd>Sollzinsen                                                           0,55-</Ustrd><Ustrd>16,6000 v.H. Kred-Zins  bis 01.07.2025</Ustrd><Ustrd>Kreditprovision                                                     52,04-</Ustrd><Ustrd>aus nicht in Anspruch genommenem Kredit</Ustrd><Ustrd> 1,2500 v.H. Kred-Prov  bis 30.07.2025</Ustrd><Ustrd>Entgelte vom 01.07.2025 bis 31.07.2025                              56,80-</Ustrd><Ustrd>Kontoführung                1 x   29,90               29,90-</Ustrd><Ustrd>Daueraufträge               1 x    0,20                0,20-</Ustrd><Ustrd>Lastschriften              40 x    0,20                8,00-</Ustrd><Ustrd>Überweisungen o.Beleg       1 x    0,10                0,10-</Ustrd><Ustrd>Überweisungen DATA</Ustrd><Ustrd> Geschäftsvorfälle         40 x    0,10                4,00-</Ustrd><Ustrd>Gutschrift Überweisung     73 x    0,20               14,60-</Ustrd><Ustrd>Abrechnung 31.07.2025 vor Steuer                                   109,39-</Ustrd><Ustrd>Umsatzsteuer  19%  auf         109,39-                 USt:         20,78-</Ustrd><Ustrd>Abrechnung 31.07.2025                                              130,17-</Ustrd><Ustrd>Kontostand/Rechnungsabschluss am 31.07.2025                   193.157,50 +</Ustrd><Ustrd>Rechnungsnummer: 20250731-SH041-00033385481</Ustrd></RmtInf></TxDtls></NtryDtls><AddtlNtryInf>ABSCHLUSS</AddtlNtryInf></Ntry><Ntry><Amt Ccy="EUR">568.00</Amt><CdtDbtInd>DBIT</CdtDbtInd><Sts><Cd>BOOK</Cd></Sts><BookgDt><Dt>2025-08-01</Dt></BookgDt><ValDt><Dt>2025-08-01</Dt></ValDt><AcctSvcrRef>2025-08-01-00.13.33.139568</AcctSvcrRef><BkTxCd/><NtryDtls><TxDtls><Refs><EndToEndId>042302833290</EndToEndId><MndtId>100000003592870</MndtId><Prtry><Tp>FI-UMSATZ-ID</Tp><Ref>2025-08-01-00.13.33.139568</Ref></Prtry></Refs><Amt Ccy="EUR">568.00</Amt><BkTxCd><Domn><Cd>PMNT</Cd><Fmly><Cd>RDDT</Cd><SubFmlyCd>ESDD</SubFmlyCd></Fmly></Domn><Prtry><Cd>NDDT+105+9202+992</Cd><Issr>DK</Issr></Prtry></BkTxCd><RltdPties><Dbtr><Pty><Nm>Transact - Gesellschaft fuer Software A nalyse mbH                    Kleine Reichenstr. 1</Nm></Pty></Dbtr><DbtrAcct><Id><IBAN>DE35230510300004619086</IBAN></Id></DbtrAcct><Cdtr><Pty><Nm>Gothaer Lebensversicherung Aktiengesellschaft                         Arnoldi-Platz 1</Nm><Id><PrvtId><Othr><Id>DE16ZZZ00000070200</Id></Othr></PrvtId></Id></Pty></Cdtr><CdtrAcct><Id><IBAN>DE12330500000000920009</IBAN></Id></CdtrAcct><UltmtCdtr><Pty><Nm>Gothaer Lebensvers.AG</Nm></Pty></UltmtCdtr></RltdPties><RltdAgts><DbtrAgt><FinInstnId><BICFI>NOLADE21SHO</BICFI></FinInstnId></DbtrAgt><CdtrAgt><FinInstnId><BICFI>WUPSDE33XXX</BICFI></FinInstnId></CdtrAgt></RltdAgts><RmtInf><Ustrd>Rentenversicherung/Vertrag 002635719T10</Ustrd></RmtInf></TxDtls></NtryDtls><AddtlNtryInf>FOLGELASTSCHRIFT</AddtlNtryInf></Ntry><Ntry><Amt Ccy="EUR">170.00</Amt><CdtDbtInd>DBIT</CdtDbtInd><Sts><Cd>BOOK</Cd></Sts><BookgDt><Dt>2025-08-01</Dt></BookgDt><ValDt><Dt>2025-08-01</Dt></ValDt><AcctSvcrRef>2025-08-01-00.16.02.711655</AcctSvcrRef><BkTxCd/><NtryDtls><TxDtls><Refs><EndToEndId>356007629519</EndToEndId><MndtId>MS0000013499670</MndtId><Prtry><Tp>FI-UMSATZ-ID</Tp><Ref>2025-08-01-00.16.02.711655</Ref></Prtry></Refs><Amt Ccy="EUR">170.00</Amt><BkTxCd><Domn><Cd>PMNT</Cd><Fmly><Cd>RDDT</Cd><SubFmlyCd>ESDD</SubFmlyCd></Fmly></Domn><Prtry><Cd>NDDT+105+9248+992</Cd><Issr>DK</Issr></Prtry></BkTxCd><RltdPties><Dbtr><Pty><Nm>Transact GmbH</Nm></Pty></Dbtr><DbtrAcct><Id><IBAN>DE35230510300004619086</IBAN></Id></DbtrAcct><Cdtr><Pty><Nm>Condor Lebensversicherungs-Aktiengesellschaft</Nm><Id><PrvtId><Othr><Id>DE6308300000090403</Id></Othr></PrvtId></Id></Pty></Cdtr><CdtrAcct><Id><IBAN>DE97500604000080145317</IBAN></Id></CdtrAcct></RltdPties><RltdAgts><DbtrAgt><FinInstnId><BICFI>NOLADE21SHO</BICFI></FinInstnId></DbtrAgt><CdtrAgt><FinInstnId><BICFI>GENODEFFXXX</BICFI></FinInstnId></CdtrAgt></RltdAgts><RmtInf><Ustrd>70901328226 Leben / Gaede, Meike Britta / 170.00 Folgeb. 01.08</Ustrd></RmtInf></TxDtls></NtryDtls><AddtlNtryInf>FOLGELASTSCHRIFT</AddtlNtryInf></Ntry><Ntry><Amt Ccy="EUR">67.07</Amt><CdtDbtInd>DBIT</CdtDbtInd><Sts><Cd>BOOK</Cd></Sts><BookgDt><Dt>2025-08-01</Dt></BookgDt><ValDt><Dt>2025-08-01</Dt></ValDt><AcctSvcrRef>2025-08-01-00.17.21.051078</AcctSvcrRef><BkTxCd/><NtryDtls><TxDtls><Refs><EndToEndId>335113762</EndToEndId><MndtId>239193478B00014</MndtId><Prtry><Tp>FI-UMSATZ-ID</Tp><Ref>2025-08-01-00.17.21.051078</Ref></Prtry></Refs><Amt Ccy="EUR">67.07</Amt><BkTxCd><Domn><Cd>PMNT</Cd><Fmly><Cd>RDDT</Cd><SubFmlyCd>ESDD</SubFmlyCd></Fmly></Domn><Prtry><Cd>NDDT+105+9248+992</Cd><Issr>DK</Issr></Prtry></BkTxCd><RltdPties><Dbtr><Pty><Nm>Transact Gesellschaft fuer                                            Kleine Reichenstr. 1</Nm></Pty></Dbtr><DbtrAcct><Id><IBAN>DE35230510300004619086</IBAN></Id></DbtrAcct><Cdtr><Pty><Nm>HANSEMERKUR VERS.</Nm><Id><PrvtId><Othr><Id>DE74ZZZ00000066149</Id></Othr></PrvtId></Id></Pty></Cdtr><CdtrAcct><Id><IBAN>DE24200300000000241414</IBAN></Id></CdtrAcct></RltdPties><RltdAgts><DbtrAgt><FinInstnId><BICFI>NOLADE21SHO</BICFI></FinInstnId></DbtrAgt><CdtrAgt><FinInstnId><BICFI>HYVEDEMM300</BICFI></FinInstnId></CdtrAgt></RltdAgts><RmtInf><Ustrd>239193478B00014 01.08.2025 Rentenversicherung</Ustrd></RmtInf></TxDtls></NtryDtls><AddtlNtryInf>FOLGELASTSCHRIFT</AddtlNtryInf></Ntry><Ntry><Amt Ccy="EUR">1103.06</Amt><CdtDbtInd>CRDT</CdtDbtInd><Sts><Cd>BOOK</Cd></Sts><BookgDt><Dt>2025-08-01</Dt></BookgDt><ValDt><Dt>2025-08-01</Dt></ValDt><AcctSvcrRef>2025-08-01-00.20.24.094178</AcctSvcrRef><BkTxCd/><NtryDtls><TxDtls><Refs><EndToEndId>0004188395</EndToEndId><Prtry><Tp>FI-UMSATZ-ID</Tp><Ref>2025-08-01-00.20.24.094178</Ref></Prtry></Refs><Amt Ccy="EUR">1103.06</Amt><BkTxCd><Domn><Cd>PMNT</Cd><Fmly><Cd>RCDT</Cd><SubFmlyCd>ESCT</SubFmlyCd></Fmly></Domn><Prtry><Cd>NTRF+166+9231+000</Cd><Issr>DK</Issr></Prtry></BkTxCd><RltdPties><Dbtr><Pty><Nm>Zentrum fuer Psychiatrie Calw                                         75365 Calw-Hirsau</Nm></Pty></Dbtr><DbtrAcct><Id><IBAN>DE94600501010004930523</IBAN></Id></DbtrAcct><Cdtr><Pty><Nm>Transact GmbH                                                         Rudolf-Klug-Weg 3</Nm></Pty></Cdtr><CdtrAcct><Id><IBAN>DE35230510300004619086</IBAN></Id></CdtrAcct></RltdPties><RltdAgts><DbtrAgt><FinInstnId><BICFI>SOLADEST600</BICFI></FinInstnId></DbtrAgt><CdtrAgt><FinInstnId><BICFI>NOLADE21SHO</BICFI></FinInstnId></CdtrAgt></RltdAgts><RmtInf><Ustrd>903/ReNr.RA 202500495/</Ustrd></RmtInf></TxDtls></NtryDtls><AddtlNtryInf>GUTSCHRIFT ÜBERWEISUNG</AddtlNtryInf></Ntry><Ntry><Amt Ccy="EUR">114.12</Amt><CdtDbtInd>DBIT</CdtDbtInd><Sts><Cd>BOOK</Cd></Sts><BookgDt><Dt>2025-08-01</Dt></BookgDt><ValDt><Dt>2025-08-01</Dt></ValDt><AcctSvcrRef>2025-08-01-00.20.43.240136</AcctSvcrRef><BkTxCd/><NtryDtls><TxDtls><Refs><EndToEndId>0-20250730-0259564-3</EndToEndId><MndtId>942197P-0521082</MndtId><Prtry><Tp>FI-UMSATZ-ID</Tp><Ref>2025-08-01-00.20.43.240136</Ref></Prtry></Refs><Amt Ccy="EUR">114.12</Amt><BkTxCd><Domn><Cd>PMNT</Cd><Fmly><Cd>RDDT</Cd><SubFmlyCd>ESDD</SubFmlyCd></Fmly></Domn><Prtry><Cd>NDDT+105+9248+992</Cd><Issr>DK</Issr></Prtry></BkTxCd><RltdPties><Dbtr><Pty><Nm>TRANSACT GMBH                                                         Kleine Reichenstr. 1</Nm></Pty></Dbtr><DbtrAcct><Id><IBAN>DE35230510300004619086</IBAN></Id></DbtrAcct><Cdtr><Pty><Nm>Canada Life Assuranc                                                  Siemensstr. 8</Nm><Id><PrvtId><Othr><Id>DE88ZZZ00000060465</Id></Othr></PrvtId></Id></Pty></Cdtr><CdtrAcct><Id><IBAN>DE76700202700015535845</IBAN></Id></CdtrAcct></RltdPties><RltdAgts><DbtrAgt><FinInstnId><BICFI>NOLADE21SHO</BICFI></FinInstnId></DbtrAgt><CdtrAgt><FinInstnId><BICFI>HYVEDEMMXXX</BICFI></FinInstnId></CdtrAgt></RltdAgts><RmtInf><Ustrd>0-20250730-0259564-3 Canada Life 6205233E Folgebeitrag 01.08.2025</Ustrd></RmtInf></TxDtls></NtryDtls><AddtlNtryInf>FOLGELASTSCHRIFT</AddtlNtryInf></Ntry><Ntry><Amt Ccy="EUR">54.83</Amt><CdtDbtInd>DBIT</CdtDbtInd><Sts><Cd>BOOK</Cd></Sts><BookgDt><Dt>2025-08-01</Dt></BookgDt><ValDt><Dt>2025-08-01</Dt></ValDt><AcctSvcrRef>2025-08-01-00.21.38.781112</AcctSvcrRef><BkTxCd/><NtryDtls><TxDtls><Refs><EndToEndId>003401858310</EndToEndId><MndtId>T00200011000000040638006</MndtId><Prtry><Tp>FI-UMSATZ-ID</Tp><Ref>2025-08-01-00.21.38.781112</Ref></Prtry></Refs><Amt Ccy="EUR">54.83</Amt><BkTxCd><Domn><Cd>PMNT</Cd><Fmly><Cd>RDDT</Cd><SubFmlyCd>ESDD</SubFmlyCd></Fmly></Domn><Prtry><Cd>NDDT+105+9248+992</Cd><Issr>DK</Issr></Prtry></BkTxCd><RltdPties><Dbtr><Pty><Nm>TRANSACT - GESELLSCHAFT FUeR SO                                       Kleine Reichenstr. 1</Nm></Pty></Dbtr><DbtrAcct><Id><IBAN>DE35230510300004619086</IBAN></Id></DbtrAcct><Cdtr><Pty><Nm>TG GmbH Co. OHG                                                       Georg-Brauchle-Ring 23-25</Nm><Id><PrvtId><Othr><Id>DE9700000000142462</Id></Othr></PrvtId></Id></Pty></Cdtr><CdtrAcct><Id><IBAN>DE11700400410225563606</IBAN></Id></CdtrAcct></RltdPties><RltdAgts><DbtrAgt><FinInstnId><BICFI>NOLADE21SHO</BICFI></FinInstnId></DbtrAgt><CdtrAgt><FinInstnId><BICFI>COBADEFF</BICFI></FinInstnId></CdtrAgt></RltdAgts><RmtInf><Ustrd>Telefonica sagt Danke Kd-Nr.:7040425409, Rg-Nr.:2000405691</Ustrd></RmtInf></TxDtls></NtryDtls><AddtlNtryInf>FOLGELASTSCHRIFT</AddtlNtryInf></Ntry><Ntry><Amt Ccy="EUR">78.63</Amt><CdtDbtInd>DBIT</CdtDbtInd><Sts><Cd>BOOK</Cd></Sts><BookgDt><Dt>2025-08-01</Dt></BookgDt><ValDt><Dt>2025-08-01</Dt></ValDt><AcctSvcrRef>2025-08-01-00.21.38.788534</AcctSvcrRef><BkTxCd/><NtryDtls><TxDtls><Refs><EndToEndId>003401858311</EndToEndId><MndtId>T00200011000000040645551</MndtId><Prtry><Tp>FI-UMSATZ-ID</Tp><Ref>2025-08-01-00.21.38.788534</Ref></Prtry></Refs><Amt Ccy="EUR">78.63</Amt><BkTxCd><Domn><Cd>PMNT</Cd><Fmly><Cd>RDDT</Cd><SubFmlyCd>ESDD</SubFmlyCd></Fmly></Domn><Prtry><Cd>NDDT+105+9248+992</Cd><Issr>DK</Issr></Prtry></BkTxCd><RltdPties><Dbtr><Pty><Nm>TRANSACT - GESELLSCHAFT FUeR SO                                       Kleine Reichenstr. 1</Nm></Pty></Dbtr><DbtrAcct><Id><IBAN>DE35230510300004619086</IBAN></Id></DbtrAcct><Cdtr><Pty><Nm>TG GmbH Co. OHG                                                       Georg-Brauchle-Ring 23-25</Nm><Id><PrvtId><Othr><Id>DE9700000000142462</Id></Othr></PrvtId></Id></Pty></Cdtr><CdtrAcct><Id><IBAN>DE11700400410225563606</IBAN></Id></CdtrAcct></RltdPties><RltdAgts><DbtrAgt><FinInstnId><BICFI>NOLADE21SHO</BICFI></FinInstnId></DbtrAgt><CdtrAgt><FinInstnId><BICFI>COBADEFF</BICFI></FinInstnId></CdtrAgt></RltdAgts><RmtInf><Ustrd>Telefonica sagt Danke Kd-Nr.:7040425409, Rg-Nr.:2000412783</Ustrd></RmtInf></TxDtls></NtryDtls><AddtlNtryInf>FOLGELASTSCHRIFT</AddtlNtryInf></Ntry><Ntry><Amt Ccy="EUR">102.26</Amt><CdtDbtInd>DBIT</CdtDbtInd><Sts><Cd>BOOK</Cd></Sts><BookgDt><Dt>2025-08-01</Dt></BookgDt><ValDt><Dt>2025-08-01</Dt></ValDt><AcctSvcrRef>2025-08-01-00.24.48.582705</AcctSvcrRef><BkTxCd/><NtryDtls><TxDtls><Refs><EndToEndId>2520512212775</EndToEndId><MndtId>0010024626420000122013001</MndtId><Prtry><Tp>FI-UMSATZ-ID</Tp><Ref>2025-08-01-00.24.48.582705</Ref></Prtry></Refs><Amt Ccy="EUR">102.26</Amt><BkTxCd><Domn><Cd>PMNT</Cd><Fmly><Cd>RDDT</Cd><SubFmlyCd>ESDD</SubFmlyCd></Fmly></Domn><Prtry><Cd>NDDT+105+9248+992</Cd><Issr>DK</Issr></Prtry></BkTxCd><RltdPties><Dbtr><Pty><Nm>TRANSACT GMBH</Nm></Pty></Dbtr><DbtrAcct><Id><IBAN>DE35230510300004619086</IBAN></Id></DbtrAcct><Cdtr><Pty><Nm>Nurnberger Lebensversicherung Aktiengesellschaft</Nm><Id><PrvtId><Othr><Id>DE96ZZZ00000022103</Id></Othr></PrvtId></Id></Pty></Cdtr><CdtrAcct><Id><IBAN>DE41760700120464189000</IBAN></Id></CdtrAcct></RltdPties><RltdAgts><DbtrAgt><FinInstnId><BICFI>NOLADE21SHO</BICFI></FinInstnId></DbtrAgt><CdtrAgt><FinInstnId><BICFI>DEUTDEMM760</BICFI></FinInstnId></CdtrAgt></RltdAgts><RmtInf><Ustrd>462642000012 NLV LEBENSVERS. / 01.08.2025 102,26</Ustrd></RmtInf></TxDtls></NtryDtls><AddtlNtryInf>FOLGELASTSCHRIFT</AddtlNtryInf></Ntry><Ntry><Amt Ccy="EUR">4177.15</Amt><CdtDbtInd>CRDT</CdtDbtInd><Sts><Cd>BOOK</Cd></Sts><BookgDt><Dt>2025-08-01</Dt></BookgDt><ValDt><Dt>2025-08-01</Dt></ValDt><AcctSvcrRef>2025-08-01-08.32.06.859562</AcctSvcrRef><BkTxCd/><NtryDtls><TxDtls><Refs><EndToEndId>95</EndToEndId><Prtry><Tp>FI-UMSATZ-ID</Tp><Ref>2025-08-01-08.32.06.859562</Ref></Prtry></Refs><Amt Ccy="EUR">4177.15</Amt><BkTxCd><Domn><Cd>PMNT</Cd><Fmly><Cd>RCDT</Cd><SubFmlyCd>ESCT</SubFmlyCd></Fmly></Domn><Prtry><Cd>NTRF+166+9227+000</Cd><Issr>DK</Issr></Prtry></BkTxCd><RltdPties><Dbtr><Pty><Nm>Psychiatrisches Zentrum</Nm></Pty></Dbtr><DbtrAcct><Id><IBAN>DE40672500200050007251</IBAN></Id></DbtrAcct><UltmtDbtr><Pty><Nm>Psychiatrisches Zentrum</Nm></Pty></UltmtDbtr><Cdtr><Pty><Nm>Transact Gesellschaft fuer Software</Nm></Pty></Cdtr><CdtrAcct><Id><IBAN>DE35230510300004619086</IBAN></Id></CdtrAcct></RltdPties><RltdAgts><DbtrAgt><FinInstnId><BICFI>SOLADES1HDB</BICFI></FinInstnId></DbtrAgt><CdtrAgt><FinInstnId><BICFI>NOLADE21SHO</BICFI></FinInstnId></CdtrAgt></RltdAgts><RmtInf><Ustrd>14.07.25 NR. 202500493</Ustrd></RmtInf></TxDtls></NtryDtls><AddtlNtryInf>GUTSCHRIFT ÜBERWEISUNG</AddtlNtryInf></Ntry><Ntry><Amt Ccy="EUR">2409.75</Amt><CdtDbtInd>CRDT</CdtDbtInd><Sts><Cd>BOOK</Cd></Sts><BookgDt><Dt>2025-08-01</Dt></BookgDt><ValDt><Dt>2025-08-01</Dt></ValDt><AcctSvcrRef>2025-08-01-08.32.41.134240</AcctSvcrRef><BkTxCd/><NtryDtls><TxDtls><Refs><EndToEndId>ZV25002827121</EndToEndId><Prtry><Tp>FI-UMSATZ-ID</Tp><Ref>2025-08-01-08.32.41.134240</Ref></Prtry></Refs><Amt Ccy="EUR">2409.75</Amt><BkTxCd><Domn><Cd>PMNT</Cd><Fmly><Cd>RCDT</Cd><SubFmlyCd>ESCT</SubFmlyCd></Fmly></Domn><Prtry><Cd>NTRF+166+9209+000</Cd><Issr>DK</Issr></Prtry></BkTxCd><RltdPties><Dbtr><Pty><Nm>HOCHTAUNUS-KLINIKEN GEMEINNUETZIGE GMBH</Nm></Pty></Dbtr><DbtrAcct><Id><IBAN>DE31512500000001019244</IBAN></Id></DbtrAcct><Cdtr><Pty><Nm>TRANSACT GMBH</Nm></Pty></Cdtr><CdtrAcct><Id><IBAN>DE35230510300004619086</IBAN></Id></CdtrAcct></RltdPties><RltdAgts><DbtrAgt><FinInstnId><BICFI>HELADEF1TSK</BICFI></FinInstnId></DbtrAgt><CdtrAgt><FinInstnId><BICFI>NOLADE21SHO</BICFI></FinInstnId></CdtrAgt></RltdAgts><RmtInf><Ustrd>RE.NR.RA202500523 KD.NR. 578</Ustrd></RmtInf></TxDtls></NtryDtls><AddtlNtryInf>GUTSCHRIFT ÜBERWEISUNG</AddtlNtryInf></Ntry><Ntry><Amt Ccy="EUR">2748.90</Amt><CdtDbtInd>CRDT</CdtDbtInd><Sts><Cd>BOOK</Cd></Sts><BookgDt><Dt>2025-08-01</Dt></BookgDt><ValDt><Dt>2025-08-01</Dt></ValDt><AcctSvcrRef>2025-08-01-15.24.00.676265</AcctSvcrRef><BkTxCd/><NtryDtls><TxDtls><Refs><EndToEndId>ZA00054319</EndToEndId><Prtry><Tp>FI-UMSATZ-ID</Tp><Ref>2025-08-01-15.24.00.676265</Ref></Prtry></Refs><Amt Ccy="EUR">2748.90</Amt><BkTxCd><Domn><Cd>PMNT</Cd><Fmly><Cd>RCDT</Cd><SubFmlyCd>ESCT</SubFmlyCd></Fmly></Domn><Prtry><Cd>NTRF+166+9249+000</Cd><Issr>DK</Issr></Prtry></BkTxCd><RltdPties><Dbtr><Pty><Nm>BG Kliniken - Klinikverbund der gesetzl. Unfallvers. gGmbH</Nm></Pty></Dbtr><DbtrAcct><Id><IBAN>DE35370205000001467500</IBAN></Id></DbtrAcct><Cdtr><Pty><Nm>TRANSACT GMBH</Nm></Pty></Cdtr><CdtrAcct><Id><IBAN>DE35230510300004619086</IBAN></Id></CdtrAcct></RltdPties><RltdAgts><DbtrAgt><FinInstnId><BICFI>BFSWDE33XXX</BICFI></FinInstnId></DbtrAgt><CdtrAgt><FinInstnId><BICFI>NOLADE21SHO</BICFI></FinInstnId></CdtrAgt></RltdAgts><RmtInf><Ustrd>RE.NR.202500511</Ustrd></RmtInf></TxDtls></NtryDtls><AddtlNtryInf>GUTSCHRIFT ÜBERWEISUNG</AddtlNtryInf></Ntry></Rpt></BkToCstmrAcctRpt></Document>