<?xml version="1.0" encoding="UTF-8"?><Document xmlns="urn:iso:std:iso:20022:tech:xsd:camt.052.001.08" xmlns:xsi="http://www.w3.org/2001/XMLSchema-instance" xsi:schemaLocation="urn:iso:std:iso:20022:tech:xsd:camt.052.001.08 camt.052.001.08.xsd"><BkToCstmrAcctRpt><GrpHdr><MsgId>camt52_20250812123515__ONLINEBA</MsgId><CreDtTm>2025-08-12T12:35:15+02:00</CreDtTm></GrpHdr><Rpt><Id>camt0528_ONLINEBA</Id><RptPgntn><PgNb>1</PgNb><LastPgInd>true</LastPgInd></RptPgntn><CreDtTm>2025-08-12T12:35:15+02:00</CreDtTm><Acct><Id><IBAN>DE35230510300004619086</IBAN></Id><Ccy>EUR</Ccy><Svcr><FinInstnId><BICFI>NOLADE21SHO</BICFI><Nm>SPARKASSE SUEDHOLSTEIN</Nm><Othr><Id>DE 134796412</Id><Issr>UmsStId</Issr></Othr></FinInstnId></Svcr></Acct><Bal><Tp><CdOrPrtry><Cd>OPBD</Cd></CdOrPrtry></Tp><Amt Ccy="EUR">109796.45</Amt><CdtDbtInd>CRDT</CdtDbtInd><Dt><Dt>2025-08-11</Dt></Dt></Bal><Bal><Tp><CdOrPrtry><Cd>CLBD</Cd></CdOrPrtry></Tp><Amt Ccy="EUR">109742.46</Amt><CdtDbtInd>CRDT</CdtDbtInd><Dt><Dt>2025-08-12</Dt></Dt></Bal><Ntry><Amt Ccy="EUR">53.99</Amt><CdtDbtInd>DBIT</CdtDbtInd><Sts><Cd>BOOK</Cd></Sts><BookgDt><Dt>2025-08-12</Dt></BookgDt><ValDt><Dt>2025-08-12</Dt></ValDt><AcctSvcrRef>2025-08-12-00.08.59.558492</AcctSvcrRef><BkTxCd/><NtryDtls><TxDtls><Refs><EndToEndId>11778202440</EndToEndId><MndtId>205280001</MndtId><Prtry><Tp>FI-UMSATZ-ID</Tp><Ref>2025-08-12-00.08.59.558492</Ref></Prtry></Refs><Amt Ccy="EUR">53.99</Amt><BkTxCd><Domn><Cd>PMNT</Cd><Fmly><Cd>RDDT</Cd><SubFmlyCd>ESDD</SubFmlyCd></Fmly></Domn><Prtry><Cd>NDDT+105+9248+992</Cd><Issr>DK</Issr></Prtry></BkTxCd><RltdPties><Dbtr><Pty><Nm>Transact - Gesellschaft fur Software U A nalyse mb</Nm></Pty></Dbtr><DbtrAcct><Id><IBAN>DE35230510300004619086</IBAN></Id></DbtrAcct><Cdtr><Pty><Nm>UNION TANK Eckstein GmbH + Co. KG</Nm><Id><PrvtId><Othr><Id>DE06UTA00000010046</Id></Othr></PrvtId></Id></Pty></Cdtr><CdtrAcct><Id><IBAN>DE46795200700001619888</IBAN></Id></CdtrAcct></RltdPties><RltdAgts><DbtrAgt><FinInstnId><BICFI>NOLADE21SHO</BICFI></FinInstnId></DbtrAgt><CdtrAgt><FinInstnId><BICFI>HYVEDEMM407</BICFI></FinInstnId></CdtrAgt></RltdAgts><RmtInf><Ustrd>205280 RG.NR 055418679 ZA 53,99</Ustrd></RmtInf></TxDtls></NtryDtls><AddtlNtryInf>FOLGELASTSCHRIFT</AddtlNtryInf></Ntry></Rpt></BkToCstmrAcctRpt></Document>