<?xml version="1.0" encoding="UTF-8"?><Document xmlns="urn:iso:std:iso:20022:tech:xsd:camt.052.001.08" xmlns:xsi="http://www.w3.org/2001/XMLSchema-instance" xsi:schemaLocation="urn:iso:std:iso:20022:tech:xsd:camt.052.001.08 camt.052.001.08.xsd"><BkToCstmrAcctRpt><GrpHdr><MsgId>camt52_20250812123515__ONLINEBA</MsgId><CreDtTm>2025-08-12T12:35:15+02:00</CreDtTm></GrpHdr><Rpt><Id>camt0528_ONLINEBA</Id><RptPgntn><PgNb>1</PgNb><LastPgInd>true</LastPgInd></RptPgntn><CreDtTm>2025-08-12T12:35:15+02:00</CreDtTm><Acct><Id><IBAN>DE35230510300004619086</IBAN></Id><Ccy>EUR</Ccy><Svcr><FinInstnId><BICFI>NOLADE21SHO</BICFI><Nm>SPARKASSE SUEDHOLSTEIN</Nm><Othr><Id>DE 134796412</Id><Issr>UmsStId</Issr></Othr></FinInstnId></Svcr></Acct><Bal><Tp><CdOrPrtry><Cd>OPBD</Cd></CdOrPrtry></Tp><Amt Ccy="EUR">150208.49</Amt><CdtDbtInd>CRDT</CdtDbtInd><Dt><Dt>2025-08-05</Dt></Dt></Bal><Bal><Tp><CdOrPrtry><Cd>CLBD</Cd></CdOrPrtry></Tp><Amt Ccy="EUR">129582.95</Amt><CdtDbtInd>CRDT</CdtDbtInd><Dt><Dt>2025-08-06</Dt></Dt></Bal><Ntry><Amt Ccy="EUR">110.20</Amt><CdtDbtInd>DBIT</CdtDbtInd><Sts><Cd>BOOK</Cd></Sts><BookgDt><Dt>2025-08-06</Dt></BookgDt><ValDt><Dt>2025-08-06</Dt></ValDt><AcctSvcrRef>2025-08-06-00.07.22.086993</AcctSvcrRef><BkTxCd/><NtryDtls><TxDtls><Refs><EndToEndId>ZAA0163267926</EndToEndId><MndtId>1060622505</MndtId><Prtry><Tp>FI-UMSATZ-ID</Tp><Ref>2025-08-06-00.07.22.086993</Ref></Prtry></Refs><Amt Ccy="EUR">110.20</Amt><BkTxCd><Domn><Cd>PMNT</Cd><Fmly><Cd>RDDT</Cd><SubFmlyCd>ESDD</SubFmlyCd></Fmly></Domn><Prtry><Cd>NDDT+105+9248+992</Cd><Issr>DK</Issr></Prtry></BkTxCd><RltdPties><Dbtr><Pty><Nm>TRANSACT-GESELLSCHAFT, FUER SOFT</Nm></Pty></Dbtr><DbtrAcct><Id><IBAN>DE35230510300004619086</IBAN></Id></DbtrAcct><Cdtr><Pty><Nm>LOGPAY FINANCIAL SERVICES GMBH                                        Schwalbacher Str. 72</Nm><Id><PrvtId><Othr><Id>DE90LPY00000046849</Id></Othr></PrvtId></Id></Pty></Cdtr><CdtrAcct><Id><IBAN>DE75500400000586784100</IBAN></Id></CdtrAcct></RltdPties><RltdAgts><DbtrAgt><FinInstnId><BICFI>NOLADE21SHO</BICFI></FinInstnId></DbtrAgt><CdtrAgt><FinInstnId><BICFI>COBADEFF</BICFI></FinInstnId></CdtrAgt></RltdAgts><RmtInf><Ustrd>-ABO S-Bahn Hamburg</Ustrd></RmtInf></TxDtls></NtryDtls><AddtlNtryInf>FOLGELASTSCHRIFT</AddtlNtryInf></Ntry><Ntry><Amt Ccy="EUR">415.92</Amt><CdtDbtInd>DBIT</CdtDbtInd><Sts><Cd>BOOK</Cd></Sts><BookgDt><Dt>2025-08-06</Dt></BookgDt><ValDt><Dt>2025-08-06</Dt></ValDt><AcctSvcrRef>2025-08-06-00.07.58.922893</AcctSvcrRef><BkTxCd/><NtryDtls><TxDtls><Refs><EndToEndId>PAY01516</EndToEndId><MndtId>63051515520912032025</MndtId><Prtry><Tp>FI-UMSATZ-ID</Tp><Ref>2025-08-06-00.07.58.922893</Ref></Prtry></Refs><Amt Ccy="EUR">415.92</Amt><BkTxCd><Domn><Cd>PMNT</Cd><Fmly><Cd>RDDT</Cd><SubFmlyCd>ESDD</SubFmlyCd></Fmly></Domn><Prtry><Cd>NDDT+105+9208+992</Cd><Issr>DK</Issr></Prtry></BkTxCd><RltdPties><Dbtr><Pty><Nm>Transact - Gesellschaft fur Software &amp; Analyse mbH</Nm></Pty></Dbtr><DbtrAcct><Id><IBAN>DE35230510300004619086</IBAN></Id></DbtrAcct><Cdtr><Pty><Nm>NETZLABORANTEN GMBH</Nm><Id><PrvtId><Othr><Id>DE80ZZZ00001436748</Id></Othr></PrvtId></Id></Pty></Cdtr><CdtrAcct><Id><IBAN>DE59513500250205039995</IBAN></Id></CdtrAcct></RltdPties><RltdAgts><DbtrAgt><FinInstnId><BICFI>NOLADE21SHO</BICFI></FinInstnId></DbtrAgt><CdtrAgt><FinInstnId><BICFI>SKGIDE5FXXX</BICFI></FinInstnId></CdtrAgt></RltdAgts><RmtInf><Ustrd>RE/2025/03222</Ustrd></RmtInf></TxDtls></NtryDtls><AddtlNtryInf>FOLGELASTSCHRIFT</AddtlNtryInf></Ntry><Ntry><Amt Ccy="EUR">1735.69</Amt><CdtDbtInd>DBIT</CdtDbtInd><Sts><Cd>BOOK</Cd></Sts><BookgDt><Dt>2025-08-06</Dt></BookgDt><ValDt><Dt>2025-08-06</Dt></ValDt><AcctSvcrRef>2025-08-06-00.09.32.517776</AcctSvcrRef><BkTxCd/><NtryDtls><TxDtls><Refs><EndToEndId>EIICABC30DF679E4934AF05115966BE0A86</EndToEndId><MndtId>KD-22680-20240131</MndtId><Prtry><Tp>FI-UMSATZ-ID</Tp><Ref>2025-08-06-00.09.32.517776</Ref></Prtry></Refs><Amt Ccy="EUR">1735.69</Amt><BkTxCd><Domn><Cd>PMNT</Cd><Fmly><Cd>RDDT</Cd><SubFmlyCd>ESDD</SubFmlyCd></Fmly></Domn><Prtry><Cd>NDDT+105+9236+992</Cd><Issr>DK</Issr></Prtry></BkTxCd><RltdPties><Dbtr><Pty><Nm>TRANSACT GMBH</Nm></Pty></Dbtr><DbtrAcct><Id><IBAN>DE35230510300004619086</IBAN></Id></DbtrAcct><Cdtr><Pty><Nm>INKASSO 24 AG</Nm><Id><PrvtId><Othr><Id>DE34ZZZ00000074629</Id></Othr></PrvtId></Id></Pty></Cdtr><CdtrAcct><Id><IBAN>DE05870500003552004628</IBAN></Id></CdtrAcct></RltdPties><RltdAgts><DbtrAgt><FinInstnId><BICFI>NOLADE21SHO</BICFI></FinInstnId></DbtrAgt><CdtrAgt><FinInstnId><BICFI>CHEKDE81XXX</BICFI></FinInstnId></CdtrAgt></RltdAgts><RmtInf><Ustrd>ABRECHNUNG ZUM 31.07.2025 ABR.-NR. A2025/006773 RG.-NR. R2025/000353</Ustrd></RmtInf></TxDtls></NtryDtls><AddtlNtryInf>FOLGELASTSCHRIFT</AddtlNtryInf></Ntry><Ntry><Amt Ccy="EUR">2284.80</Amt><CdtDbtInd>CRDT</CdtDbtInd><Sts><Cd>BOOK</Cd></Sts><BookgDt><Dt>2025-08-06</Dt></BookgDt><ValDt><Dt>2025-08-06</Dt></ValDt><AcctSvcrRef>2025-08-06-07.56.05.273488</AcctSvcrRef><BkTxCd/><NtryDtls><TxDtls><Refs><EndToEndId>Kd-Nr. 1485</EndToEndId><Prtry><Tp>FI-UMSATZ-ID</Tp><Ref>2025-08-06-07.56.05.273488</Ref></Prtry></Refs><Amt Ccy="EUR">2284.80</Amt><BkTxCd><Domn><Cd>PMNT</Cd><Fmly><Cd>RCDT</Cd><SubFmlyCd>ESCT</SubFmlyCd></Fmly></Domn><Prtry><Cd>NTRF+166+9249+000</Cd><Issr>DK</Issr></Prtry></BkTxCd><RltdPties><Dbtr><Pty><Nm>BKK ProVita</Nm></Pty></Dbtr><DbtrAcct><Id><IBAN>DE55753200750348661957</IBAN></Id></DbtrAcct><Cdtr><Pty><Nm>TRANSACT GMBH</Nm></Pty></Cdtr><CdtrAcct><Id><IBAN>DE35230510300004619086</IBAN></Id></CdtrAcct></RltdPties><RltdAgts><DbtrAgt><FinInstnId><BICFI>HYVEDEMM454</BICFI></FinInstnId></DbtrAgt><CdtrAgt><FinInstnId><BICFI>NOLADE21SHO</BICFI></FinInstnId></CdtrAgt></RltdAgts><RmtInf><Ustrd>RE RA 202500515</Ustrd></RmtInf></TxDtls></NtryDtls><AddtlNtryInf>GUTSCHRIFT ÜBERWEISUNG</AddtlNtryInf></Ntry><Ntry><Amt Ccy="EUR">1343.32</Amt><CdtDbtInd>CRDT</CdtDbtInd><Sts><Cd>BOOK</Cd></Sts><BookgDt><Dt>2025-08-06</Dt></BookgDt><ValDt><Dt>2025-08-06</Dt></ValDt><AcctSvcrRef>2025-08-06-10.07.17.205993</AcctSvcrRef><BkTxCd/><NtryDtls><TxDtls><Refs><EndToEndId>ZA00199573</EndToEndId><Prtry><Tp>FI-UMSATZ-ID</Tp><Ref>2025-08-06-10.07.17.205993</Ref></Prtry></Refs><Amt Ccy="EUR">1343.32</Amt><BkTxCd><Domn><Cd>PMNT</Cd><Fmly><Cd>RCDT</Cd><SubFmlyCd>ESCT</SubFmlyCd></Fmly></Domn><Prtry><Cd>NTRF+166+9249+000</Cd><Issr>DK</Issr></Prtry></BkTxCd><RltdPties><Dbtr><Pty><Nm>BG Kliniken Ludwigshafen und Tubingen gGmbH</Nm></Pty></Dbtr><DbtrAcct><Id><IBAN>DE25603913100566555042</IBAN></Id></DbtrAcct><Cdtr><Pty><Nm>TRANSACT GMBH</Nm></Pty></Cdtr><CdtrAcct><Id><IBAN>DE35230510300004619086</IBAN></Id></CdtrAcct></RltdPties><RltdAgts><DbtrAgt><FinInstnId><BICFI>GENODES1VBH</BICFI></FinInstnId></DbtrAgt><CdtrAgt><FinInstnId><BICFI>NOLADE21SHO</BICFI></FinInstnId></CdtrAgt></RltdAgts><RmtInf><Ustrd>RE.NR.202500517 KD.NR. 1132</Ustrd></RmtInf></TxDtls></NtryDtls><AddtlNtryInf>GUTSCHRIFT ÜBERWEISUNG</AddtlNtryInf></Ntry><Ntry><Amt Ccy="EUR">21991.85</Amt><CdtDbtInd>DBIT</CdtDbtInd><Sts><Cd>BOOK</Cd></Sts><BookgDt><Dt>2025-08-06</Dt></BookgDt><ValDt><Dt>2025-08-06</Dt></ValDt><AcctSvcrRef>2025-08-06-15.30.28.669819</AcctSvcrRef><BkTxCd/><NtryDtls><TxDtls><Refs><PmtInfId>68116f-1229467437-15214753-20250806</PmtInfId><Prtry><Tp>FI-UMSATZ-ID</Tp><Ref>2025-08-06-15.30.28.669819</Ref></Prtry></Refs><Amt Ccy="EUR">21991.85</Amt><BkTxCd><Domn><Cd>PMNT</Cd><Fmly><Cd>ICDT</Cd><SubFmlyCd>ESCT</SubFmlyCd></Fmly></Domn><Prtry><Cd>NTRF+191+9301+997</Cd><Issr>DK</Issr></Prtry></BkTxCd><RltdPties><Dbtr><Pty><Nm>Transact-Gesellschaft für Software &amp; Analyse GmbH</Nm></Pty></Dbtr><DbtrAcct><Id><IBAN>DE35230510300004619086</IBAN></Id></DbtrAcct><UltmtDbtr><Pty><Nm>FIRMA TRANSACT-GESELLSCHAFT</Nm></Pty></UltmtDbtr><CdtrAcct><Id><Othr><Id>0000000000</Id></Othr></Id></CdtrAcct></RltdPties><RltdAgts><DbtrAgt><FinInstnId><BICFI>NOLADE21SHO</BICFI></FinInstnId></DbtrAgt><CdtrAgt><FinInstnId><Othr><Id>00000000</Id></Othr></FinInstnId></CdtrAgt></RltdAgts><RmtInf><Ustrd>ANZAHL        1</Ustrd></RmtInf></TxDtls></NtryDtls><AddtlNtryInf>SAMMELÜBERWEISUNG</AddtlNtryInf></Ntry></Rpt></BkToCstmrAcctRpt></Document>