<?xml version="1.0" encoding="UTF-8"?><Document xmlns="urn:iso:std:iso:20022:tech:xsd:camt.052.001.08" xmlns:xsi="http://www.w3.org/2001/XMLSchema-instance" xsi:schemaLocation="urn:iso:std:iso:20022:tech:xsd:camt.052.001.08 camt.052.001.08.xsd"><BkToCstmrAcctRpt><GrpHdr><MsgId>camt52_20250730121910__ONLINEBA</MsgId><CreDtTm>2025-07-30T12:19:10+02:00</CreDtTm></GrpHdr><Rpt><Id>camt0528_ONLINEBA</Id><RptPgntn><PgNb>1</PgNb><LastPgInd>true</LastPgInd></RptPgntn><CreDtTm>2025-07-30T12:19:10+02:00</CreDtTm><Acct><Id><IBAN>DE35230510300004619086</IBAN></Id><Ccy>EUR</Ccy><Svcr><FinInstnId><BICFI>NOLADE21SHO</BICFI><Nm>SPARKASSE SUEDHOLSTEIN</Nm><Othr><Id>DE 134796412</Id><Issr>UmsStId</Issr></Othr></FinInstnId></Svcr></Acct><Bal><Tp><CdOrPrtry><Cd>OPBD</Cd></CdOrPrtry></Tp><Amt Ccy="EUR">111760.73</Amt><CdtDbtInd>CRDT</CdtDbtInd><Dt><Dt>2025-07-29</Dt></Dt></Bal><Bal><Tp><CdOrPrtry><Cd>CLBD</Cd></CdOrPrtry></Tp><Amt Ccy="EUR">113327.05</Amt><CdtDbtInd>CRDT</CdtDbtInd><Dt><Dt>2025-07-30</Dt></Dt></Bal><Ntry><Amt Ccy="EUR">1566.32</Amt><CdtDbtInd>CRDT</CdtDbtInd><Sts><Cd>BOOK</Cd></Sts><BookgDt><Dt>2025-07-30</Dt></BookgDt><ValDt><Dt>2025-07-30</Dt></ValDt><AcctSvcrRef>2025-07-30-09.15.24.859742</AcctSvcrRef><BkTxCd/><NtryDtls><TxDtls><Refs><EndToEndId>6007869222</EndToEndId><Prtry><Tp>FI-UMSATZ-ID</Tp><Ref>2025-07-30-09.15.24.859742</Ref></Prtry></Refs><Amt Ccy="EUR">1566.32</Amt><BkTxCd><Domn><Cd>PMNT</Cd><Fmly><Cd>RCDT</Cd><SubFmlyCd>ESCT</SubFmlyCd></Fmly></Domn><Prtry><Cd>NTRF+166+9249+000</Cd><Issr>DK</Issr></Prtry></BkTxCd><RltdPties><Dbtr><Pty><Nm>Techniker Krankenkasse</Nm></Pty></Dbtr><DbtrAcct><Id><IBAN>DE76200400000221061507</IBAN></Id></DbtrAcct><Cdtr><Pty><Nm>TransAct Software GmbH</Nm></Pty></Cdtr><CdtrAcct><Id><IBAN>DE35230510300004619086</IBAN></Id></CdtrAcct></RltdPties><RltdAgts><DbtrAgt><FinInstnId><BICFI>COBADEHH</BICFI></FinInstnId></DbtrAgt><CdtrAgt><FinInstnId><BICFI>NOLADE21SHO</BICFI></FinInstnId></CdtrAgt></RltdAgts><RmtInf><Ustrd>TK-Beleg 260725,ABHQM,564 BNR: 15213435 B5640003757 Guthaben 07/2025</Ustrd></RmtInf></TxDtls></NtryDtls><AddtlNtryInf>GUTSCHRIFT ÜBERWEISUNG</AddtlNtryInf></Ntry></Rpt></BkToCstmrAcctRpt></Document>