<?xml version="1.0" encoding="UTF-8"?><Document xmlns="urn:iso:std:iso:20022:tech:xsd:camt.052.001.08" xmlns:xsi="http://www.w3.org/2001/XMLSchema-instance" xsi:schemaLocation="urn:iso:std:iso:20022:tech:xsd:camt.052.001.08 camt.052.001.08.xsd"><BkToCstmrAcctRpt><GrpHdr><MsgId>camt52_20250730121910__ONLINEBA</MsgId><CreDtTm>2025-07-30T12:19:10+02:00</CreDtTm></GrpHdr><Rpt><Id>camt0528_ONLINEBA</Id><RptPgntn><PgNb>1</PgNb><LastPgInd>true</LastPgInd></RptPgntn><CreDtTm>2025-07-30T12:19:10+02:00</CreDtTm><Acct><Id><IBAN>DE35230510300004619086</IBAN></Id><Ccy>EUR</Ccy><Svcr><FinInstnId><BICFI>NOLADE21SHO</BICFI><Nm>SPARKASSE SUEDHOLSTEIN</Nm><Othr><Id>DE 134796412</Id><Issr>UmsStId</Issr></Othr></FinInstnId></Svcr></Acct><Bal><Tp><CdOrPrtry><Cd>OPBD</Cd></CdOrPrtry></Tp><Amt Ccy="EUR">149973.41</Amt><CdtDbtInd>CRDT</CdtDbtInd><Dt><Dt>2025-07-28</Dt></Dt></Bal><Bal><Tp><CdOrPrtry><Cd>CLBD</Cd></CdOrPrtry></Tp><Amt Ccy="EUR">111760.73</Amt><CdtDbtInd>CRDT</CdtDbtInd><Dt><Dt>2025-07-29</Dt></Dt></Bal><Ntry><Amt Ccy="EUR">3024.02</Amt><CdtDbtInd>DBIT</CdtDbtInd><Sts><Cd>BOOK</Cd></Sts><BookgDt><Dt>2025-07-29</Dt></BookgDt><ValDt><Dt>2025-07-29</Dt></ValDt><AcctSvcrRef>2025-07-29-00.05.50.733819</AcctSvcrRef><BkTxCd/><NtryDtls><TxDtls><Refs><EndToEndId>2005397403 OB-15213435</EndToEndId><MndtId>2000882554000001</MndtId><Prtry><Tp>FI-UMSATZ-ID</Tp><Ref>2025-07-29-00.05.50.733819</Ref></Prtry></Refs><Amt Ccy="EUR">3024.02</Amt><BkTxCd><Domn><Cd>PMNT</Cd><Fmly><Cd>RDDT</Cd><SubFmlyCd>ESDD</SubFmlyCd></Fmly></Domn><Prtry><Cd>NDDT+105+9248+992</Cd><Issr>DK</Issr></Prtry></BkTxCd><RltdPties><Dbtr><Pty><Nm>TRANSACT-GESELLSCHAFT FUER SOFTWARE ANALYSE MBH</Nm></Pty></Dbtr><DbtrAcct><Id><IBAN>DE35230510300004619086</IBAN></Id></DbtrAcct><Cdtr><Pty><Nm>AOK Rheinland/Hamburg</Nm><Id><PrvtId><Othr><Id>DE05ZZZ00000018503</Id></Othr></PrvtId></Id></Pty></Cdtr><CdtrAcct><Id><IBAN>DE80300500000004066718</IBAN></Id></CdtrAcct><UltmtCdtr><Pty><Nm>AOK Rheinland/Hamburg - Die Gesundheitskasse</Nm></Pty></UltmtCdtr></RltdPties><RltdAgts><DbtrAgt><FinInstnId><BICFI>NOLADE21SHO</BICFI></FinInstnId></DbtrAgt><CdtrAgt><FinInstnId><BICFI>WELADEDDXXX</BICFI></FinInstnId></CdtrAgt></RltdAgts><RmtInf><Ustrd>2005397403 OB-15213435 EUR 3.024,02. BEITRAG 0725 - 0725</Ustrd></RmtInf></TxDtls></NtryDtls><AddtlNtryInf>FOLGELASTSCHRIFT</AddtlNtryInf></Ntry><Ntry><Amt Ccy="EUR">194.99</Amt><CdtDbtInd>DBIT</CdtDbtInd><Sts><Cd>BOOK</Cd></Sts><BookgDt><Dt>2025-07-29</Dt></BookgDt><ValDt><Dt>2025-07-29</Dt></ValDt><AcctSvcrRef>2025-07-29-00.05.50.751792</AcctSvcrRef><BkTxCd/><NtryDtls><TxDtls><Refs><EndToEndId>6008298835 OB-15213435</EndToEndId><MndtId>4600732646000001</MndtId><Prtry><Tp>FI-UMSATZ-ID</Tp><Ref>2025-07-29-00.05.50.751792</Ref></Prtry></Refs><Amt Ccy="EUR">194.99</Amt><BkTxCd><Domn><Cd>PMNT</Cd><Fmly><Cd>RDDT</Cd><SubFmlyCd>ESDD</SubFmlyCd></Fmly></Domn><Prtry><Cd>NDDT+105+9248+992</Cd><Issr>DK</Issr></Prtry></BkTxCd><RltdPties><Dbtr><Pty><Nm>TRANSACT-GESELLSCHAFT FUER SOFTWARE ANALYSE MBH</Nm></Pty></Dbtr><DbtrAcct><Id><IBAN>DE35230510300004619086</IBAN></Id></DbtrAcct><Cdtr><Pty><Nm>Knappschaft-Bahn-See</Nm><Id><PrvtId><Othr><Id>DE81KBS00000034886</Id></Othr></PrvtId></Id></Pty></Cdtr><CdtrAcct><Id><IBAN>DE24300500000001050541</IBAN></Id></CdtrAcct><UltmtCdtr><Pty><Nm>Deutsche Rentenversicherung Knappschaft-Bahn-See</Nm></Pty></UltmtCdtr></RltdPties><RltdAgts><DbtrAgt><FinInstnId><BICFI>NOLADE21SHO</BICFI></FinInstnId></DbtrAgt><CdtrAgt><FinInstnId><BICFI>WELADEDDXXX</BICFI></FinInstnId></CdtrAgt></RltdAgts><RmtInf><Ustrd>6008298835 OB-15213435 EINZUG BEITRAG</Ustrd></RmtInf></TxDtls></NtryDtls><AddtlNtryInf>FOLGELASTSCHRIFT</AddtlNtryInf></Ntry><Ntry><Amt Ccy="EUR">2356.89</Amt><CdtDbtInd>DBIT</CdtDbtInd><Sts><Cd>BOOK</Cd></Sts><BookgDt><Dt>2025-07-29</Dt></BookgDt><ValDt><Dt>2025-07-29</Dt></ValDt><AcctSvcrRef>2025-07-29-00.06.27.497079</AcctSvcrRef><BkTxCd/><NtryDtls><TxDtls><Refs><EndToEndId>000013628</EndToEndId><MndtId>0100322382-0202-1</MndtId><Prtry><Tp>FI-UMSATZ-ID</Tp><Ref>2025-07-29-00.06.27.497079</Ref></Prtry></Refs><Amt Ccy="EUR">2356.89</Amt><BkTxCd><Domn><Cd>PMNT</Cd><Fmly><Cd>RDDT</Cd><SubFmlyCd>ESDD</SubFmlyCd></Fmly></Domn><Prtry><Cd>NDDT+105+9248+992</Cd><Issr>DK</Issr></Prtry></BkTxCd><RltdPties><Dbtr><Pty><Nm>TRANSACT-GESELLSCHAFT FUER</Nm></Pty></Dbtr><DbtrAcct><Id><IBAN>DE35230510300004619086</IBAN></Id></DbtrAcct><Cdtr><Pty><Nm>KKH HAUPTVERW., HANNOVER                                              Karl-Wiechert-Allee 61</Nm><Id><PrvtId><Othr><Id>DE58KKH00000263929</Id></Othr></PrvtId></Id></Pty></Cdtr><CdtrAcct><Id><IBAN>DE52250400660313958108</IBAN></Id></CdtrAcct></RltdPties><RltdAgts><DbtrAgt><FinInstnId><BICFI>NOLADE21SHO</BICFI></FinInstnId></DbtrAgt><CdtrAgt><FinInstnId><BICFI>COBADEFF</BICFI></FinInstnId></CdtrAgt></RltdAgts><RmtInf><Ustrd>BEITRAG 07/25 FUER 15213435 TRANSACT GMBH SOZIALVERSICHERUNGSBEITRAG KKH 2.356,89 EUR Mandat 0100322382-0202-1</Ustrd></RmtInf></TxDtls></NtryDtls><AddtlNtryInf>FOLGELASTSCHRIFT</AddtlNtryInf></Ntry><Ntry><Amt Ccy="EUR">6115.39</Amt><CdtDbtInd>DBIT</CdtDbtInd><Sts><Cd>BOOK</Cd></Sts><BookgDt><Dt>2025-07-29</Dt></BookgDt><ValDt><Dt>2025-07-29</Dt></ValDt><AcctSvcrRef>2025-07-29-00.07.11.133563</AcctSvcrRef><BkTxCd/><NtryDtls><TxDtls><Refs><EndToEndId>9800502991 OB-15213435</EndToEndId><MndtId>4207622573000001</MndtId><Prtry><Tp>FI-UMSATZ-ID</Tp><Ref>2025-07-29-00.07.11.133563</Ref></Prtry></Refs><Amt Ccy="EUR">6115.39</Amt><BkTxCd><Domn><Cd>PMNT</Cd><Fmly><Cd>RDDT</Cd><SubFmlyCd>ESDD</SubFmlyCd></Fmly></Domn><Prtry><Cd>NDDT+105+9216+992</Cd><Issr>DK</Issr></Prtry></BkTxCd><RltdPties><Dbtr><Pty><Nm>TRANSACT-GESELLSCHAFT FUER SOFTWARE   ANALYSE MBH</Nm></Pty></Dbtr><DbtrAcct><Id><IBAN>DE35230510300004619086</IBAN></Id></DbtrAcct><Cdtr><Pty><Nm>AOK NORDWEST Die Gesundheitskasse</Nm><Id><PrvtId><Othr><Id>DE56AOK00000058422</Id></Othr></PrvtId></Id></Pty></Cdtr><CdtrAcct><Id><IBAN>DE49210501701400235600</IBAN></Id></CdtrAcct><UltmtCdtr><Pty><Nm>AOK NORDWEST</Nm></Pty></UltmtCdtr></RltdPties><RltdAgts><DbtrAgt><FinInstnId><BICFI>NOLADE21SHO</BICFI></FinInstnId></DbtrAgt><CdtrAgt><FinInstnId><BICFI>NOLADE21KIE</BICFI></FinInstnId></CdtrAgt></RltdAgts><RmtInf><Ustrd>9800502991 OB-15213435 EUR 6.115,39. BEITRAG 0725 - 0725</Ustrd></RmtInf></TxDtls></NtryDtls><AddtlNtryInf>FOLGELASTSCHRIFT</AddtlNtryInf></Ntry><Ntry><Amt Ccy="EUR">3002.32</Amt><CdtDbtInd>DBIT</CdtDbtInd><Sts><Cd>BOOK</Cd></Sts><BookgDt><Dt>2025-07-29</Dt></BookgDt><ValDt><Dt>2025-07-29</Dt></ValDt><AcctSvcrRef>2025-07-29-00.08.05.057489</AcctSvcrRef><BkTxCd/><NtryDtls><TxDtls><Refs><EndToEndId>2610010112509500</EndToEndId><MndtId>101106832-1</MndtId><Prtry><Tp>FI-UMSATZ-ID</Tp><Ref>2025-07-29-00.08.05.057489</Ref></Prtry></Refs><Amt Ccy="EUR">3002.32</Amt><BkTxCd><Domn><Cd>PMNT</Cd><Fmly><Cd>RDDT</Cd><SubFmlyCd>ESDD</SubFmlyCd></Fmly></Domn><Prtry><Cd>NDDT+105+9248+992</Cd><Issr>DK</Issr></Prtry></BkTxCd><RltdPties><Dbtr><Pty><Nm>Nitschke, Guido</Nm></Pty></Dbtr><DbtrAcct><Id><IBAN>DE35230510300004619086</IBAN></Id></DbtrAcct><Cdtr><Pty><Nm>Novitas BKK</Nm><Id><PrvtId><Othr><Id>DE28ZZZ00000092100</Id></Othr></PrvtId></Id></Pty></Cdtr><CdtrAcct><Id><IBAN>DE27200800000370380000</IBAN></Id></CdtrAcct></RltdPties><RltdAgts><DbtrAgt><FinInstnId><BICFI>NOLADE21SHO</BICFI></FinInstnId></DbtrAgt><CdtrAgt><FinInstnId><BICFI>DRESDEFF200</BICFI></FinInstnId></CdtrAgt></RltdAgts><RmtInf><Ustrd>Beitraege 01.07.2025 - 31.07.2025 15213435 3002.32</Ustrd></RmtInf></TxDtls></NtryDtls><AddtlNtryInf>FOLGELASTSCHRIFT</AddtlNtryInf></Ntry><Ntry><Amt Ccy="EUR">2406.60</Amt><CdtDbtInd>DBIT</CdtDbtInd><Sts><Cd>BOOK</Cd></Sts><BookgDt><Dt>2025-07-29</Dt></BookgDt><ValDt><Dt>2025-07-29</Dt></ValDt><AcctSvcrRef>2025-07-29-00.08.05.066155</AcctSvcrRef><BkTxCd/><NtryDtls><TxDtls><Refs><EndToEndId>0501164607 OB-15213435</EndToEndId><MndtId>7200389849000001</MndtId><Prtry><Tp>FI-UMSATZ-ID</Tp><Ref>2025-07-29-00.08.05.066155</Ref></Prtry></Refs><Amt Ccy="EUR">2406.60</Amt><BkTxCd><Domn><Cd>PMNT</Cd><Fmly><Cd>RDDT</Cd><SubFmlyCd>ESDD</SubFmlyCd></Fmly></Domn><Prtry><Cd>NDDT+105+9248+992</Cd><Issr>DK</Issr></Prtry></BkTxCd><RltdPties><Dbtr><Pty><Nm>TRANSACT-GESELLSCHAFT FUER</Nm></Pty></Dbtr><DbtrAcct><Id><IBAN>DE35230510300004619086</IBAN></Id></DbtrAcct><Cdtr><Pty><Nm>Mobil Krankenkasse</Nm><Id><PrvtId><Othr><Id>DE86ZZZ00001158056</Id></Othr></PrvtId></Id></Pty></Cdtr><CdtrAcct><Id><IBAN>DE21200400000638715300</IBAN></Id></CdtrAcct></RltdPties><RltdAgts><DbtrAgt><FinInstnId><BICFI>NOLADE21SHO</BICFI></FinInstnId></DbtrAgt><CdtrAgt><FinInstnId><BICFI>COBADEHH</BICFI></FinInstnId></CdtrAgt></RltdAgts><RmtInf><Ustrd>0501164607 OB-15213435 7200389849000001 BEITRAG 0725 - 0725</Ustrd></RmtInf></TxDtls></NtryDtls><AddtlNtryInf>FOLGELASTSCHRIFT</AddtlNtryInf></Ntry><Ntry><Amt Ccy="EUR">10495.63</Amt><CdtDbtInd>DBIT</CdtDbtInd><Sts><Cd>BOOK</Cd></Sts><BookgDt><Dt>2025-07-29</Dt></BookgDt><ValDt><Dt>2025-07-29</Dt></ValDt><AcctSvcrRef>2025-07-29-00.08.21.532929</AcctSvcrRef><BkTxCd/><NtryDtls><TxDtls><Refs><EndToEndId>C8904253200 OB-15213435</EndToEndId><MndtId>0115832110000001</MndtId><Prtry><Tp>FI-UMSATZ-ID</Tp><Ref>2025-07-29-00.08.21.532929</Ref></Prtry></Refs><Amt Ccy="EUR">10495.63</Amt><BkTxCd><Domn><Cd>PMNT</Cd><Fmly><Cd>RDDT</Cd><SubFmlyCd>ESDD</SubFmlyCd></Fmly></Domn><Prtry><Cd>NDDT+105+9248+992</Cd><Issr>DK</Issr></Prtry></BkTxCd><RltdPties><Dbtr><Pty><Nm>TRANSACT GMBH</Nm></Pty></Dbtr><DbtrAcct><Id><IBAN>DE35230510300004619086</IBAN></Id></DbtrAcct><Cdtr><Pty><Nm>BARMER</Nm><Id><PrvtId><Othr><Id>DE91ZZZ00000008807</Id></Othr></PrvtId></Id></Pty></Cdtr><CdtrAcct><Id><IBAN>DE67300500000004000410</IBAN></Id></CdtrAcct><UltmtCdtr><Pty><Nm>Barmer Ersatzkasse</Nm></Pty></UltmtCdtr></RltdPties><RltdAgts><DbtrAgt><FinInstnId><BICFI>NOLADE21SHO</BICFI></FinInstnId></DbtrAgt><CdtrAgt><FinInstnId><BICFI>WELADEDDXXX</BICFI></FinInstnId></CdtrAgt></RltdAgts><RmtInf><Ustrd>EUR 10495,63 SCHAETZ. 0725-0725 BNR 15213435</Ustrd></RmtInf></TxDtls></NtryDtls><AddtlNtryInf>FOLGELASTSCHRIFT</AddtlNtryInf></Ntry><Ntry><Amt Ccy="EUR">1573.77</Amt><CdtDbtInd>DBIT</CdtDbtInd><Sts><Cd>BOOK</Cd></Sts><BookgDt><Dt>2025-07-29</Dt></BookgDt><ValDt><Dt>2025-07-29</Dt></ValDt><AcctSvcrRef>2025-07-29-00.09.37.813787</AcctSvcrRef><BkTxCd/><NtryDtls><TxDtls><Refs><EndToEndId>2610002590934476</EndToEndId><MndtId>020532384526-1</MndtId><Prtry><Tp>FI-UMSATZ-ID</Tp><Ref>2025-07-29-00.09.37.813787</Ref></Prtry></Refs><Amt Ccy="EUR">1573.77</Amt><BkTxCd><Domn><Cd>PMNT</Cd><Fmly><Cd>RDDT</Cd><SubFmlyCd>ESDD</SubFmlyCd></Fmly></Domn><Prtry><Cd>NDDT+105+9200+992</Cd><Issr>DK</Issr></Prtry></BkTxCd><RltdPties><Dbtr><Pty><Nm>Transact GmbH</Nm></Pty></Dbtr><DbtrAcct><Id><IBAN>DE35230510300004619086</IBAN></Id></DbtrAcct><Cdtr><Pty><Nm>IKK Suedwest</Nm><Id><PrvtId><Othr><Id>DE45IKK00000178415</Id></Othr></PrvtId></Id></Pty></Cdtr><CdtrAcct><Id><IBAN>DE32590500000031513583</IBAN></Id></CdtrAcct></RltdPties><RltdAgts><DbtrAgt><FinInstnId><BICFI>NOLADE21SHO</BICFI></FinInstnId></DbtrAgt><CdtrAgt><FinInstnId><BICFI>SALADE55XXX</BICFI></FinInstnId></CdtrAgt></RltdAgts><RmtInf><Ustrd>Beitraege 01.07.2025 - 31.07.2025 15213435 1573.77</Ustrd></RmtInf></TxDtls></NtryDtls><AddtlNtryInf>FOLGELASTSCHRIFT</AddtlNtryInf></Ntry><Ntry><Amt Ccy="EUR">1588.40</Amt><CdtDbtInd>DBIT</CdtDbtInd><Sts><Cd>BOOK</Cd></Sts><BookgDt><Dt>2025-07-29</Dt></BookgDt><ValDt><Dt>2025-07-29</Dt></ValDt><AcctSvcrRef>2025-07-29-00.10.47.998901</AcctSvcrRef><BkTxCd/><NtryDtls><TxDtls><Refs><EndToEndId>2610020433254505</EndToEndId><MndtId>02051608241-1</MndtId><Prtry><Tp>FI-UMSATZ-ID</Tp><Ref>2025-07-29-00.10.47.998901</Ref></Prtry></Refs><Amt Ccy="EUR">1588.40</Amt><BkTxCd><Domn><Cd>PMNT</Cd><Fmly><Cd>RDDT</Cd><SubFmlyCd>ESDD</SubFmlyCd></Fmly></Domn><Prtry><Cd>NDDT+105+9230+992</Cd><Issr>DK</Issr></Prtry></BkTxCd><RltdPties><Dbtr><Pty><Nm>Transact GmbH</Nm></Pty></Dbtr><DbtrAcct><Id><IBAN>DE35230510300004619086</IBAN></Id></DbtrAcct><Cdtr><Pty><Nm>IKK classic</Nm><Id><PrvtId><Othr><Id>DE21ZZZ00000017342</Id></Othr></PrvtId></Id></Pty></Cdtr><CdtrAcct><Id><IBAN>DE61600501017461505611</IBAN></Id></CdtrAcct></RltdPties><RltdAgts><DbtrAgt><FinInstnId><BICFI>NOLADE21SHO</BICFI></FinInstnId></DbtrAgt><CdtrAgt><FinInstnId><BICFI>SOLADEST600</BICFI></FinInstnId></CdtrAgt></RltdAgts><RmtInf><Ustrd>Beitraege 01.07.2025 - 31.07.2025 15213435 1588.40</Ustrd></RmtInf></TxDtls></NtryDtls><AddtlNtryInf>FOLGELASTSCHRIFT</AddtlNtryInf></Ntry><Ntry><Amt Ccy="EUR">8622.24</Amt><CdtDbtInd>DBIT</CdtDbtInd><Sts><Cd>BOOK</Cd></Sts><BookgDt><Dt>2025-07-29</Dt></BookgDt><ValDt><Dt>2025-07-29</Dt></ValDt><AcctSvcrRef>2025-07-29-00.10.51.585197</AcctSvcrRef><BkTxCd/><NtryDtls><TxDtls><Refs><EndToEndId>2608495241</EndToEndId><MndtId>MD950390295</MndtId><Prtry><Tp>FI-UMSATZ-ID</Tp><Ref>2025-07-29-00.10.51.585197</Ref></Prtry></Refs><Amt Ccy="EUR">8622.24</Amt><BkTxCd><Domn><Cd>PMNT</Cd><Fmly><Cd>RDDT</Cd><SubFmlyCd>ESDD</SubFmlyCd></Fmly></Domn><Prtry><Cd>NDDT+105+9208+992</Cd><Issr>DK</Issr></Prtry></BkTxCd><RltdPties><Dbtr><Pty><Nm>TransAct Software GmbH</Nm></Pty></Dbtr><DbtrAcct><Id><IBAN>DE35230510300004619086</IBAN></Id></DbtrAcct><Cdtr><Pty><Nm>Techniker Krankenkasse</Nm><Id><PrvtId><Othr><Id>DE51TK100000031158</Id></Othr></PrvtId></Id></Pty></Cdtr><CdtrAcct><Id><IBAN>DE59200505501280376854</IBAN></Id></CdtrAcct></RltdPties><RltdAgts><DbtrAgt><FinInstnId><BICFI>NOLADE21SHO</BICFI></FinInstnId></DbtrAgt><CdtrAgt><FinInstnId><BICFI>HASPDEHHXXX</BICFI></FinInstnId></CdtrAgt></RltdAgts><RmtInf><Ustrd>BNR: 15213435 B5640003757 Beitraege 07/25</Ustrd></RmtInf></TxDtls></NtryDtls><AddtlNtryInf>FOLGELASTSCHRIFT</AddtlNtryInf></Ntry><Ntry><Amt Ccy="EUR">1167.57</Amt><CdtDbtInd>CRDT</CdtDbtInd><Sts><Cd>BOOK</Cd></Sts><BookgDt><Dt>2025-07-29</Dt></BookgDt><ValDt><Dt>2025-07-29</Dt></ValDt><AcctSvcrRef>2025-07-29-10.52.00.704276</AcctSvcrRef><BkTxCd/><NtryDtls><TxDtls><Refs><EndToEndId>1500044612</EndToEndId><Prtry><Tp>FI-UMSATZ-ID</Tp><Ref>2025-07-29-10.52.00.704276</Ref></Prtry></Refs><Amt Ccy="EUR">1167.57</Amt><BkTxCd><Domn><Cd>PMNT</Cd><Fmly><Cd>RCDT</Cd><SubFmlyCd>ESCT</SubFmlyCd></Fmly></Domn><Prtry><Cd>NTRF+166+9217+000</Cd><Issr>DK</Issr></Prtry></BkTxCd><RltdPties><Dbtr><Pty><Nm>Universitätsklinikum Schleswig-Holstein (UKSH)</Nm></Pty></Dbtr><DbtrAcct><Id><IBAN>DE31213522400179073333</IBAN></Id></DbtrAcct><UltmtDbtr><Pty><Nm>Universitaetsklinikum S-H</Nm></Pty></UltmtDbtr><Cdtr><Pty><Nm>Transact GmbH</Nm></Pty></Cdtr><CdtrAcct><Id><IBAN>DE35230510300004619086</IBAN></Id></CdtrAcct></RltdPties><RltdAgts><DbtrAgt><FinInstnId><BICFI>NOLADE21HOL</BICFI></FinInstnId></DbtrAgt><CdtrAgt><FinInstnId><BICFI>NOLADE21SHO</BICFI></FinInstnId></CdtrAgt></RltdAgts><RmtInf><Ustrd>197/INV/202500430 23.6.2025USKH KRED</Ustrd></RmtInf></TxDtls></NtryDtls><AddtlNtryInf>GUTSCHRIFT ÜBERWEISUNG</AddtlNtryInf></Ntry></Rpt></BkToCstmrAcctRpt></Document>