<?xml version="1.0" encoding="UTF-8"?><Document xmlns="urn:iso:std:iso:20022:tech:xsd:camt.052.001.08" xmlns:xsi="http://www.w3.org/2001/XMLSchema-instance" xsi:schemaLocation="urn:iso:std:iso:20022:tech:xsd:camt.052.001.08 camt.052.001.08.xsd"><BkToCstmrAcctRpt><GrpHdr><MsgId>camt52_20250620131652__ONLINEBA</MsgId><CreDtTm>2025-06-20T13:16:52+02:00</CreDtTm></GrpHdr><Rpt><Id>camt0528_ONLINEBA</Id><RptPgntn><PgNb>1</PgNb><LastPgInd>true</LastPgInd></RptPgntn><CreDtTm>2025-06-20T13:16:52+02:00</CreDtTm><Acct><Id><IBAN>DE35230510300004619086</IBAN></Id><Ccy>EUR</Ccy><Svcr><FinInstnId><BICFI>NOLADE21SHO</BICFI><Nm>SPARKASSE SUEDHOLSTEIN</Nm><Othr><Id>DE 134796412</Id><Issr>UmsStId</Issr></Othr></FinInstnId></Svcr></Acct><Bal><Tp><CdOrPrtry><Cd>OPBD</Cd></CdOrPrtry></Tp><Amt Ccy="EUR">63655.14</Amt><CdtDbtInd>CRDT</CdtDbtInd><Dt><Dt>2025-06-11</Dt></Dt></Bal><Bal><Tp><CdOrPrtry><Cd>CLBD</Cd></CdOrPrtry></Tp><Amt Ccy="EUR">79473.47</Amt><CdtDbtInd>CRDT</CdtDbtInd><Dt><Dt>2025-06-12</Dt></Dt></Bal><Ntry><Amt Ccy="EUR">4000.00</Amt><CdtDbtInd>DBIT</CdtDbtInd><Sts><Cd>BOOK</Cd></Sts><BookgDt><Dt>2025-06-12</Dt></BookgDt><ValDt><Dt>2025-06-12</Dt></ValDt><AcctSvcrRef>2025-06-12-00.07.16.105925</AcctSvcrRef><BkTxCd/><NtryDtls><TxDtls><Refs><EndToEndId>RFUAB7F5OOKUXB8</EndToEndId><MndtId>H4K17fLnLSs</MndtId><Prtry><Tp>FI-UMSATZ-ID</Tp><Ref>2025-06-12-00.07.16.105925</Ref></Prtry></Refs><Amt Ccy="EUR">4000.00</Amt><BkTxCd><Domn><Cd>PMNT</Cd><Fmly><Cd>RDDT</Cd><SubFmlyCd>ESDD</SubFmlyCd></Fmly></Domn><Prtry><Cd>NDDT+105+9248+992</Cd><Issr>DK</Issr></Prtry></BkTxCd><RltdPties><Dbtr><Pty><Nm>Transact - Gesellschaft fur Software . Analyse mbH</Nm></Pty></Dbtr><DbtrAcct><Id><IBAN>DE35230510300004619086</IBAN></Id></DbtrAcct><Cdtr><Pty><Nm>Pleo Financial Services A/S                                           Ravnsborg Tvaergade 5C, 4. Kobenhavn N DK,2200</Nm><Id><PrvtId><Othr><Id>DK29ZZZ999939155435</Id></Othr></PrvtId></Id></Pty></Cdtr><CdtrAcct><Id><IBAN>DE93501108006161618027</IBAN></Id></CdtrAcct></RltdPties><RltdAgts><DbtrAgt><FinInstnId><BICFI>NOLADE21SHO</BICFI></FinInstnId></DbtrAgt><CdtrAgt><FinInstnId><BICFI>CHASDEFXXXX</BICFI></FinInstnId></CdtrAgt></RltdAgts></TxDtls></NtryDtls><AddtlNtryInf>FOLGELASTSCHRIFT</AddtlNtryInf></Ntry><Ntry><Amt Ccy="EUR">124.24</Amt><CdtDbtInd>DBIT</CdtDbtInd><Sts><Cd>BOOK</Cd></Sts><BookgDt><Dt>2025-06-12</Dt></BookgDt><ValDt><Dt>2025-06-12</Dt></ValDt><AcctSvcrRef>2025-06-12-00.07.28.973633</AcctSvcrRef><BkTxCd/><NtryDtls><TxDtls><Refs><EndToEndId>11655202304</EndToEndId><MndtId>205280001</MndtId><Prtry><Tp>FI-UMSATZ-ID</Tp><Ref>2025-06-12-00.07.28.973633</Ref></Prtry></Refs><Amt Ccy="EUR">124.24</Amt><BkTxCd><Domn><Cd>PMNT</Cd><Fmly><Cd>RDDT</Cd><SubFmlyCd>ESDD</SubFmlyCd></Fmly></Domn><Prtry><Cd>NDDT+105+9248+992</Cd><Issr>DK</Issr></Prtry></BkTxCd><RltdPties><Dbtr><Pty><Nm>Transact - Gesellschaft fur Software U A nalyse mb</Nm></Pty></Dbtr><DbtrAcct><Id><IBAN>DE35230510300004619086</IBAN></Id></DbtrAcct><Cdtr><Pty><Nm>UNION TANK Eckstein GmbH + Co. KG</Nm><Id><PrvtId><Othr><Id>DE06UTA00000010046</Id></Othr></PrvtId></Id></Pty></Cdtr><CdtrAcct><Id><IBAN>DE46795200700001619888</IBAN></Id></CdtrAcct></RltdPties><RltdAgts><DbtrAgt><FinInstnId><BICFI>NOLADE21SHO</BICFI></FinInstnId></DbtrAgt><CdtrAgt><FinInstnId><BICFI>HYVEDEMM407</BICFI></FinInstnId></CdtrAgt></RltdAgts><RmtInf><Ustrd>205280 RG.NR 054852703 ZA 124,24</Ustrd></RmtInf></TxDtls></NtryDtls><AddtlNtryInf>FOLGELASTSCHRIFT</AddtlNtryInf></Ntry><Ntry><Amt Ccy="EUR">15657.40</Amt><CdtDbtInd>CRDT</CdtDbtInd><Sts><Cd>BOOK</Cd></Sts><BookgDt><Dt>2025-06-12</Dt></BookgDt><ValDt><Dt>2025-06-12</Dt></ValDt><AcctSvcrRef>2025-06-12-10.07.16.138242</AcctSvcrRef><BkTxCd/><NtryDtls><TxDtls><Refs><EndToEndId>0050017902</EndToEndId><Prtry><Tp>FI-UMSATZ-ID</Tp><Ref>2025-06-12-10.07.16.138242</Ref></Prtry></Refs><Amt Ccy="EUR">15657.40</Amt><BkTxCd><Domn><Cd>PMNT</Cd><Fmly><Cd>RCDT</Cd><SubFmlyCd>ESCT</SubFmlyCd></Fmly></Domn><Prtry><Cd>NTRF+166+9249+000</Cd><Issr>DK</Issr></Prtry></BkTxCd><RltdPties><Dbtr><Pty><Nm>Universitatsklinikum Giesen und Marburg GmbH</Nm></Pty></Dbtr><DbtrAcct><Id><IBAN>DE23500604000000134259</IBAN></Id></DbtrAcct><Cdtr><Pty><Nm>Transact - Gesellschaft                                               Rudolf-Klug-Weg 3</Nm></Pty></Cdtr><CdtrAcct><Id><IBAN>DE35230510300004619086</IBAN></Id></CdtrAcct></RltdPties><RltdAgts><DbtrAgt><FinInstnId><BICFI>GENODEFFXXX</BICFI></FinInstnId></DbtrAgt><CdtrAgt><FinInstnId><BICFI>NOLADE21SHO</BICFI></FinInstnId></CdtrAgt></RltdAgts><RmtInf><Ustrd>/INV/RA202500244 1.4.2025</Ustrd></RmtInf></TxDtls></NtryDtls><AddtlNtryInf>GUTSCHRIFT ÜBERWEISUNG</AddtlNtryInf></Ntry><Ntry><Amt Ccy="EUR">810.69</Amt><CdtDbtInd>CRDT</CdtDbtInd><Sts><Cd>BOOK</Cd></Sts><BookgDt><Dt>2025-06-12</Dt></BookgDt><ValDt><Dt>2025-06-12</Dt></ValDt><AcctSvcrRef>2025-06-12-12.08.20.674762</AcctSvcrRef><BkTxCd/><NtryDtls><TxDtls><Refs><EndToEndId>4516249338-0000010</EndToEndId><Prtry><Tp>FI-UMSATZ-ID</Tp><Ref>2025-06-12-12.08.20.674762</Ref></Prtry></Refs><Amt Ccy="EUR">810.69</Amt><BkTxCd><Domn><Cd>PMNT</Cd><Fmly><Cd>RCDT</Cd><SubFmlyCd>ESCT</SubFmlyCd></Fmly></Domn><Prtry><Cd>NTRF+166+9249+000</Cd><Issr>DK</Issr></Prtry></BkTxCd><RltdPties><Dbtr><Pty><Nm>4K Analytics GmbH</Nm></Pty></Dbtr><DbtrAcct><Id><IBAN>DE46870700240116469800</IBAN></Id></DbtrAcct><Cdtr><Pty><Nm>Transact - Gesellschaft fuer Software +amp Analys</Nm></Pty></Cdtr><CdtrAcct><Id><IBAN>DE35230510300004619086</IBAN></Id></CdtrAcct></RltdPties><RltdAgts><DbtrAgt><FinInstnId><BICFI>DEUTDEDBCHE</BICFI></FinInstnId></DbtrAgt><CdtrAgt><FinInstnId><BICFI>NOLADE21SHO</BICFI></FinInstnId></CdtrAgt></RltdAgts><RmtInf><Ustrd>RNr. 202500324 RDat. 08.05.2025 KNr. 1329</Ustrd></RmtInf></TxDtls></NtryDtls><AddtlNtryInf>GUTSCHRIFT ÜBERWEISUNG</AddtlNtryInf></Ntry><Ntry><Amt Ccy="EUR">803.25</Amt><CdtDbtInd>CRDT</CdtDbtInd><Sts><Cd>BOOK</Cd></Sts><BookgDt><Dt>2025-06-12</Dt></BookgDt><ValDt><Dt>2025-06-12</Dt></ValDt><AcctSvcrRef>2025-06-12-13.08.43.207989</AcctSvcrRef><BkTxCd/><NtryDtls><TxDtls><Refs><EndToEndId>30.5.2025 0080001343</EndToEndId><Prtry><Tp>FI-UMSATZ-ID</Tp><Ref>2025-06-12-13.08.43.207989</Ref></Prtry></Refs><Amt Ccy="EUR">803.25</Amt><BkTxCd><Domn><Cd>PMNT</Cd><Fmly><Cd>RCDT</Cd><SubFmlyCd>ESCT</SubFmlyCd></Fmly></Domn><Prtry><Cd>NTRF+166+9249+000</Cd><Issr>DK</Issr></Prtry></BkTxCd><RltdPties><Dbtr><Pty><Nm>MVZ des Universitats- klinikums Koln gGmbH</Nm></Pty></Dbtr><DbtrAcct><Id><IBAN>DE20370205000008150100</IBAN></Id></DbtrAcct><Cdtr><Pty><Nm>Transact Gesellschaft fuer Software und Analyse mbH                   Kleine Reichenstrasse 1</Nm></Pty></Cdtr><CdtrAcct><Id><IBAN>DE35230510300004619086</IBAN></Id></CdtrAcct></RltdPties><RltdAgts><DbtrAgt><FinInstnId><BICFI>BFSWDE33XXX</BICFI></FinInstnId></DbtrAgt><CdtrAgt><FinInstnId><BICFI>NOLADE21SHO</BICFI></FinInstnId></CdtrAgt></RltdAgts><RmtInf><Ustrd>140000800013432025/INV/202500383 30.5.2025</Ustrd></RmtInf></TxDtls></NtryDtls><AddtlNtryInf>GUTSCHRIFT ÜBERWEISUNG</AddtlNtryInf></Ntry><Ntry><Amt Ccy="EUR">2671.23</Amt><CdtDbtInd>CRDT</CdtDbtInd><Sts><Cd>BOOK</Cd></Sts><BookgDt><Dt>2025-06-12</Dt></BookgDt><ValDt><Dt>2025-06-12</Dt></ValDt><AcctSvcrRef>2025-06-12-15.24.26.302905</AcctSvcrRef><BkTxCd/><NtryDtls><TxDtls><Refs><EndToEndId>0002357626</EndToEndId><Prtry><Tp>FI-UMSATZ-ID</Tp><Ref>2025-06-12-15.24.26.302905</Ref></Prtry></Refs><Amt Ccy="EUR">2671.23</Amt><BkTxCd><Domn><Cd>PMNT</Cd><Fmly><Cd>RCDT</Cd><SubFmlyCd>ESCT</SubFmlyCd></Fmly></Domn><Prtry><Cd>NTRF+166+9249+000</Cd><Issr>DK</Issr></Prtry></BkTxCd><RltdPties><Dbtr><Pty><Nm>Universitatsklinikum Wurzburg</Nm></Pty></Dbtr><DbtrAcct><Id><IBAN>DE44790900000000185086</IBAN></Id></DbtrAcct><Cdtr><Pty><Nm>Transact                                                              Kleine Reichenstrasse 1</Nm></Pty></Cdtr><CdtrAcct><Id><IBAN>DE35230510300004619086</IBAN></Id></CdtrAcct></RltdPties><RltdAgts><DbtrAgt><FinInstnId><BICFI>GENODEF1WU1</BICFI></FinInstnId></DbtrAgt><CdtrAgt><FinInstnId><BICFI>NOLADE21SHO</BICFI></FinInstnId></CdtrAgt></RltdAgts><RmtInf><Ustrd>ReNr: 202500372 15.5.2025588abzgl. Skonto</Ustrd></RmtInf></TxDtls></NtryDtls><AddtlNtryInf>GUTSCHRIFT ÜBERWEISUNG</AddtlNtryInf></Ntry></Rpt></BkToCstmrAcctRpt></Document>