<?xml version="1.0" encoding="UTF-8"?><Document xmlns="urn:iso:std:iso:20022:tech:xsd:camt.052.001.08" xmlns:xsi="http://www.w3.org/2001/XMLSchema-instance" xsi:schemaLocation="urn:iso:std:iso:20022:tech:xsd:camt.052.001.08 camt.052.001.08.xsd"><BkToCstmrAcctRpt><GrpHdr><MsgId>camt52_20250620131652__ONLINEBA</MsgId><CreDtTm>2025-06-20T13:16:52+02:00</CreDtTm></GrpHdr><Rpt><Id>camt0528_ONLINEBA</Id><RptPgntn><PgNb>1</PgNb><LastPgInd>true</LastPgInd></RptPgntn><CreDtTm>2025-06-20T13:16:52+02:00</CreDtTm><Acct><Id><IBAN>DE35230510300004619086</IBAN></Id><Ccy>EUR</Ccy><Svcr><FinInstnId><BICFI>NOLADE21SHO</BICFI><Nm>SPARKASSE SUEDHOLSTEIN</Nm><Othr><Id>DE 134796412</Id><Issr>UmsStId</Issr></Othr></FinInstnId></Svcr></Acct><Bal><Tp><CdOrPrtry><Cd>OPBD</Cd></CdOrPrtry></Tp><Amt Ccy="EUR">93002.93</Amt><CdtDbtInd>CRDT</CdtDbtInd><Dt><Dt>2025-06-17</Dt></Dt></Bal><Bal><Tp><CdOrPrtry><Cd>CLBD</Cd></CdOrPrtry></Tp><Amt Ccy="EUR">71518.51</Amt><CdtDbtInd>CRDT</CdtDbtInd><Dt><Dt>2025-06-18</Dt></Dt></Bal><Ntry><Amt Ccy="EUR">34604.58</Amt><CdtDbtInd>DBIT</CdtDbtInd><Sts><Cd>BOOK</Cd></Sts><BookgDt><Dt>2025-06-18</Dt></BookgDt><ValDt><Dt>2025-06-18</Dt></ValDt><AcctSvcrRef>2025-06-18-12.30.38.790148</AcctSvcrRef><BkTxCd/><NtryDtls><TxDtls><Refs><PmtInfId>b598c10-585227359-12232368-20250618</PmtInfId><Prtry><Tp>FI-UMSATZ-ID</Tp><Ref>2025-06-18-12.30.38.790148</Ref></Prtry></Refs><Amt Ccy="EUR">34604.58</Amt><BkTxCd><Domn><Cd>PMNT</Cd><Fmly><Cd>ICDT</Cd><SubFmlyCd>ESCT</SubFmlyCd></Fmly></Domn><Prtry><Cd>NTRF+191+9301+997</Cd><Issr>DK</Issr></Prtry></BkTxCd><RltdPties><DbtrAcct><Id><Othr><Id>0004619086</Id></Othr></Id></DbtrAcct><CdtrAcct><Id><Othr><Id>0004619086</Id></Othr></Id></CdtrAcct></RltdPties><RltdAgts><DbtrAgt><FinInstnId><Nm>SPK SUEDHOLSTEIN NEUMUENSTE</Nm><Othr><Id>23051030</Id></Othr></FinInstnId></DbtrAgt><CdtrAgt><FinInstnId><Nm>SPK SUEDHOLSTEIN NEUMUENSTE</Nm><Othr><Id>23051030</Id></Othr></FinInstnId></CdtrAgt></RltdAgts><RmtInf><Ustrd>ANZAHL        4</Ustrd></RmtInf></TxDtls></NtryDtls><AddtlNtryInf>SAMMELÜBERWEISUNG</AddtlNtryInf></Ntry><Ntry><Amt Ccy="EUR">10210.20</Amt><CdtDbtInd>CRDT</CdtDbtInd><Sts><Cd>BOOK</Cd></Sts><BookgDt><Dt>2025-06-18</Dt></BookgDt><ValDt><Dt>2025-06-18</Dt></ValDt><AcctSvcrRef>2025-06-18-14.14.23.027566</AcctSvcrRef><BkTxCd/><NtryDtls><TxDtls><Refs><EndToEndId>214</EndToEndId><Prtry><Tp>FI-UMSATZ-ID</Tp><Ref>2025-06-18-14.14.23.027566</Ref></Prtry></Refs><Amt Ccy="EUR">10210.20</Amt><BkTxCd><Domn><Cd>PMNT</Cd><Fmly><Cd>RCDT</Cd><SubFmlyCd>ESCT</SubFmlyCd></Fmly></Domn><Prtry><Cd>NTRF+166+9243+000</Cd><Issr>DK</Issr></Prtry></BkTxCd><RltdPties><Dbtr><Pty><Nm>Leopoldina-Krankenhaus der Stadt Schweinfurt GmbH</Nm></Pty></Dbtr><DbtrAcct><Id><IBAN>DE79793501010000008185</IBAN></Id></DbtrAcct><UltmtDbtr><Pty><Nm>Leopoldina Krankenhaus GmbH</Nm></Pty></UltmtDbtr><Cdtr><Pty><Nm>Transact GmbH</Nm></Pty></Cdtr><CdtrAcct><Id><IBAN>DE35230510300004619086</IBAN></Id></CdtrAcct></RltdPties><RltdAgts><DbtrAgt><FinInstnId><BICFI>BYLADEM1KSW</BICFI></FinInstnId></DbtrAgt><CdtrAgt><FinInstnId><BICFI>NOLADE21SHO</BICFI></FinInstnId></CdtrAgt></RltdAgts><RmtInf><Ustrd>06.06.25 NR. 202500393</Ustrd></RmtInf></TxDtls></NtryDtls><AddtlNtryInf>GUTSCHRIFT ÜBERWEISUNG</AddtlNtryInf></Ntry><Ntry><Amt Ccy="EUR">2166.21</Amt><CdtDbtInd>CRDT</CdtDbtInd><Sts><Cd>BOOK</Cd></Sts><BookgDt><Dt>2025-06-18</Dt></BookgDt><ValDt><Dt>2025-06-18</Dt></ValDt><AcctSvcrRef>2025-06-18-15.19.38.975811</AcctSvcrRef><BkTxCd/><NtryDtls><TxDtls><Refs><EndToEndId>0003004988</EndToEndId><Prtry><Tp>FI-UMSATZ-ID</Tp><Ref>2025-06-18-15.19.38.975811</Ref></Prtry></Refs><Amt Ccy="EUR">2166.21</Amt><BkTxCd><Domn><Cd>PMNT</Cd><Fmly><Cd>RCDT</Cd><SubFmlyCd>ESCT</SubFmlyCd></Fmly></Domn><Prtry><Cd>NTRF+166+9203+000</Cd><Issr>DK</Issr></Prtry></BkTxCd><RltdPties><Dbtr><Pty><Nm>Kaiserswerther Diakonie</Nm></Pty></Dbtr><DbtrAcct><Id><IBAN>DE27300501100024000341</IBAN></Id></DbtrAcct><Cdtr><Pty><Nm>Transact GmbH                                                         Plathnerstr. 4c</Nm></Pty></Cdtr><CdtrAcct><Id><IBAN>DE35230510300004619086</IBAN></Id></CdtrAcct></RltdPties><RltdAgts><DbtrAgt><FinInstnId><BICFI>DUSSDEDDXXX</BICFI></FinInstnId></DbtrAgt><CdtrAgt><FinInstnId><BICFI>NOLADE21SHO</BICFI></FinInstnId></CdtrAgt></RltdAgts><RmtInf><Ustrd>/INV/RA202500370 14.5.2025 /477</Ustrd></RmtInf></TxDtls></NtryDtls><AddtlNtryInf>GUTSCHRIFT ÜBERWEISUNG</AddtlNtryInf></Ntry><Ntry><Amt Ccy="EUR">743.75</Amt><CdtDbtInd>CRDT</CdtDbtInd><Sts><Cd>BOOK</Cd></Sts><BookgDt><Dt>2025-06-18</Dt></BookgDt><ValDt><Dt>2025-06-18</Dt></ValDt><AcctSvcrRef>2025-06-18-15.58.27.323937</AcctSvcrRef><BkTxCd/><NtryDtls><TxDtls><Refs><EndToEndId>ZA00147548</EndToEndId><Prtry><Tp>FI-UMSATZ-ID</Tp><Ref>2025-06-18-15.58.27.323937</Ref></Prtry></Refs><Amt Ccy="EUR">743.75</Amt><BkTxCd><Domn><Cd>PMNT</Cd><Fmly><Cd>RCDT</Cd><SubFmlyCd>ESCT</SubFmlyCd></Fmly></Domn><Prtry><Cd>NTRF+166+9243+000</Cd><Issr>DK</Issr></Prtry></BkTxCd><RltdPties><Dbtr><Pty><Nm>Krankenhaus GmbH Landkreis Weilheim-Schongau</Nm></Pty></Dbtr><DbtrAcct><Id><IBAN>DE04703510300000005991</IBAN></Id></DbtrAcct><UltmtDbtr><Pty><Nm>KRANKENHAUS SCHONGAU</Nm></Pty></UltmtDbtr><Cdtr><Pty><Nm>TRANSACT GMBH</Nm></Pty></Cdtr><CdtrAcct><Id><IBAN>DE35230510300004619086</IBAN></Id></CdtrAcct></RltdPties><RltdAgts><DbtrAgt><FinInstnId><BICFI>BYLADEM1WHM</BICFI></FinInstnId></DbtrAgt><CdtrAgt><FinInstnId><BICFI>NOLADE21SHO</BICFI></FinInstnId></CdtrAgt></RltdAgts><RmtInf><Ustrd>RE.NR.RA 202500391 KD.NR. 1028</Ustrd></RmtInf></TxDtls></NtryDtls><AddtlNtryInf>GUTSCHRIFT ÜBERWEISUNG</AddtlNtryInf></Ntry></Rpt></BkToCstmrAcctRpt></Document>