<?xml version="1.0" encoding="UTF-8"?><Document xmlns="urn:iso:std:iso:20022:tech:xsd:camt.052.001.08" xmlns:xsi="http://www.w3.org/2001/XMLSchema-instance" xsi:schemaLocation="urn:iso:std:iso:20022:tech:xsd:camt.052.001.08 camt.052.001.08.xsd"><BkToCstmrAcctRpt><GrpHdr><MsgId>camt52_20250728112022__ONLINEBA</MsgId><CreDtTm>2025-07-28T11:20:22+02:00</CreDtTm></GrpHdr><Rpt><Id>camt0528_ONLINEBA</Id><RptPgntn><PgNb>1</PgNb><LastPgInd>true</LastPgInd></RptPgntn><CreDtTm>2025-07-28T11:20:22+02:00</CreDtTm><Acct><Id><IBAN>DE35230510300004619086</IBAN></Id><Ccy>EUR</Ccy><Svcr><FinInstnId><BICFI>NOLADE21SHO</BICFI><Nm>SPARKASSE SUEDHOLSTEIN</Nm><Othr><Id>DE 134796412</Id><Issr>UmsStId</Issr></Othr></FinInstnId></Svcr></Acct><Bal><Tp><CdOrPrtry><Cd>OPBD</Cd></CdOrPrtry></Tp><Amt Ccy="EUR">200837.15</Amt><CdtDbtInd>CRDT</CdtDbtInd><Dt><Dt>2025-07-15</Dt></Dt></Bal><Bal><Tp><CdOrPrtry><Cd>CLBD</Cd></CdOrPrtry></Tp><Amt Ccy="EUR">151669.43</Amt><CdtDbtInd>CRDT</CdtDbtInd><Dt><Dt>2025-07-16</Dt></Dt></Bal><Ntry><Amt Ccy="EUR">8338.96</Amt><CdtDbtInd>DBIT</CdtDbtInd><Sts><Cd>BOOK</Cd></Sts><BookgDt><Dt>2025-07-16</Dt></BookgDt><ValDt><Dt>2025-07-16</Dt></ValDt><AcctSvcrRef>2025-07-16-00.07.49.158943</AcctSvcrRef><BkTxCd/><NtryDtls><TxDtls><Refs><EndToEndId>048/764/04562-----L1107202500016158</EndToEndId><MndtId>HH266884966327</MndtId><Prtry><Tp>FI-UMSATZ-ID</Tp><Ref>2025-07-16-00.07.49.158943</Ref></Prtry></Refs><Amt Ccy="EUR">8338.96</Amt><BkTxCd><Domn><Cd>PMNT</Cd><Fmly><Cd>RDDT</Cd><SubFmlyCd>ESDD</SubFmlyCd></Fmly></Domn><Prtry><Cd>NDDT+105+9262+992</Cd><Issr>DK</Issr></Prtry></BkTxCd><RltdPties><Dbtr><Pty><Nm>TRANSACT - GESELLSCHAFT FUE</Nm></Pty></Dbtr><DbtrAcct><Id><IBAN>DE35230510300004619086</IBAN></Id></DbtrAcct><Cdtr><Pty><Nm>STEUERKASSE HAMBURG</Nm><Id><PrvtId><Othr><Id>DE43ZZZ00000037898</Id></Othr></PrvtId></Id></Pty></Cdtr><CdtrAcct><Id><IBAN>DE03200000000020001530</IBAN></Id></CdtrAcct></RltdPties><RltdAgts><DbtrAgt><FinInstnId><BICFI>NOLADE21SHO</BICFI></FinInstnId></DbtrAgt><CdtrAgt><FinInstnId><BICFI>MARKDEF1200</BICFI></FinInstnId></CdtrAgt></RltdAgts><RmtInf><Ustrd>STEUERNR 048/764/04562     UMS.ST  MAI 25  8.338,96EUR</Ustrd></RmtInf></TxDtls></NtryDtls><AddtlNtryInf>FOLGELASTSCHRIFT</AddtlNtryInf></Ntry><Ntry><Amt Ccy="EUR">22.61</Amt><CdtDbtInd>DBIT</CdtDbtInd><Sts><Cd>BOOK</Cd></Sts><BookgDt><Dt>2025-07-16</Dt></BookgDt><ValDt><Dt>2025-07-16</Dt></ValDt><AcctSvcrRef>2025-07-16-00.09.14.718564</AcctSvcrRef><BkTxCd/><NtryDtls><TxDtls><Refs><EndToEndId>0000000593922</EndToEndId><MndtId>KU00053650</MndtId><Prtry><Tp>FI-UMSATZ-ID</Tp><Ref>2025-07-16-00.09.14.718564</Ref></Prtry></Refs><Amt Ccy="EUR">22.61</Amt><BkTxCd><Domn><Cd>PMNT</Cd><Fmly><Cd>RDDT</Cd><SubFmlyCd>ESDD</SubFmlyCd></Fmly></Domn><Prtry><Cd>NDDT+105+9248+991</Cd><Issr>DK</Issr></Prtry></BkTxCd><RltdPties><Dbtr><Pty><Nm>Tim Tenelsen</Nm></Pty></Dbtr><DbtrAcct><Id><IBAN>DE35230510300004619086</IBAN></Id></DbtrAcct><Cdtr><Pty><Nm>hosting.de GmbH</Nm><Id><PrvtId><Othr><Id>DE71ZZZ00000033999</Id></Othr></PrvtId></Id></Pty></Cdtr><CdtrAcct><Id><IBAN>DE91310700240604775700</IBAN></Id></CdtrAcct></RltdPties><RltdAgts><DbtrAgt><FinInstnId><BICFI>NOLADE21SHO</BICFI></FinInstnId></DbtrAgt><CdtrAgt><FinInstnId><BICFI>DEUTDEDB310</BICFI></FinInstnId></CdtrAgt></RltdAgts><RmtInf><Ustrd>hosting.de GmbH FIBU 61591 RENR 00598865</Ustrd></RmtInf></TxDtls></NtryDtls><AddtlNtryInf>ERSTLASTSCHRIFT</AddtlNtryInf></Ntry><Ntry><Amt Ccy="EUR">8701.88</Amt><CdtDbtInd>CRDT</CdtDbtInd><Sts><Cd>BOOK</Cd></Sts><BookgDt><Dt>2025-07-16</Dt></BookgDt><ValDt><Dt>2025-07-16</Dt></ValDt><AcctSvcrRef>2025-07-16-12.16.36.233708</AcctSvcrRef><BkTxCd/><NtryDtls><TxDtls><Refs><EndToEndId>0072016227</EndToEndId><Prtry><Tp>FI-UMSATZ-ID</Tp><Ref>2025-07-16-12.16.36.233708</Ref></Prtry></Refs><Amt Ccy="EUR">8701.88</Amt><BkTxCd><Domn><Cd>PMNT</Cd><Fmly><Cd>RCDT</Cd><SubFmlyCd>ESCT</SubFmlyCd></Fmly></Domn><Prtry><Cd>NTRF+166+9227+000</Cd><Issr>DK</Issr></Prtry></BkTxCd><RltdPties><Dbtr><Pty><Nm>Klinikum Mannheim GmbH Theodor-Kutzer-Ufer 1-3</Nm></Pty></Dbtr><DbtrAcct><Id><IBAN>DE64670505050030251113</IBAN></Id></DbtrAcct><UltmtDbtr><Pty><Nm>Klinikum Mannheim GmbH Theodor-Kutzer-Ufer 1-3</Nm></Pty></UltmtDbtr><Cdtr><Pty><Nm>Transact-Gesellschaft fuer SoftwareAnalyse mbH</Nm></Pty></Cdtr><CdtrAcct><Id><IBAN>DE35230510300004619086</IBAN></Id></CdtrAcct></RltdPties><RltdAgts><DbtrAgt><FinInstnId><BICFI>MANSDE66XXX</BICFI></FinInstnId></DbtrAgt><CdtrAgt><FinInstnId><BICFI>NOLADE21SHO</BICFI></FinInstnId></CdtrAgt></RltdAgts><RmtInf><Ustrd>/ADV/0072016227 15.7.2025/R/202500445/8701,88</Ustrd></RmtInf></TxDtls></NtryDtls><AddtlNtryInf>GUTSCHRIFT ÜBERWEISUNG</AddtlNtryInf></Ntry><Ntry><Amt Ccy="EUR">49508.03</Amt><CdtDbtInd>DBIT</CdtDbtInd><Sts><Cd>BOOK</Cd></Sts><BookgDt><Dt>2025-07-16</Dt></BookgDt><ValDt><Dt>2025-07-16</Dt></ValDt><AcctSvcrRef>2025-07-16-13.00.31.600305</AcctSvcrRef><BkTxCd/><NtryDtls><TxDtls><Refs><PmtInfId>21fe7e5-327664921-12433919-20250716</PmtInfId><Prtry><Tp>FI-UMSATZ-ID</Tp><Ref>2025-07-16-13.00.31.600305</Ref></Prtry></Refs><Amt Ccy="EUR">49508.03</Amt><BkTxCd><Domn><Cd>PMNT</Cd><Fmly><Cd>ICDT</Cd><SubFmlyCd>ESCT</SubFmlyCd></Fmly></Domn><Prtry><Cd>NTRF+191+9301+997</Cd><Issr>DK</Issr></Prtry></BkTxCd><RltdPties><DbtrAcct><Id><Othr><Id>0004619086</Id></Othr></Id></DbtrAcct><CdtrAcct><Id><Othr><Id>0004619086</Id></Othr></Id></CdtrAcct></RltdPties><RltdAgts><DbtrAgt><FinInstnId><Nm>SPK SUEDHOLSTEIN NEUMUENSTE</Nm><Othr><Id>23051030</Id></Othr></FinInstnId></DbtrAgt><CdtrAgt><FinInstnId><Nm>SPK SUEDHOLSTEIN NEUMUENSTE</Nm><Othr><Id>23051030</Id></Othr></FinInstnId></CdtrAgt></RltdAgts><RmtInf><Ustrd>ANZAHL        3</Ustrd></RmtInf></TxDtls></NtryDtls><AddtlNtryInf>SAMMELÜBERWEISUNG</AddtlNtryInf></Ntry></Rpt></BkToCstmrAcctRpt></Document>