<?xml version="1.0" encoding="UTF-8"?><Document xmlns="urn:iso:std:iso:20022:tech:xsd:camt.052.001.08" xmlns:xsi="http://www.w3.org/2001/XMLSchema-instance" xsi:schemaLocation="urn:iso:std:iso:20022:tech:xsd:camt.052.001.08 camt.052.001.08.xsd"><BkToCstmrAcctRpt><GrpHdr><MsgId>camt52_20250728112022__ONLINEBA</MsgId><CreDtTm>2025-07-28T11:20:22+02:00</CreDtTm></GrpHdr><Rpt><Id>camt0528_ONLINEBA</Id><RptPgntn><PgNb>1</PgNb><LastPgInd>true</LastPgInd></RptPgntn><CreDtTm>2025-07-28T11:20:22+02:00</CreDtTm><Acct><Id><IBAN>DE35230510300004619086</IBAN></Id><Ccy>EUR</Ccy><Svcr><FinInstnId><BICFI>NOLADE21SHO</BICFI><Nm>SPARKASSE SUEDHOLSTEIN</Nm><Othr><Id>DE 134796412</Id><Issr>UmsStId</Issr></Othr></FinInstnId></Svcr></Acct><Bal><Tp><CdOrPrtry><Cd>OPBD</Cd></CdOrPrtry></Tp><Amt Ccy="EUR">179407.76</Amt><CdtDbtInd>CRDT</CdtDbtInd><Dt><Dt>2025-07-14</Dt></Dt></Bal><Bal><Tp><CdOrPrtry><Cd>CLBD</Cd></CdOrPrtry></Tp><Amt Ccy="EUR">200837.15</Amt><CdtDbtInd>CRDT</CdtDbtInd><Dt><Dt>2025-07-15</Dt></Dt></Bal><Ntry><Amt Ccy="EUR">718.91</Amt><CdtDbtInd>DBIT</CdtDbtInd><Sts><Cd>BOOK</Cd></Sts><BookgDt><Dt>2025-07-15</Dt></BookgDt><ValDt><Dt>2025-07-15</Dt></ValDt><AcctSvcrRef>2025-07-15-00.08.38.436403</AcctSvcrRef><BkTxCd/><NtryDtls><TxDtls><Refs><MndtId>10082001</MndtId><Prtry><Tp>FI-UMSATZ-ID</Tp><Ref>2025-07-15-00.08.38.436403</Ref></Prtry></Refs><Amt Ccy="EUR">718.91</Amt><BkTxCd><Domn><Cd>PMNT</Cd><Fmly><Cd>RDDT</Cd><SubFmlyCd>ESDD</SubFmlyCd></Fmly></Domn><Prtry><Cd>NDDT+105+9248+992</Cd><Issr>DK</Issr></Prtry></BkTxCd><RltdPties><Dbtr><Pty><Nm>Transact - Gesellschaft fur Software und Analyse GmbH</Nm></Pty></Dbtr><DbtrAcct><Id><IBAN>DE35230510300004619086</IBAN></Id></DbtrAcct><Cdtr><Pty><Nm>DATATREE AG</Nm><Id><PrvtId><Othr><Id>DE32UUU00001569047</Id></Othr></PrvtId></Id></Pty></Cdtr><CdtrAcct><Id><IBAN>DE08300700240650197700</IBAN></Id></CdtrAcct></RltdPties><RltdAgts><DbtrAgt><FinInstnId><BICFI>NOLADE21SHO</BICFI></FinInstnId></DbtrAgt><CdtrAgt><FinInstnId><BICFI>DEUTDEDBDUE</BICFI></FinInstnId></CdtrAgt></RltdAgts><RmtInf><Ustrd>KD ADR-000082, RG-2025-004506</Ustrd></RmtInf></TxDtls></NtryDtls><AddtlNtryInf>FOLGELASTSCHRIFT</AddtlNtryInf></Ntry><Ntry><Amt Ccy="EUR">1124.00</Amt><CdtDbtInd>DBIT</CdtDbtInd><Sts><Cd>BOOK</Cd></Sts><BookgDt><Dt>2025-07-15</Dt></BookgDt><ValDt><Dt>2025-07-15</Dt></ValDt><AcctSvcrRef>2025-07-15-00.09.12.144799</AcctSvcrRef><BkTxCd/><NtryDtls><TxDtls><Refs><EndToEndId>2610013831151502</EndToEndId><MndtId>026181156590-1</MndtId><Prtry><Tp>FI-UMSATZ-ID</Tp><Ref>2025-07-15-00.09.12.144799</Ref></Prtry></Refs><Amt Ccy="EUR">1124.00</Amt><BkTxCd><Domn><Cd>PMNT</Cd><Fmly><Cd>RDDT</Cd><SubFmlyCd>ESDD</SubFmlyCd></Fmly></Domn><Prtry><Cd>NDDT+105+9246+992</Cd><Issr>DK</Issr></Prtry></BkTxCd><RltdPties><Dbtr><Pty><Nm>Transact-Gesellschaft fuer Software &amp; Analyse mbH</Nm></Pty></Dbtr><DbtrAcct><Id><IBAN>DE35230510300004619086</IBAN></Id></DbtrAcct><Cdtr><Pty><Nm>hkk</Nm><Id><PrvtId><Othr><Id>DE51ZZZ00000507816</Id></Othr></PrvtId></Id></Pty></Cdtr><CdtrAcct><Id><IBAN>DE79290501010001006543</IBAN></Id></CdtrAcct><UltmtCdtr><Pty><Nm>hkk</Nm></Pty></UltmtCdtr></RltdPties><RltdAgts><DbtrAgt><FinInstnId><BICFI>NOLADE21SHO</BICFI></FinInstnId></DbtrAgt><CdtrAgt><FinInstnId><BICFI>SBREDE22XXX</BICFI></FinInstnId></CdtrAgt></RltdAgts><RmtInf><Ustrd>Beitraege 01.06.2025 - 30.06.2025 15213435 1124.00</Ustrd></RmtInf></TxDtls></NtryDtls><AddtlNtryInf>FOLGELASTSCHRIFT</AddtlNtryInf></Ntry><Ntry><Amt Ccy="EUR">684.25</Amt><CdtDbtInd>DBIT</CdtDbtInd><Sts><Cd>BOOK</Cd></Sts><BookgDt><Dt>2025-07-15</Dt></BookgDt><ValDt><Dt>2025-07-15</Dt></ValDt><AcctSvcrRef>2025-07-15-00.10.20.042484</AcctSvcrRef><BkTxCd/><NtryDtls><TxDtls><Refs><EndToEndId>02BBUS5000310086 PO0023579499</EndToEndId><MndtId>5000310086</MndtId><Prtry><Tp>FI-UMSATZ-ID</Tp><Ref>2025-07-15-00.10.20.042484</Ref></Prtry></Refs><Amt Ccy="EUR">684.25</Amt><BkTxCd><Domn><Cd>PMNT</Cd><Fmly><Cd>RDDT</Cd><SubFmlyCd>ESDD</SubFmlyCd></Fmly></Domn><Prtry><Cd>NDDT+105+9248+992</Cd><Issr>DK</Issr></Prtry></BkTxCd><RltdPties><Dbtr><Pty><Nm>Transact Gesellschaft fuer Software und Analyse mbH                   Kleine Reichenstrasse 1</Nm></Pty></Dbtr><DbtrAcct><Id><IBAN>DE35230510300004619086</IBAN></Id></DbtrAcct><Cdtr><Pty><Nm>CA Auto Bank S.p.A. Niederlassung Deutschland</Nm><Id><PrvtId><Othr><Id>DE93ZZZ00000068135</Id></Othr></PrvtId></Id></Pty></Cdtr><CdtrAcct><Id><IBAN>DE41600600001860400000</IBAN></Id></CdtrAcct></RltdPties><RltdAgts><DbtrAgt><FinInstnId><BICFI>NOLADE21SHO</BICFI></FinInstnId></DbtrAgt><CdtrAgt><FinInstnId><BICFI>GENODESGXXX</BICFI></FinInstnId></CdtrAgt></RltdAgts><RmtInf><Ustrd>RATE PER 15.07. 5000310086 Transact Gesellschaft fuer Software und Analyse mbH</Ustrd></RmtInf></TxDtls></NtryDtls><AddtlNtryInf>FOLGELASTSCHRIFT</AddtlNtryInf></Ntry><Ntry><Amt Ccy="EUR">1138.34</Amt><CdtDbtInd>DBIT</CdtDbtInd><Sts><Cd>BOOK</Cd></Sts><BookgDt><Dt>2025-07-15</Dt></BookgDt><ValDt><Dt>2025-07-15</Dt></ValDt><AcctSvcrRef>2025-07-15-00.11.17.316320</AcctSvcrRef><BkTxCd/><NtryDtls><TxDtls><Refs><EndToEndId>7408103915</EndToEndId><MndtId>MD950390295</MndtId><Prtry><Tp>FI-UMSATZ-ID</Tp><Ref>2025-07-15-00.11.17.316320</Ref></Prtry></Refs><Amt Ccy="EUR">1138.34</Amt><BkTxCd><Domn><Cd>PMNT</Cd><Fmly><Cd>RDDT</Cd><SubFmlyCd>ESDD</SubFmlyCd></Fmly></Domn><Prtry><Cd>NDDT+105+9208+992</Cd><Issr>DK</Issr></Prtry></BkTxCd><RltdPties><Dbtr><Pty><Nm>TransAct Software GmbH</Nm></Pty></Dbtr><DbtrAcct><Id><IBAN>DE35230510300004619086</IBAN></Id></DbtrAcct><Cdtr><Pty><Nm>Techniker Krankenkasse</Nm><Id><PrvtId><Othr><Id>DE51TK100000031158</Id></Othr></PrvtId></Id></Pty></Cdtr><CdtrAcct><Id><IBAN>DE59200505501280376854</IBAN></Id></CdtrAcct></RltdPties><RltdAgts><DbtrAgt><FinInstnId><BICFI>NOLADE21SHO</BICFI></FinInstnId></DbtrAgt><CdtrAgt><FinInstnId><BICFI>HASPDEHHXXX</BICFI></FinInstnId></CdtrAgt></RltdAgts><RmtInf><Ustrd>BNR: 15213435 B5640003757 Beitraege 06/25</Ustrd></RmtInf></TxDtls></NtryDtls><AddtlNtryInf>FOLGELASTSCHRIFT</AddtlNtryInf></Ntry><Ntry><Amt Ccy="EUR">15905.89</Amt><CdtDbtInd>DBIT</CdtDbtInd><Sts><Cd>BOOK</Cd></Sts><BookgDt><Dt>2025-07-15</Dt></BookgDt><ValDt><Dt>2025-07-15</Dt></ValDt><AcctSvcrRef>2025-07-15-00.13.06.820601</AcctSvcrRef><BkTxCd/><NtryDtls><TxDtls><Refs><EndToEndId>048/764/04562-----L1007202500033197</EndToEndId><MndtId>HH266884966327</MndtId><Prtry><Tp>FI-UMSATZ-ID</Tp><Ref>2025-07-15-00.13.06.820601</Ref></Prtry></Refs><Amt Ccy="EUR">15905.89</Amt><BkTxCd><Domn><Cd>PMNT</Cd><Fmly><Cd>RDDT</Cd><SubFmlyCd>ESDD</SubFmlyCd></Fmly></Domn><Prtry><Cd>NDDT+105+9262+992</Cd><Issr>DK</Issr></Prtry></BkTxCd><RltdPties><Dbtr><Pty><Nm>TRANSACT - GESELLSCHAFT FUE</Nm></Pty></Dbtr><DbtrAcct><Id><IBAN>DE35230510300004619086</IBAN></Id></DbtrAcct><Cdtr><Pty><Nm>STEUERKASSE HAMBURG</Nm><Id><PrvtId><Othr><Id>DE43ZZZ00000037898</Id></Othr></PrvtId></Id></Pty></Cdtr><CdtrAcct><Id><IBAN>DE03200000000020001530</IBAN></Id></CdtrAcct></RltdPties><RltdAgts><DbtrAgt><FinInstnId><BICFI>NOLADE21SHO</BICFI></FinInstnId></DbtrAgt><CdtrAgt><FinInstnId><BICFI>MARKDEF1200</BICFI></FinInstnId></CdtrAgt></RltdAgts><RmtInf><Ustrd>STEUERNR 048/764/04562     LOHNST  JUN.25  15.905,89EUR</Ustrd></RmtInf></TxDtls></NtryDtls><AddtlNtryInf>FOLGELASTSCHRIFT</AddtlNtryInf></Ntry><Ntry><Amt Ccy="EUR">10000.00</Amt><CdtDbtInd>DBIT</CdtDbtInd><Sts><Cd>BOOK</Cd></Sts><BookgDt><Dt>2025-07-15</Dt></BookgDt><ValDt><Dt>2025-07-15</Dt></ValDt><AcctSvcrRef>2025-07-15-00.29.21.962136</AcctSvcrRef><BkTxCd/><NtryDtls><TxDtls><Refs><Prtry><Tp>FI-UMSATZ-ID</Tp><Ref>2025-07-15-00.29.21.962136</Ref></Prtry></Refs><Amt Ccy="EUR">10000.00</Amt><BkTxCd><Domn><Cd>PMNT</Cd><Fmly><Cd>ICDT</Cd><SubFmlyCd>STDO</SubFmlyCd></Fmly></Domn><Prtry><Cd>NSTO+117+7000+997</Cd><Issr>DK</Issr></Prtry></BkTxCd><RltdPties><Dbtr><Pty><Nm>Transact-Gesellschaft für Software&amp; Analyse GmbH</Nm></Pty></Dbtr><DbtrAcct><Id><IBAN>DE35230510300004619086</IBAN></Id></DbtrAcct><Cdtr><Pty><Nm>Transact-Gesellschaft, für Software &amp; Analyse GmbH</Nm></Pty></Cdtr><CdtrAcct><Id><IBAN>DE71230510300511718918</IBAN></Id></CdtrAcct></RltdPties><RltdAgts><DbtrAgt><FinInstnId><BICFI>NOLADE21SHO</BICFI></FinInstnId></DbtrAgt><CdtrAgt><FinInstnId><BICFI>NOLADE21SHO</BICFI></FinInstnId></CdtrAgt></RltdAgts><Purp><Cd>RINP</Cd></Purp><RmtInf><Ustrd>Allg. Rücklage</Ustrd></RmtInf></TxDtls></NtryDtls><AddtlNtryInf>DAUERAUFTRAG</AddtlNtryInf></Ntry><Ntry><Amt Ccy="EUR">2584.68</Amt><CdtDbtInd>CRDT</CdtDbtInd><Sts><Cd>BOOK</Cd></Sts><BookgDt><Dt>2025-07-15</Dt></BookgDt><ValDt><Dt>2025-07-15</Dt></ValDt><AcctSvcrRef>2025-07-15-08.32.40.319580</AcctSvcrRef><BkTxCd/><NtryDtls><TxDtls><Refs><EndToEndId>ZV2500282158</EndToEndId><Prtry><Tp>FI-UMSATZ-ID</Tp><Ref>2025-07-15-08.32.40.319580</Ref></Prtry></Refs><Amt Ccy="EUR">2584.68</Amt><BkTxCd><Domn><Cd>PMNT</Cd><Fmly><Cd>RCDT</Cd><SubFmlyCd>ESCT</SubFmlyCd></Fmly></Domn><Prtry><Cd>NTRF+166+9209+000</Cd><Issr>DK</Issr></Prtry></BkTxCd><RltdPties><Dbtr><Pty><Nm>HOCHTAUNUS-KLINIKEN GEMEINNUETZIGE GMBH</Nm></Pty></Dbtr><DbtrAcct><Id><IBAN>DE31512500000001019244</IBAN></Id></DbtrAcct><Cdtr><Pty><Nm>TRANSACT GMBH</Nm></Pty></Cdtr><CdtrAcct><Id><IBAN>DE35230510300004619086</IBAN></Id></CdtrAcct></RltdPties><RltdAgts><DbtrAgt><FinInstnId><BICFI>HELADEF1TSK</BICFI></FinInstnId></DbtrAgt><CdtrAgt><FinInstnId><BICFI>NOLADE21SHO</BICFI></FinInstnId></CdtrAgt></RltdAgts><RmtInf><Ustrd>RE.NR.RA202500439 KD.NR. 578</Ustrd></RmtInf></TxDtls></NtryDtls><AddtlNtryInf>GUTSCHRIFT ÜBERWEISUNG</AddtlNtryInf></Ntry><Ntry><Amt Ccy="EUR">10623.96</Amt><CdtDbtInd>CRDT</CdtDbtInd><Sts><Cd>BOOK</Cd></Sts><BookgDt><Dt>2025-07-15</Dt></BookgDt><ValDt><Dt>2025-07-15</Dt></ValDt><AcctSvcrRef>2025-07-15-10.14.40.929459</AcctSvcrRef><BkTxCd/><NtryDtls><TxDtls><Refs><EndToEndId>6</EndToEndId><Prtry><Tp>FI-UMSATZ-ID</Tp><Ref>2025-07-15-10.14.40.929459</Ref></Prtry></Refs><Amt Ccy="EUR">10623.96</Amt><BkTxCd><Domn><Cd>PMNT</Cd><Fmly><Cd>RCDT</Cd><SubFmlyCd>ESCT</SubFmlyCd></Fmly></Domn><Prtry><Cd>NTRF+166+9249+000</Cd><Issr>DK</Issr></Prtry></BkTxCd><RltdPties><Dbtr><Pty><Nm>Niels-Stensen-Kliniken GmbH</Nm></Pty></Dbtr><DbtrAcct><Id><IBAN>DE46400602650020070700</IBAN></Id></DbtrAcct><Cdtr><Pty><Nm>Transact - Gesellschaft fuer</Nm></Pty></Cdtr><CdtrAcct><Id><IBAN>DE35230510300004619086</IBAN></Id></CdtrAcct></RltdPties><RltdAgts><DbtrAgt><FinInstnId><BICFI>GENODEM1DKM</BICFI></FinInstnId></DbtrAgt><CdtrAgt><FinInstnId><BICFI>NOLADE21SHO</BICFI></FinInstnId></CdtrAgt></RltdAgts><RmtInf><Ustrd>11.07.2025 10623.96 202500491</Ustrd></RmtInf></TxDtls></NtryDtls><AddtlNtryInf>GUTSCHRIFT ÜBERWEISUNG</AddtlNtryInf></Ntry><Ntry><Amt Ccy="EUR">26636.84</Amt><CdtDbtInd>CRDT</CdtDbtInd><Sts><Cd>BOOK</Cd></Sts><BookgDt><Dt>2025-07-15</Dt></BookgDt><ValDt><Dt>2025-07-15</Dt></ValDt><AcctSvcrRef>2025-07-15-10.54.53.752733</AcctSvcrRef><BkTxCd/><NtryDtls><TxDtls><Refs><EndToEndId>1500041274</EndToEndId><Prtry><Tp>FI-UMSATZ-ID</Tp><Ref>2025-07-15-10.54.53.752733</Ref></Prtry></Refs><Amt Ccy="EUR">26636.84</Amt><BkTxCd><Domn><Cd>PMNT</Cd><Fmly><Cd>RCDT</Cd><SubFmlyCd>ESCT</SubFmlyCd></Fmly></Domn><Prtry><Cd>NTRF+166+9217+000</Cd><Issr>DK</Issr></Prtry></BkTxCd><RltdPties><Dbtr><Pty><Nm>Universitätsklinikum Schleswig-Holstein (UKSH)</Nm></Pty></Dbtr><DbtrAcct><Id><IBAN>DE31213522400179073333</IBAN></Id></DbtrAcct><UltmtDbtr><Pty><Nm>Universitaetsklinikum S-H</Nm></Pty></UltmtDbtr><Cdtr><Pty><Nm>Transact GmbH</Nm></Pty></Cdtr><CdtrAcct><Id><IBAN>DE35230510300004619086</IBAN></Id></CdtrAcct></RltdPties><RltdAgts><DbtrAgt><FinInstnId><BICFI>NOLADE21HOL</BICFI></FinInstnId></DbtrAgt><CdtrAgt><FinInstnId><BICFI>NOLADE21SHO</BICFI></FinInstnId></CdtrAgt></RltdAgts><RmtInf><Ustrd>1381/INV/RA 202500401 11.6.2025USKH KRED</Ustrd></RmtInf></TxDtls></NtryDtls><AddtlNtryInf>GUTSCHRIFT ÜBERWEISUNG</AddtlNtryInf></Ntry><Ntry><Amt Ccy="EUR">3402.64</Amt><CdtDbtInd>CRDT</CdtDbtInd><Sts><Cd>BOOK</Cd></Sts><BookgDt><Dt>2025-07-15</Dt></BookgDt><ValDt><Dt>2025-07-15</Dt></ValDt><AcctSvcrRef>2025-07-15-14.11.27.177792</AcctSvcrRef><BkTxCd/><NtryDtls><TxDtls><Refs><EndToEndId>0003005572</EndToEndId><Prtry><Tp>FI-UMSATZ-ID</Tp><Ref>2025-07-15-14.11.27.177792</Ref></Prtry></Refs><Amt Ccy="EUR">3402.64</Amt><BkTxCd><Domn><Cd>PMNT</Cd><Fmly><Cd>RCDT</Cd><SubFmlyCd>ESCT</SubFmlyCd></Fmly></Domn><Prtry><Cd>NTRF+166+9203+000</Cd><Issr>DK</Issr></Prtry></BkTxCd><RltdPties><Dbtr><Pty><Nm>Kaiserswerther Diakonie</Nm></Pty></Dbtr><DbtrAcct><Id><IBAN>DE27300501100024000341</IBAN></Id></DbtrAcct><Cdtr><Pty><Nm>Transact GmbH                                                         Wielandstrasse 36</Nm></Pty></Cdtr><CdtrAcct><Id><IBAN>DE35230510300004619086</IBAN></Id></CdtrAcct></RltdPties><RltdAgts><DbtrAgt><FinInstnId><BICFI>DUSSDEDDXXX</BICFI></FinInstnId></DbtrAgt><CdtrAgt><FinInstnId><BICFI>NOLADE21SHO</BICFI></FinInstnId></CdtrAgt></RltdAgts><RmtInf><Ustrd>/INV/202500438 24.6.2025 /477</Ustrd></RmtInf></TxDtls></NtryDtls><AddtlNtryInf>GUTSCHRIFT ÜBERWEISUNG</AddtlNtryInf></Ntry><Ntry><Amt Ccy="EUR">1606.50</Amt><CdtDbtInd>CRDT</CdtDbtInd><Sts><Cd>BOOK</Cd></Sts><BookgDt><Dt>2025-07-15</Dt></BookgDt><ValDt><Dt>2025-07-15</Dt></ValDt><AcctSvcrRef>2025-07-15-14.46.28.195389</AcctSvcrRef><BkTxCd/><NtryDtls><TxDtls><Refs><EndToEndId>Kreditor 115813 / 5067119</EndToEndId><Prtry><Tp>FI-UMSATZ-ID</Tp><Ref>2025-07-15-14.46.28.195389</Ref></Prtry></Refs><Amt Ccy="EUR">1606.50</Amt><BkTxCd><Domn><Cd>PMNT</Cd><Fmly><Cd>RCDT</Cd><SubFmlyCd>ESCT</SubFmlyCd></Fmly></Domn><Prtry><Cd>NTRF+166+9243+000</Cd><Issr>DK</Issr></Prtry></BkTxCd><RltdPties><Dbtr><Pty><Nm>Charite Universitaetsmedizin Berlin</Nm></Pty></Dbtr><DbtrAcct><Id><IBAN>DE11120300000001512359</IBAN></Id></DbtrAcct><Cdtr><Pty><Nm>Transact - Gesellschaft fuer Software  Analyse mbH</Nm></Pty></Cdtr><CdtrAcct><Id><IBAN>DE35230510300004619086</IBAN></Id></CdtrAcct></RltdPties><RltdAgts><DbtrAgt><FinInstnId><BICFI>BYLADEM1001</BICFI></FinInstnId></DbtrAgt><CdtrAgt><FinInstnId><BICFI>NOLADE21SHO</BICFI></FinInstnId></CdtrAgt></RltdAgts><RmtInf><Ustrd>/INV RA202500451261</Ustrd></RmtInf></TxDtls></NtryDtls><AddtlNtryInf>GUTSCHRIFT ÜBERWEISUNG</AddtlNtryInf></Ntry><Ntry><Amt Ccy="EUR">3564.05</Amt><CdtDbtInd>CRDT</CdtDbtInd><Sts><Cd>BOOK</Cd></Sts><BookgDt><Dt>2025-07-15</Dt></BookgDt><ValDt><Dt>2025-07-15</Dt></ValDt><AcctSvcrRef>2025-07-15-15.15.03.213531</AcctSvcrRef><BkTxCd/><NtryDtls><TxDtls><Refs><EndToEndId>8.7.2025 0080000269</EndToEndId><Prtry><Tp>FI-UMSATZ-ID</Tp><Ref>2025-07-15-15.15.03.213531</Ref></Prtry></Refs><Amt Ccy="EUR">3564.05</Amt><BkTxCd><Domn><Cd>PMNT</Cd><Fmly><Cd>RCDT</Cd><SubFmlyCd>ESCT</SubFmlyCd></Fmly></Domn><Prtry><Cd>NTRF+166+9203+000</Cd><Issr>DK</Issr></Prtry></BkTxCd><RltdPties><Dbtr><Pty><Nm>MedUniServ GmbH                                                       50931 Koeln</Nm></Pty></Dbtr><DbtrAcct><Id><IBAN>DE90370501980167502954</IBAN></Id></DbtrAcct><Cdtr><Pty><Nm>Transact Gesellschaft fuer Software und Analyse mbH                   Kleine Reichenstrasse 1</Nm></Pty></Cdtr><CdtrAcct><Id><IBAN>DE35230510300004619086</IBAN></Id></CdtrAcct></RltdPties><RltdAgts><DbtrAgt><FinInstnId><BICFI>COLSDE33XXX</BICFI></FinInstnId></DbtrAgt><CdtrAgt><FinInstnId><BICFI>NOLADE21SHO</BICFI></FinInstnId></CdtrAgt></RltdAgts><RmtInf><Ustrd>130000800002692025/INV/202500468 8.7.2025</Ustrd></RmtInf></TxDtls></NtryDtls><AddtlNtryInf>GUTSCHRIFT ÜBERWEISUNG</AddtlNtryInf></Ntry><Ntry><Amt Ccy="EUR">1094.61</Amt><CdtDbtInd>CRDT</CdtDbtInd><Sts><Cd>BOOK</Cd></Sts><BookgDt><Dt>2025-07-15</Dt></BookgDt><ValDt><Dt>2025-07-15</Dt></ValDt><AcctSvcrRef>2025-07-15-15.20.09.823482</AcctSvcrRef><BkTxCd/><NtryDtls><TxDtls><Refs><EndToEndId>231</EndToEndId><Prtry><Tp>FI-UMSATZ-ID</Tp><Ref>2025-07-15-15.20.09.823482</Ref></Prtry></Refs><Amt Ccy="EUR">1094.61</Amt><BkTxCd><Domn><Cd>PMNT</Cd><Fmly><Cd>RCDT</Cd><SubFmlyCd>ESCT</SubFmlyCd></Fmly></Domn><Prtry><Cd>NTRF+166+9227+000</Cd><Issr>DK</Issr></Prtry></BkTxCd><RltdPties><Dbtr><Pty><Nm>Märkische Gesundheitsholding GmbH &amp;Co. KG</Nm></Pty></Dbtr><DbtrAcct><Id><IBAN>DE55450500010000431114</IBAN></Id></DbtrAcct><UltmtDbtr><Pty><Nm>MAERK. GESUNDHEITSHOLDING</Nm></Pty></UltmtDbtr><Cdtr><Pty><Nm>TRANSACT - GES. FUER SOFTWARE + ANALYSE MBH</Nm></Pty></Cdtr><CdtrAcct><Id><IBAN>DE35230510300004619086</IBAN></Id></CdtrAcct></RltdPties><RltdAgts><DbtrAgt><FinInstnId><BICFI>WELADE3HXXX</BICFI></FinInstnId></DbtrAgt><CdtrAgt><FinInstnId><BICFI>NOLADE21SHO</BICFI></FinInstnId></CdtrAgt></RltdAgts><RmtInf><Ustrd>RA 202500395, TRANSACT                                        1094,61</Ustrd></RmtInf></TxDtls></NtryDtls><AddtlNtryInf>GUTSCHRIFT ÜBERWEISUNG</AddtlNtryInf></Ntry><Ntry><Amt Ccy="EUR">1487.50</Amt><CdtDbtInd>CRDT</CdtDbtInd><Sts><Cd>BOOK</Cd></Sts><BookgDt><Dt>2025-07-15</Dt></BookgDt><ValDt><Dt>2025-07-15</Dt></ValDt><AcctSvcrRef>2025-07-15-16.01.32.638652</AcctSvcrRef><BkTxCd/><NtryDtls><TxDtls><Refs><EndToEndId>ZA00148385</EndToEndId><Prtry><Tp>FI-UMSATZ-ID</Tp><Ref>2025-07-15-16.01.32.638652</Ref></Prtry></Refs><Amt Ccy="EUR">1487.50</Amt><BkTxCd><Domn><Cd>PMNT</Cd><Fmly><Cd>RCDT</Cd><SubFmlyCd>ESCT</SubFmlyCd></Fmly></Domn><Prtry><Cd>NTRF+166+9243+000</Cd><Issr>DK</Issr></Prtry></BkTxCd><RltdPties><Dbtr><Pty><Nm>Krankenhaus GmbH Landkreis Weilheim-Schongau</Nm></Pty></Dbtr><DbtrAcct><Id><IBAN>DE04703510300000005991</IBAN></Id></DbtrAcct><UltmtDbtr><Pty><Nm>KRANKENHAUS SCHONGAU</Nm></Pty></UltmtDbtr><Cdtr><Pty><Nm>TRANSACT GMBH</Nm></Pty></Cdtr><CdtrAcct><Id><IBAN>DE35230510300004619086</IBAN></Id></CdtrAcct></RltdPties><RltdAgts><DbtrAgt><FinInstnId><BICFI>BYLADEM1WHM</BICFI></FinInstnId></DbtrAgt><CdtrAgt><FinInstnId><BICFI>NOLADE21SHO</BICFI></FinInstnId></CdtrAgt></RltdAgts><RmtInf><Ustrd>RE.NR.RA 202500461 KD.NR. 1028</Ustrd></RmtInf></TxDtls></NtryDtls><AddtlNtryInf>GUTSCHRIFT ÜBERWEISUNG</AddtlNtryInf></Ntry></Rpt></BkToCstmrAcctRpt></Document>