<?xml version="1.0" encoding="UTF-8"?><Document xmlns="urn:iso:std:iso:20022:tech:xsd:camt.052.001.08" xmlns:xsi="http://www.w3.org/2001/XMLSchema-instance" xsi:schemaLocation="urn:iso:std:iso:20022:tech:xsd:camt.052.001.08 camt.052.001.08.xsd"><BkToCstmrAcctRpt><GrpHdr><MsgId>camt52_20250728112022__ONLINEBA</MsgId><CreDtTm>2025-07-28T11:20:22+02:00</CreDtTm></GrpHdr><Rpt><Id>camt0528_ONLINEBA</Id><RptPgntn><PgNb>1</PgNb><LastPgInd>true</LastPgInd></RptPgntn><CreDtTm>2025-07-28T11:20:22+02:00</CreDtTm><Acct><Id><IBAN>DE35230510300004619086</IBAN></Id><Ccy>EUR</Ccy><Svcr><FinInstnId><BICFI>NOLADE21SHO</BICFI><Nm>SPARKASSE SUEDHOLSTEIN</Nm><Othr><Id>DE 134796412</Id><Issr>UmsStId</Issr></Othr></FinInstnId></Svcr></Acct><Bal><Tp><CdOrPrtry><Cd>OPBD</Cd></CdOrPrtry></Tp><Amt Ccy="EUR">183086.67</Amt><CdtDbtInd>CRDT</CdtDbtInd><Dt><Dt>2025-07-17</Dt></Dt></Bal><Bal><Tp><CdOrPrtry><Cd>CLBD</Cd></CdOrPrtry></Tp><Amt Ccy="EUR">188959.28</Amt><CdtDbtInd>CRDT</CdtDbtInd><Dt><Dt>2025-07-18</Dt></Dt></Bal><Ntry><Amt Ccy="EUR">29.99</Amt><CdtDbtInd>DBIT</CdtDbtInd><Sts><Cd>BOOK</Cd></Sts><BookgDt><Dt>2025-07-18</Dt></BookgDt><ValDt><Dt>2025-07-18</Dt></ValDt><AcctSvcrRef>2025-07-18-00.07.47.288821</AcctSvcrRef><BkTxCd/><NtryDtls><TxDtls><Refs><EndToEndId>3404388712340001305064434008RCUR</EndToEndId><MndtId>T0010001B000006045778269</MndtId><Prtry><Tp>FI-UMSATZ-ID</Tp><Ref>2025-07-18-00.07.47.288821</Ref></Prtry></Refs><Amt Ccy="EUR">29.99</Amt><BkTxCd><Domn><Cd>PMNT</Cd><Fmly><Cd>RDDT</Cd><SubFmlyCd>ESDD</SubFmlyCd></Fmly></Domn><Prtry><Cd>NDDT+105+9248+992</Cd><Issr>DK</Issr></Prtry></BkTxCd><RltdPties><Dbtr><Pty><Nm>Guido Mitschke Today is Life UG</Nm></Pty></Dbtr><DbtrAcct><Id><IBAN>DE35230510300004619086</IBAN></Id></DbtrAcct><Cdtr><Pty><Nm>Telefonica Germany GmbH + Co. OHG</Nm><Id><PrvtId><Othr><Id>DE9700000000142462</Id></Othr></PrvtId></Id></Pty></Cdtr><CdtrAcct><Id><IBAN>DE49700400410225563601</IBAN></Id></CdtrAcct></RltdPties><RltdAgts><DbtrAgt><FinInstnId><BICFI>NOLADE21SHO</BICFI></FinInstnId></DbtrAgt><CdtrAgt><FinInstnId><BICFI>COBADEFF</BICFI></FinInstnId></CdtrAgt></RltdAgts><RmtInf><Ustrd>Kd-Nr.: 6045778269, Rg-Nr.: 1305064434/8, Ihre Tarifrechnung</Ustrd></RmtInf></TxDtls></NtryDtls><AddtlNtryInf>FOLGELASTSCHRIFT</AddtlNtryInf></Ntry><Ntry><Amt Ccy="EUR">1083.10</Amt><CdtDbtInd>CRDT</CdtDbtInd><Sts><Cd>BOOK</Cd></Sts><BookgDt><Dt>2025-07-18</Dt></BookgDt><ValDt><Dt>2025-07-18</Dt></ValDt><AcctSvcrRef>2025-07-18-10.26.16.765475</AcctSvcrRef><BkTxCd/><NtryDtls><TxDtls><Refs><EndToEndId>0011492160</EndToEndId><Prtry><Tp>FI-UMSATZ-ID</Tp><Ref>2025-07-18-10.26.16.765475</Ref></Prtry></Refs><Amt Ccy="EUR">1083.10</Amt><BkTxCd><Domn><Cd>PMNT</Cd><Fmly><Cd>RCDT</Cd><SubFmlyCd>ESCT</SubFmlyCd></Fmly></Domn><Prtry><Cd>NTRF+166+9227+000</Cd><Issr>DK</Issr></Prtry></BkTxCd><RltdPties><Dbtr><Pty><Nm>Universitätsklinikum Freiburg Verwaltung des Klinikums                Freiburg</Nm></Pty></Dbtr><DbtrAcct><Id><IBAN>DE08680501010002004406</IBAN></Id></DbtrAcct><UltmtDbtr><Pty><Nm>Universitaetsklinik</Nm></Pty></UltmtDbtr><Cdtr><Pty><Nm>Transact GmbH                                                         Rudolf-Klug-Weg 3</Nm></Pty></Cdtr><CdtrAcct><Id><IBAN>DE35230510300004619086</IBAN></Id></CdtrAcct></RltdPties><RltdAgts><DbtrAgt><FinInstnId><BICFI>FRSPDE66XXX</BICFI></FinInstnId></DbtrAgt><CdtrAgt><FinInstnId><BICFI>NOLADE21SHO</BICFI></FinInstnId></CdtrAgt></RltdAgts><RmtInf><Ustrd>186/INV/202500498 14.7.2025</Ustrd></RmtInf></TxDtls></NtryDtls><AddtlNtryInf>GUTSCHRIFT ÜBERWEISUNG</AddtlNtryInf></Ntry><Ntry><Amt Ccy="EUR">4819.50</Amt><CdtDbtInd>CRDT</CdtDbtInd><Sts><Cd>BOOK</Cd></Sts><BookgDt><Dt>2025-07-18</Dt></BookgDt><ValDt><Dt>2025-07-18</Dt></ValDt><AcctSvcrRef>2025-07-18-12.10.25.734813</AcctSvcrRef><BkTxCd/><NtryDtls><TxDtls><Refs><EndToEndId>KD688 64</EndToEndId><Prtry><Tp>FI-UMSATZ-ID</Tp><Ref>2025-07-18-12.10.25.734813</Ref></Prtry></Refs><Amt Ccy="EUR">4819.50</Amt><BkTxCd><Domn><Cd>PMNT</Cd><Fmly><Cd>RCDT</Cd><SubFmlyCd>ESCT</SubFmlyCd></Fmly></Domn><Prtry><Cd>NTRF+166+9249+000</Cd><Issr>DK</Issr></Prtry></BkTxCd><RltdPties><Dbtr><Pty><Nm>Artemed SE</Nm></Pty></Dbtr><DbtrAcct><Id><IBAN>DE10370205000009824500</IBAN></Id></DbtrAcct><Cdtr><Pty><Nm>Transact GmbH</Nm></Pty></Cdtr><CdtrAcct><Id><IBAN>DE35230510300004619086</IBAN></Id></CdtrAcct></RltdPties><RltdAgts><DbtrAgt><FinInstnId><BICFI>BFSWDE33</BICFI></FinInstnId></DbtrAgt><CdtrAgt><FinInstnId><BICFI>NOLADE21SHO</BICFI></FinInstnId></CdtrAgt></RltdAgts><RmtInf><Ustrd>03.07.2025 4819.50 202500465</Ustrd></RmtInf></TxDtls></NtryDtls><AddtlNtryInf>GUTSCHRIFT ÜBERWEISUNG</AddtlNtryInf></Ntry></Rpt></BkToCstmrAcctRpt></Document>