<?xml version="1.0" encoding="UTF-8"?><Document xmlns="urn:iso:std:iso:20022:tech:xsd:camt.052.001.08" xmlns:xsi="http://www.w3.org/2001/XMLSchema-instance" xsi:schemaLocation="urn:iso:std:iso:20022:tech:xsd:camt.052.001.08 camt.052.001.08.xsd"><BkToCstmrAcctRpt><GrpHdr><MsgId>camt52_20250804115001__ONLINEBA</MsgId><CreDtTm>2025-08-04T11:50:01+02:00</CreDtTm></GrpHdr><Rpt><Id>camt0528_ONLINEBA</Id><RptPgntn><PgNb>1</PgNb><LastPgInd>true</LastPgInd></RptPgntn><CreDtTm>2025-08-04T11:50:01+02:00</CreDtTm><Acct><Id><IBAN>DE35230510300004619086</IBAN></Id><Ccy>EUR</Ccy><Svcr><FinInstnId><BICFI>NOLADE21SHO</BICFI><Nm>SPARKASSE SUEDHOLSTEIN</Nm><Othr><Id>DE 134796412</Id><Issr>UmsStId</Issr></Othr></FinInstnId></Svcr></Acct><Bal><Tp><CdOrPrtry><Cd>OPBD</Cd></CdOrPrtry></Tp><Amt Ccy="EUR">111760.73</Amt><CdtDbtInd>CRDT</CdtDbtInd><Dt><Dt>2025-07-29</Dt></Dt></Bal><Bal><Tp><CdOrPrtry><Cd>CLBD</Cd></CdOrPrtry></Tp><Amt Ccy="EUR">137095.90</Amt><CdtDbtInd>CRDT</CdtDbtInd><Dt><Dt>2025-07-30</Dt></Dt></Bal><Ntry><Amt Ccy="EUR">1566.32</Amt><CdtDbtInd>CRDT</CdtDbtInd><Sts><Cd>BOOK</Cd></Sts><BookgDt><Dt>2025-07-30</Dt></BookgDt><ValDt><Dt>2025-07-30</Dt></ValDt><AcctSvcrRef>2025-07-30-09.15.24.859742</AcctSvcrRef><BkTxCd/><NtryDtls><TxDtls><Refs><EndToEndId>6007869222</EndToEndId><Prtry><Tp>FI-UMSATZ-ID</Tp><Ref>2025-07-30-09.15.24.859742</Ref></Prtry></Refs><Amt Ccy="EUR">1566.32</Amt><BkTxCd><Domn><Cd>PMNT</Cd><Fmly><Cd>RCDT</Cd><SubFmlyCd>ESCT</SubFmlyCd></Fmly></Domn><Prtry><Cd>NTRF+166+9249+000</Cd><Issr>DK</Issr></Prtry></BkTxCd><RltdPties><Dbtr><Pty><Nm>Techniker Krankenkasse</Nm></Pty></Dbtr><DbtrAcct><Id><IBAN>DE76200400000221061507</IBAN></Id></DbtrAcct><Cdtr><Pty><Nm>TransAct Software GmbH</Nm></Pty></Cdtr><CdtrAcct><Id><IBAN>DE35230510300004619086</IBAN></Id></CdtrAcct></RltdPties><RltdAgts><DbtrAgt><FinInstnId><BICFI>COBADEHH</BICFI></FinInstnId></DbtrAgt><CdtrAgt><FinInstnId><BICFI>NOLADE21SHO</BICFI></FinInstnId></CdtrAgt></RltdAgts><RmtInf><Ustrd>TK-Beleg 260725,ABHQM,564 BNR: 15213435 B5640003757 Guthaben 07/2025</Ustrd></RmtInf></TxDtls></NtryDtls><AddtlNtryInf>GUTSCHRIFT ÜBERWEISUNG</AddtlNtryInf></Ntry><Ntry><Amt Ccy="EUR">18949.35</Amt><CdtDbtInd>CRDT</CdtDbtInd><Sts><Cd>BOOK</Cd></Sts><BookgDt><Dt>2025-07-30</Dt></BookgDt><ValDt><Dt>2025-07-30</Dt></ValDt><AcctSvcrRef>2025-07-30-13.11.08.669828</AcctSvcrRef><BkTxCd/><NtryDtls><TxDtls><Refs><EndToEndId>KD437 81</EndToEndId><Prtry><Tp>FI-UMSATZ-ID</Tp><Ref>2025-07-30-13.11.08.669828</Ref></Prtry></Refs><Amt Ccy="EUR">18949.35</Amt><BkTxCd><Domn><Cd>PMNT</Cd><Fmly><Cd>RCDT</Cd><SubFmlyCd>ESCT</SubFmlyCd></Fmly></Domn><Prtry><Cd>NTRF+166+9227+000</Cd><Issr>DK</Issr></Prtry></BkTxCd><RltdPties><Dbtr><Pty><Nm>Klinikum am Weissenhof</Nm></Pty></Dbtr><DbtrAcct><Id><IBAN>DE61620500000013600370</IBAN></Id></DbtrAcct><UltmtDbtr><Pty><Nm>Klinikum am Weissenhof</Nm></Pty></UltmtDbtr><Cdtr><Pty><Nm>Transact GmbH - Gesellschaft fuer</Nm></Pty></Cdtr><CdtrAcct><Id><IBAN>DE35230510300004619086</IBAN></Id></CdtrAcct></RltdPties><RltdAgts><DbtrAgt><FinInstnId><BICFI>HEISDE66XXX</BICFI></FinInstnId></DbtrAgt><CdtrAgt><FinInstnId><BICFI>NOLADE21SHO</BICFI></FinInstnId></CdtrAgt></RltdAgts><RmtInf><Ustrd>437 17.07.25 NR. 202500508 18.949,35</Ustrd></RmtInf></TxDtls></NtryDtls><AddtlNtryInf>GUTSCHRIFT ÜBERWEISUNG</AddtlNtryInf></Ntry><Ntry><Amt Ccy="EUR">3213.00</Amt><CdtDbtInd>CRDT</CdtDbtInd><Sts><Cd>BOOK</Cd></Sts><BookgDt><Dt>2025-07-30</Dt></BookgDt><ValDt><Dt>2025-07-30</Dt></ValDt><AcctSvcrRef>2025-07-30-13.12.30.546536</AcctSvcrRef><BkTxCd/><NtryDtls><TxDtls><Refs><EndToEndId>63</EndToEndId><Prtry><Tp>FI-UMSATZ-ID</Tp><Ref>2025-07-30-13.12.30.546536</Ref></Prtry></Refs><Amt Ccy="EUR">3213.00</Amt><BkTxCd><Domn><Cd>PMNT</Cd><Fmly><Cd>RCDT</Cd><SubFmlyCd>ESCT</SubFmlyCd></Fmly></Domn><Prtry><Cd>NTRF+166+9217+000</Cd><Issr>DK</Issr></Prtry></BkTxCd><RltdPties><Dbtr><Pty><Nm>ALLGEMEINES KRANKENHAUS CELLE</Nm></Pty></Dbtr><DbtrAcct><Id><IBAN>DE97269513110000008235</IBAN></Id></DbtrAcct><Cdtr><Pty><Nm>Transact GmbH</Nm></Pty></Cdtr><CdtrAcct><Id><IBAN>DE35230510300004619086</IBAN></Id></CdtrAcct></RltdPties><RltdAgts><DbtrAgt><FinInstnId><BICFI>NOLADE21GFW</BICFI></FinInstnId></DbtrAgt><CdtrAgt><FinInstnId><BICFI>NOLADE21SHO</BICFI></FinInstnId></CdtrAgt></RltdAgts><RmtInf><Ustrd>15.07.25 NR. 202500502</Ustrd></RmtInf></TxDtls></NtryDtls><AddtlNtryInf>GUTSCHRIFT ÜBERWEISUNG</AddtlNtryInf></Ntry><Ntry><Amt Ccy="EUR">1606.50</Amt><CdtDbtInd>CRDT</CdtDbtInd><Sts><Cd>BOOK</Cd></Sts><BookgDt><Dt>2025-07-30</Dt></BookgDt><ValDt><Dt>2025-07-30</Dt></ValDt><AcctSvcrRef>2025-07-30-15.22.54.547084</AcctSvcrRef><BkTxCd/><NtryDtls><TxDtls><Refs><EndToEndId>0002374772</EndToEndId><Prtry><Tp>FI-UMSATZ-ID</Tp><Ref>2025-07-30-15.22.54.547084</Ref></Prtry></Refs><Amt Ccy="EUR">1606.50</Amt><BkTxCd><Domn><Cd>PMNT</Cd><Fmly><Cd>RCDT</Cd><SubFmlyCd>ESCT</SubFmlyCd></Fmly></Domn><Prtry><Cd>NTRF+166+9249+000</Cd><Issr>DK</Issr></Prtry></BkTxCd><RltdPties><Dbtr><Pty><Nm>Universitatsklinikum Wurzburg</Nm></Pty></Dbtr><DbtrAcct><Id><IBAN>DE44790900000000185086</IBAN></Id></DbtrAcct><Cdtr><Pty><Nm>Transact                                                              Kleine Reichenstrasse 1</Nm></Pty></Cdtr><CdtrAcct><Id><IBAN>DE35230510300004619086</IBAN></Id></CdtrAcct></RltdPties><RltdAgts><DbtrAgt><FinInstnId><BICFI>GENODEF1WU1</BICFI></FinInstnId></DbtrAgt><CdtrAgt><FinInstnId><BICFI>NOLADE21SHO</BICFI></FinInstnId></CdtrAgt></RltdAgts><RmtInf><Ustrd>ReNr: 202500454 1.7.2025588abzgl. Skonto</Ustrd></RmtInf></TxDtls></NtryDtls><AddtlNtryInf>GUTSCHRIFT ÜBERWEISUNG</AddtlNtryInf></Ntry></Rpt></BkToCstmrAcctRpt></Document>