<?xml version="1.0" encoding="UTF-8"?><Document xmlns="urn:iso:std:iso:20022:tech:xsd:camt.052.001.08" xmlns:xsi="http://www.w3.org/2001/XMLSchema-instance" xsi:schemaLocation="urn:iso:std:iso:20022:tech:xsd:camt.052.001.08 camt.052.001.08.xsd"><BkToCstmrAcctRpt><GrpHdr><MsgId>camt52_20250804115001__ONLINEBA</MsgId><CreDtTm>2025-08-04T11:50:01+02:00</CreDtTm></GrpHdr><Rpt><Id>camt0528_ONLINEBA</Id><RptPgntn><PgNb>1</PgNb><LastPgInd>true</LastPgInd></RptPgntn><CreDtTm>2025-08-04T11:50:01+02:00</CreDtTm><Acct><Id><IBAN>DE35230510300004619086</IBAN></Id><Ccy>EUR</Ccy><Svcr><FinInstnId><BICFI>NOLADE21SHO</BICFI><Nm>SPARKASSE SUEDHOLSTEIN</Nm><Othr><Id>DE 134796412</Id><Issr>UmsStId</Issr></Othr></FinInstnId></Svcr></Acct><Bal><Tp><CdOrPrtry><Cd>OPBD</Cd></CdOrPrtry></Tp><Amt Ccy="EUR">202441.45</Amt><CdtDbtInd>CRDT</CdtDbtInd><Dt><Dt>2025-08-01</Dt></Dt></Bal><Bal><Tp><CdOrPrtry><Cd>CLBD</Cd></CdOrPrtry></Tp><Amt Ccy="EUR">137733.29</Amt><CdtDbtInd>CRDT</CdtDbtInd><Dt><Dt>2025-08-04</Dt></Dt></Bal><Ntry><Amt Ccy="EUR">4000.00</Amt><CdtDbtInd>DBIT</CdtDbtInd><Sts><Cd>BOOK</Cd></Sts><BookgDt><Dt>2025-08-04</Dt></BookgDt><ValDt><Dt>2025-08-04</Dt></ValDt><AcctSvcrRef>2025-08-04-00.07.07.333991</AcctSvcrRef><BkTxCd/><NtryDtls><TxDtls><Refs><EndToEndId>PN17K2GHLVL3K68</EndToEndId><MndtId>H4K17fLnLSs</MndtId><Prtry><Tp>FI-UMSATZ-ID</Tp><Ref>2025-08-04-00.07.07.333991</Ref></Prtry></Refs><Amt Ccy="EUR">4000.00</Amt><BkTxCd><Domn><Cd>PMNT</Cd><Fmly><Cd>RDDT</Cd><SubFmlyCd>ESDD</SubFmlyCd></Fmly></Domn><Prtry><Cd>NDDT+105+9248+992</Cd><Issr>DK</Issr></Prtry></BkTxCd><RltdPties><Dbtr><Pty><Nm>Transact - Gesellschaft fur Software . Analyse mbH</Nm></Pty></Dbtr><DbtrAcct><Id><IBAN>DE35230510300004619086</IBAN></Id></DbtrAcct><Cdtr><Pty><Nm>Pleo Financial Services A/S                                           Ravnsborg Tvaergade 5C, 4. Kobenhavn N DK,2200</Nm><Id><PrvtId><Othr><Id>DK29ZZZ999939155435</Id></Othr></PrvtId></Id></Pty></Cdtr><CdtrAcct><Id><IBAN>DE93501108006161618027</IBAN></Id></CdtrAcct></RltdPties><RltdAgts><DbtrAgt><FinInstnId><BICFI>NOLADE21SHO</BICFI></FinInstnId></DbtrAgt><CdtrAgt><FinInstnId><BICFI>CHASDEFXXXX</BICFI></FinInstnId></CdtrAgt></RltdAgts></TxDtls></NtryDtls><AddtlNtryInf>FOLGELASTSCHRIFT</AddtlNtryInf></Ntry><Ntry><Amt Ccy="EUR">60708.16</Amt><CdtDbtInd>DBIT</CdtDbtInd><Sts><Cd>BOOK</Cd></Sts><BookgDt><Dt>2025-08-04</Dt></BookgDt><ValDt><Dt>2025-08-04</Dt></ValDt><AcctSvcrRef>2025-08-04-01.07.48.124621</AcctSvcrRef><BkTxCd/><NtryDtls><TxDtls><Refs><PmtInfId>6811e18-975017218-16404149-20250803</PmtInfId><Prtry><Tp>FI-UMSATZ-ID</Tp><Ref>2025-08-04-01.07.48.124621</Ref></Prtry></Refs><Amt Ccy="EUR">60708.16</Amt><BkTxCd><Domn><Cd>PMNT</Cd><Fmly><Cd>ICDT</Cd><SubFmlyCd>ESCT</SubFmlyCd></Fmly></Domn><Prtry><Cd>NTRF+191+9301+997</Cd><Issr>DK</Issr></Prtry></BkTxCd><RltdPties><DbtrAcct><Id><Othr><Id>0004619086</Id></Othr></Id></DbtrAcct><CdtrAcct><Id><Othr><Id>0004619086</Id></Othr></Id></CdtrAcct></RltdPties><RltdAgts><DbtrAgt><FinInstnId><Nm>SPK SUEDHOLSTEIN NEUMUENSTE</Nm><Othr><Id>23051030</Id></Othr></FinInstnId></DbtrAgt><CdtrAgt><FinInstnId><Nm>SPK SUEDHOLSTEIN NEUMUENSTE</Nm><Othr><Id>23051030</Id></Othr></FinInstnId></CdtrAgt></RltdAgts><RmtInf><Ustrd>ANZAHL        2</Ustrd></RmtInf></TxDtls></NtryDtls><AddtlNtryInf>SAMMELÜBERWEISUNG</AddtlNtryInf></Ntry></Rpt></BkToCstmrAcctRpt></Document>