<?xml version="1.0" encoding="UTF-8"?><Document xmlns="urn:iso:std:iso:20022:tech:xsd:camt.052.001.08" xmlns:xsi="http://www.w3.org/2001/XMLSchema-instance" xsi:schemaLocation="urn:iso:std:iso:20022:tech:xsd:camt.052.001.08 camt.052.001.08.xsd"><BkToCstmrAcctRpt><GrpHdr><MsgId>camt52_20250620110027__ONLINEBA</MsgId><CreDtTm>2025-06-20T11:00:27+02:00</CreDtTm></GrpHdr><Rpt><Id>camt0528_ONLINEBA</Id><RptPgntn><PgNb>1</PgNb><LastPgInd>true</LastPgInd></RptPgntn><CreDtTm>2025-06-20T11:00:27+02:00</CreDtTm><Acct><Id><IBAN>DE35230510300004619086</IBAN></Id><Ccy>EUR</Ccy><Svcr><FinInstnId><BICFI>NOLADE21SHO</BICFI><Nm>SPARKASSE SUEDHOLSTEIN</Nm><Othr><Id>DE 134796412</Id><Issr>UmsStId</Issr></Othr></FinInstnId></Svcr></Acct><Bal><Tp><CdOrPrtry><Cd>OPBD</Cd></CdOrPrtry></Tp><Amt Ccy="EUR">74007.72</Amt><CdtDbtInd>CRDT</CdtDbtInd><Dt><Dt>2025-06-19</Dt></Dt></Bal><Bal><Tp><CdOrPrtry><Cd>CLBD</Cd></CdOrPrtry></Tp><Amt Ccy="EUR">57423.24</Amt><CdtDbtInd>CRDT</CdtDbtInd><Dt><Dt>2025-06-20</Dt></Dt></Bal><Ntry><Amt Ccy="EUR">22207.23</Amt><CdtDbtInd>DBIT</CdtDbtInd><Sts><Cd>BOOK</Cd></Sts><BookgDt><Dt>2025-06-20</Dt></BookgDt><ValDt><Dt>2025-06-20</Dt></ValDt><AcctSvcrRef>2025-06-20-00.06.01.439200</AcctSvcrRef><BkTxCd/><NtryDtls><TxDtls><Refs><EndToEndId>048/764/04562-----L1706202500000771</EndToEndId><MndtId>HH266884966327</MndtId><Prtry><Tp>FI-UMSATZ-ID</Tp><Ref>2025-06-20-00.06.01.439200</Ref></Prtry></Refs><Amt Ccy="EUR">22207.23</Amt><BkTxCd><Domn><Cd>PMNT</Cd><Fmly><Cd>RDDT</Cd><SubFmlyCd>ESDD</SubFmlyCd></Fmly></Domn><Prtry><Cd>NDDT+105+9262+992</Cd><Issr>DK</Issr></Prtry></BkTxCd><RltdPties><Dbtr><Pty><Nm>TRANSACT - GESELLSCHAFT FUE</Nm></Pty></Dbtr><DbtrAcct><Id><IBAN>DE35230510300004619086</IBAN></Id></DbtrAcct><Cdtr><Pty><Nm>STEUERKASSE HAMBURG</Nm><Id><PrvtId><Othr><Id>DE43ZZZ00000037898</Id></Othr></PrvtId></Id></Pty></Cdtr><CdtrAcct><Id><IBAN>DE03200000000020001530</IBAN></Id></CdtrAcct></RltdPties><RltdAgts><DbtrAgt><FinInstnId><BICFI>NOLADE21SHO</BICFI></FinInstnId></DbtrAgt><CdtrAgt><FinInstnId><BICFI>MARKDEF1200</BICFI></FinInstnId></CdtrAgt></RltdAgts><RmtInf><Ustrd>STEUERNR 048/764/04562     UMS.ST  APR.25  22.207,23EUR</Ustrd></RmtInf></TxDtls></NtryDtls><AddtlNtryInf>FOLGELASTSCHRIFT</AddtlNtryInf></Ntry><Ntry><Amt Ccy="EUR">5622.75</Amt><CdtDbtInd>CRDT</CdtDbtInd><Sts><Cd>BOOK</Cd></Sts><BookgDt><Dt>2025-06-20</Dt></BookgDt><ValDt><Dt>2025-06-20</Dt></ValDt><AcctSvcrRef>2025-06-20-00.18.38.135883</AcctSvcrRef><BkTxCd/><NtryDtls><TxDtls><Refs><EndToEndId>0004521663</EndToEndId><Prtry><Tp>FI-UMSATZ-ID</Tp><Ref>2025-06-20-00.18.38.135883</Ref></Prtry></Refs><Amt Ccy="EUR">5622.75</Amt><BkTxCd><Domn><Cd>PMNT</Cd><Fmly><Cd>RCDT</Cd><SubFmlyCd>ESCT</SubFmlyCd></Fmly></Domn><Prtry><Cd>NTRF+166+9263+000</Cd><Issr>DK</Issr></Prtry></BkTxCd><RltdPties><Dbtr><Pty><Nm>Universitätsmedizin Greifswald Körperschaft des öffentlichen Rechts</Nm></Pty></Dbtr><DbtrAcct><Id><IBAN>DE32130000000013001534</IBAN></Id></DbtrAcct><Cdtr><Pty><Nm>Transact GmbH</Nm></Pty></Cdtr><CdtrAcct><Id><IBAN>DE35230510300004619086</IBAN></Id></CdtrAcct></RltdPties><RltdAgts><DbtrAgt><FinInstnId><BICFI>MARKDEF1130</BICFI></FinInstnId></DbtrAgt><CdtrAgt><FinInstnId><BICFI>NOLADE21SHO</BICFI></FinInstnId></CdtrAgt></RltdAgts><RmtInf><Ustrd>/R/202500361/5622,75</Ustrd></RmtInf></TxDtls></NtryDtls><AddtlNtryInf>GUTSCHRIFT ÜBERWEISUNG</AddtlNtryInf></Ntry></Rpt></BkToCstmrAcctRpt></Document>