<?xml version="1.0" encoding="UTF-8"?><Document xmlns="urn:iso:std:iso:20022:tech:xsd:camt.052.001.08" xmlns:xsi="http://www.w3.org/2001/XMLSchema-instance" xsi:schemaLocation="urn:iso:std:iso:20022:tech:xsd:camt.052.001.08 camt.052.001.08.xsd"><BkToCstmrAcctRpt><GrpHdr><MsgId>camt52_20250620110027__ONLINEBA</MsgId><CreDtTm>2025-06-20T11:00:27+02:00</CreDtTm></GrpHdr><Rpt><Id>camt0528_ONLINEBA</Id><RptPgntn><PgNb>1</PgNb><LastPgInd>true</LastPgInd></RptPgntn><CreDtTm>2025-06-20T11:00:27+02:00</CreDtTm><Acct><Id><IBAN>DE35230510300004619086</IBAN></Id><Ccy>EUR</Ccy><Svcr><FinInstnId><BICFI>NOLADE21SHO</BICFI><Nm>SPARKASSE SUEDHOLSTEIN</Nm><Othr><Id>DE 134796412</Id><Issr>UmsStId</Issr></Othr></FinInstnId></Svcr></Acct><Bal><Tp><CdOrPrtry><Cd>OPBD</Cd></CdOrPrtry></Tp><Amt Ccy="EUR">118383.94</Amt><CdtDbtInd>CRDT</CdtDbtInd><Dt><Dt>2025-06-13</Dt></Dt></Bal><Bal><Tp><CdOrPrtry><Cd>CLBD</Cd></CdOrPrtry></Tp><Amt Ccy="EUR">72260.33</Amt><CdtDbtInd>CRDT</CdtDbtInd><Dt><Dt>2025-06-16</Dt></Dt></Bal><Ntry><Amt Ccy="EUR">10000.00</Amt><CdtDbtInd>DBIT</CdtDbtInd><Sts><Cd>BOOK</Cd></Sts><BookgDt><Dt>2025-06-16</Dt></BookgDt><ValDt><Dt>2025-06-16</Dt></ValDt><AcctSvcrRef>2025-06-15-00.09.07.029454</AcctSvcrRef><BkTxCd/><NtryDtls><TxDtls><Refs><Prtry><Tp>FI-UMSATZ-ID</Tp><Ref>2025-06-15-00.09.07.029454</Ref></Prtry></Refs><Amt Ccy="EUR">10000.00</Amt><BkTxCd><Domn><Cd>PMNT</Cd><Fmly><Cd>ICDT</Cd><SubFmlyCd>STDO</SubFmlyCd></Fmly></Domn><Prtry><Cd>NSTO+117+7000+997</Cd><Issr>DK</Issr></Prtry></BkTxCd><RltdPties><Dbtr><Pty><Nm>Transact-Gesellschaft für Software&amp; Analyse GmbH</Nm></Pty></Dbtr><DbtrAcct><Id><IBAN>DE35230510300004619086</IBAN></Id></DbtrAcct><Cdtr><Pty><Nm>Transact-Gesellschaft, für Software &amp; Analyse GmbH</Nm></Pty></Cdtr><CdtrAcct><Id><IBAN>DE71230510300511718918</IBAN></Id></CdtrAcct></RltdPties><RltdAgts><DbtrAgt><FinInstnId><BICFI>NOLADE21SHO</BICFI></FinInstnId></DbtrAgt><CdtrAgt><FinInstnId><BICFI>NOLADE21SHO</BICFI></FinInstnId></CdtrAgt></RltdAgts><Purp><Cd>RINP</Cd></Purp><RmtInf><Ustrd>Allg. Rücklage</Ustrd></RmtInf></TxDtls></NtryDtls><AddtlNtryInf>DAUERAUFTRAG</AddtlNtryInf></Ntry><Ntry><Amt Ccy="EUR">293.93</Amt><CdtDbtInd>DBIT</CdtDbtInd><Sts><Cd>BOOK</Cd></Sts><BookgDt><Dt>2025-06-16</Dt></BookgDt><ValDt><Dt>2025-06-16</Dt></ValDt><AcctSvcrRef>2025-06-16-00.06.00.167001</AcctSvcrRef><BkTxCd/><NtryDtls><TxDtls><Refs><EndToEndId>0300239983900000425367317035RCUR</EndToEndId><MndtId>T00200010000000040552703</MndtId><Prtry><Tp>FI-UMSATZ-ID</Tp><Ref>2025-06-16-00.06.00.167001</Ref></Prtry></Refs><Amt Ccy="EUR">293.93</Amt><BkTxCd><Domn><Cd>PMNT</Cd><Fmly><Cd>RDDT</Cd><SubFmlyCd>ESDD</SubFmlyCd></Fmly></Domn><Prtry><Cd>NDDT+105+9248+992</Cd><Issr>DK</Issr></Prtry></BkTxCd><RltdPties><Dbtr><Pty><Nm>Transact - Gesellschaft fuer Software + A</Nm></Pty></Dbtr><DbtrAcct><Id><IBAN>DE35230510300004619086</IBAN></Id></DbtrAcct><Cdtr><Pty><Nm>Telefonica Germany G</Nm><Id><PrvtId><Othr><Id>DE9700000000142462</Id></Othr></PrvtId></Id></Pty></Cdtr><CdtrAcct><Id><IBAN>DE62700202700005726875</IBAN></Id></CdtrAcct></RltdPties><RltdAgts><DbtrAgt><FinInstnId><BICFI>NOLADE21SHO</BICFI></FinInstnId></DbtrAgt><CdtrAgt><FinInstnId><BICFI>HYVEDEMMXXX</BICFI></FinInstnId></CdtrAgt></RltdAgts><RmtInf><Ustrd>Kd-Nr.:40552703,Rg-Nr.:425367317/35,o2 BUSINESS SAGT DANKE</Ustrd></RmtInf></TxDtls></NtryDtls><AddtlNtryInf>FOLGELASTSCHRIFT</AddtlNtryInf></Ntry><Ntry><Amt Ccy="EUR">1138.34</Amt><CdtDbtInd>DBIT</CdtDbtInd><Sts><Cd>BOOK</Cd></Sts><BookgDt><Dt>2025-06-16</Dt></BookgDt><ValDt><Dt>2025-06-16</Dt></ValDt><AcctSvcrRef>2025-06-16-00.08.16.882242</AcctSvcrRef><BkTxCd/><NtryDtls><TxDtls><Refs><EndToEndId>8600842452</EndToEndId><MndtId>MD950390295</MndtId><Prtry><Tp>FI-UMSATZ-ID</Tp><Ref>2025-06-16-00.08.16.882242</Ref></Prtry></Refs><Amt Ccy="EUR">1138.34</Amt><BkTxCd><Domn><Cd>PMNT</Cd><Fmly><Cd>RDDT</Cd><SubFmlyCd>ESDD</SubFmlyCd></Fmly></Domn><Prtry><Cd>NDDT+105+9208+992</Cd><Issr>DK</Issr></Prtry></BkTxCd><RltdPties><Dbtr><Pty><Nm>TransAct Software GmbH</Nm></Pty></Dbtr><DbtrAcct><Id><IBAN>DE35230510300004619086</IBAN></Id></DbtrAcct><Cdtr><Pty><Nm>Techniker Krankenkasse</Nm><Id><PrvtId><Othr><Id>DE51TK100000031158</Id></Othr></PrvtId></Id></Pty></Cdtr><CdtrAcct><Id><IBAN>DE59200505501280376854</IBAN></Id></CdtrAcct></RltdPties><RltdAgts><DbtrAgt><FinInstnId><BICFI>NOLADE21SHO</BICFI></FinInstnId></DbtrAgt><CdtrAgt><FinInstnId><BICFI>HASPDEHHXXX</BICFI></FinInstnId></CdtrAgt></RltdAgts><RmtInf><Ustrd>BNR: 15213435 B5640003757 Beitraege 05/25</Ustrd></RmtInf></TxDtls></NtryDtls><AddtlNtryInf>FOLGELASTSCHRIFT</AddtlNtryInf></Ntry><Ntry><Amt Ccy="EUR">684.25</Amt><CdtDbtInd>DBIT</CdtDbtInd><Sts><Cd>BOOK</Cd></Sts><BookgDt><Dt>2025-06-16</Dt></BookgDt><ValDt><Dt>2025-06-16</Dt></ValDt><AcctSvcrRef>2025-06-16-00.10.20.779240</AcctSvcrRef><BkTxCd/><NtryDtls><TxDtls><Refs><EndToEndId>02BBUS5000310086 PO0023547583</EndToEndId><MndtId>5000310086</MndtId><Prtry><Tp>FI-UMSATZ-ID</Tp><Ref>2025-06-16-00.10.20.779240</Ref></Prtry></Refs><Amt Ccy="EUR">684.25</Amt><BkTxCd><Domn><Cd>PMNT</Cd><Fmly><Cd>RDDT</Cd><SubFmlyCd>ESDD</SubFmlyCd></Fmly></Domn><Prtry><Cd>NDDT+105+9248+992</Cd><Issr>DK</Issr></Prtry></BkTxCd><RltdPties><Dbtr><Pty><Nm>Transact Gesellschaft fuer Software und Analyse mbH                   Kleine Reichenstrasse 1</Nm></Pty></Dbtr><DbtrAcct><Id><IBAN>DE35230510300004619086</IBAN></Id></DbtrAcct><Cdtr><Pty><Nm>CA Auto Bank S.p.A. Niederlassung Deutschland</Nm><Id><PrvtId><Othr><Id>DE93ZZZ00000068135</Id></Othr></PrvtId></Id></Pty></Cdtr><CdtrAcct><Id><IBAN>DE41600600001860400000</IBAN></Id></CdtrAcct></RltdPties><RltdAgts><DbtrAgt><FinInstnId><BICFI>NOLADE21SHO</BICFI></FinInstnId></DbtrAgt><CdtrAgt><FinInstnId><BICFI>GENODESGXXX</BICFI></FinInstnId></CdtrAgt></RltdAgts><RmtInf><Ustrd>RATE PER 15.06. 5000310086 Transact Gesellschaft fuer Software und Analyse mbH</Ustrd></RmtInf></TxDtls></NtryDtls><AddtlNtryInf>FOLGELASTSCHRIFT</AddtlNtryInf></Ntry><Ntry><Amt Ccy="EUR">1124.00</Amt><CdtDbtInd>DBIT</CdtDbtInd><Sts><Cd>BOOK</Cd></Sts><BookgDt><Dt>2025-06-16</Dt></BookgDt><ValDt><Dt>2025-06-16</Dt></ValDt><AcctSvcrRef>2025-06-16-00.13.15.480490</AcctSvcrRef><BkTxCd/><NtryDtls><TxDtls><Refs><EndToEndId>2610013784883161</EndToEndId><MndtId>026181156590-1</MndtId><Prtry><Tp>FI-UMSATZ-ID</Tp><Ref>2025-06-16-00.13.15.480490</Ref></Prtry></Refs><Amt Ccy="EUR">1124.00</Amt><BkTxCd><Domn><Cd>PMNT</Cd><Fmly><Cd>RDDT</Cd><SubFmlyCd>ESDD</SubFmlyCd></Fmly></Domn><Prtry><Cd>NDDT+105+9248+992</Cd><Issr>DK</Issr></Prtry></BkTxCd><RltdPties><Dbtr><Pty><Nm>Transact-Gesellschaft fuer Software + Analyse mbH</Nm></Pty></Dbtr><DbtrAcct><Id><IBAN>DE35230510300004619086</IBAN></Id></DbtrAcct><Cdtr><Pty><Nm>hkk</Nm><Id><PrvtId><Othr><Id>DE51ZZZ00000507816</Id></Othr></PrvtId></Id></Pty></Cdtr><CdtrAcct><Id><IBAN>DE60290400900103474300</IBAN></Id></CdtrAcct></RltdPties><RltdAgts><DbtrAgt><FinInstnId><BICFI>NOLADE21SHO</BICFI></FinInstnId></DbtrAgt><CdtrAgt><FinInstnId><BICFI>COBADEFF</BICFI></FinInstnId></CdtrAgt></RltdAgts><RmtInf><Ustrd>Beitraege 01.05.2025 - 31.05.2025 15213435 1124.00</Ustrd></RmtInf></TxDtls></NtryDtls><AddtlNtryInf>FOLGELASTSCHRIFT</AddtlNtryInf></Ntry><Ntry><Amt Ccy="EUR">56218.09</Amt><CdtDbtInd>DBIT</CdtDbtInd><Sts><Cd>BOOK</Cd></Sts><BookgDt><Dt>2025-06-16</Dt></BookgDt><ValDt><Dt>2025-06-16</Dt></ValDt><AcctSvcrRef>2025-06-16-07.30.23.066558</AcctSvcrRef><BkTxCd/><NtryDtls><TxDtls><Refs><PmtInfId>73756101-390820953-6230416-20250616</PmtInfId><Prtry><Tp>FI-UMSATZ-ID</Tp><Ref>2025-06-16-07.30.23.066558</Ref></Prtry></Refs><Amt Ccy="EUR">56218.09</Amt><BkTxCd><Domn><Cd>PMNT</Cd><Fmly><Cd>ICDT</Cd><SubFmlyCd>ESCT</SubFmlyCd></Fmly></Domn><Prtry><Cd>NTRF+191+9301+997</Cd><Issr>DK</Issr></Prtry></BkTxCd><RltdPties><DbtrAcct><Id><Othr><Id>0004619086</Id></Othr></Id></DbtrAcct><CdtrAcct><Id><Othr><Id>0004619086</Id></Othr></Id></CdtrAcct></RltdPties><RltdAgts><DbtrAgt><FinInstnId><Nm>SPK SUEDHOLSTEIN NEUMUENSTE</Nm><Othr><Id>23051030</Id></Othr></FinInstnId></DbtrAgt><CdtrAgt><FinInstnId><Nm>SPK SUEDHOLSTEIN NEUMUENSTE</Nm><Othr><Id>23051030</Id></Othr></FinInstnId></CdtrAgt></RltdAgts><RmtInf><Ustrd>ANZAHL        3</Ustrd></RmtInf></TxDtls></NtryDtls><AddtlNtryInf>SAMMELÜBERWEISUNG</AddtlNtryInf></Ntry><Ntry><Amt Ccy="EUR">23335.00</Amt><CdtDbtInd>CRDT</CdtDbtInd><Sts><Cd>BOOK</Cd></Sts><BookgDt><Dt>2025-06-16</Dt></BookgDt><ValDt><Dt>2025-06-16</Dt></ValDt><AcctSvcrRef>2025-06-16-16.44.49.351441</AcctSvcrRef><BkTxCd/><NtryDtls><TxDtls><Refs><EndToEndId>0000020000ZV007956Z</EndToEndId><Prtry><Tp>FI-UMSATZ-ID</Tp><Ref>2025-06-16-16.44.49.351441</Ref></Prtry></Refs><Amt Ccy="EUR">23335.00</Amt><BkTxCd><Domn><Cd>PMNT</Cd><Fmly><Cd>RCDT</Cd><SubFmlyCd>ESCT</SubFmlyCd></Fmly></Domn><Prtry><Cd>NTRF+166+9249+000</Cd><Issr>DK</Issr></Prtry></BkTxCd><RltdPties><Dbtr><Pty><Nm>cadooz GmbH</Nm></Pty></Dbtr><DbtrAcct><Id><IBAN>DE14200700000070730700</IBAN></Id></DbtrAcct><Cdtr><Pty><Nm>Transact GmbH</Nm></Pty></Cdtr><CdtrAcct><Id><IBAN>DE35230510300004619086</IBAN></Id></CdtrAcct></RltdPties><RltdAgts><DbtrAgt><FinInstnId><BICFI>DEUTDEHHXXX</BICFI></FinInstnId></DbtrAgt><CdtrAgt><FinInstnId><BICFI>NOLADE21SHO</BICFI></FinInstnId></CdtrAgt></RltdAgts><RmtInf><Ustrd>Rechnung RA 202500379</Ustrd></RmtInf></TxDtls></NtryDtls><AddtlNtryInf>GUTSCHRIFT ÜBERWEISUNG</AddtlNtryInf></Ntry></Rpt></BkToCstmrAcctRpt></Document>