<?xml version="1.0" encoding="UTF-8"?><Document xmlns="urn:iso:std:iso:20022:tech:xsd:camt.052.001.08" xmlns:xsi="http://www.w3.org/2001/XMLSchema-instance" xsi:schemaLocation="urn:iso:std:iso:20022:tech:xsd:camt.052.001.08 camt.052.001.08.xsd"><BkToCstmrAcctRpt><GrpHdr><MsgId>camt52_20250620110027__ONLINEBA</MsgId><CreDtTm>2025-06-20T11:00:27+02:00</CreDtTm></GrpHdr><Rpt><Id>camt0528_ONLINEBA</Id><RptPgntn><PgNb>1</PgNb><LastPgInd>true</LastPgInd></RptPgntn><CreDtTm>2025-06-20T11:00:27+02:00</CreDtTm><Acct><Id><IBAN>DE35230510300004619086</IBAN></Id><Ccy>EUR</Ccy><Svcr><FinInstnId><BICFI>NOLADE21SHO</BICFI><Nm>SPARKASSE SUEDHOLSTEIN</Nm><Othr><Id>DE 134796412</Id><Issr>UmsStId</Issr></Othr></FinInstnId></Svcr></Acct><Bal><Tp><CdOrPrtry><Cd>OPBD</Cd></CdOrPrtry></Tp><Amt Ccy="EUR">52828.30</Amt><CdtDbtInd>CRDT</CdtDbtInd><Dt><Dt>2025-06-10</Dt></Dt></Bal><Bal><Tp><CdOrPrtry><Cd>CLBD</Cd></CdOrPrtry></Tp><Amt Ccy="EUR">63655.14</Amt><CdtDbtInd>CRDT</CdtDbtInd><Dt><Dt>2025-06-11</Dt></Dt></Bal><Ntry><Amt Ccy="EUR">5012.98</Amt><CdtDbtInd>CRDT</CdtDbtInd><Sts><Cd>BOOK</Cd></Sts><BookgDt><Dt>2025-06-11</Dt></BookgDt><ValDt><Dt>2025-06-11</Dt></ValDt><AcctSvcrRef>2025-06-11-15.22.33.034078</AcctSvcrRef><BkTxCd/><NtryDtls><TxDtls><Refs><EndToEndId>966</EndToEndId><Prtry><Tp>FI-UMSATZ-ID</Tp><Ref>2025-06-11-15.22.33.034078</Ref></Prtry></Refs><Amt Ccy="EUR">5012.98</Amt><BkTxCd><Domn><Cd>PMNT</Cd><Fmly><Cd>RCDT</Cd><SubFmlyCd>ESCT</SubFmlyCd></Fmly></Domn><Prtry><Cd>NTRF+166+9249+000</Cd><Issr>DK</Issr></Prtry></BkTxCd><RltdPties><Dbtr><Pty><Nm>Evangelisches Krankenhaus Dierdorf/Selters gGmbH</Nm></Pty></Dbtr><DbtrAcct><Id><IBAN>DE23350601901011463017</IBAN></Id></DbtrAcct><Cdtr><Pty><Nm>TRANSACT GMBH</Nm></Pty></Cdtr><CdtrAcct><Id><IBAN>DE35230510300004619086</IBAN></Id></CdtrAcct></RltdPties><RltdAgts><DbtrAgt><FinInstnId><BICFI>GENODED1DKD</BICFI></FinInstnId></DbtrAgt><CdtrAgt><FinInstnId><BICFI>NOLADE21SHO</BICFI></FinInstnId></CdtrAgt></RltdAgts><RmtInf><Ustrd>RA202500377 5012,98</Ustrd></RmtInf></TxDtls></NtryDtls><AddtlNtryInf>GUTSCHRIFT ÜBERWEISUNG</AddtlNtryInf></Ntry><Ntry><Amt Ccy="EUR">5813.86</Amt><CdtDbtInd>CRDT</CdtDbtInd><Sts><Cd>BOOK</Cd></Sts><BookgDt><Dt>2025-06-11</Dt></BookgDt><ValDt><Dt>2025-06-11</Dt></ValDt><AcctSvcrRef>2025-06-11-16.45.33.639349</AcctSvcrRef><BkTxCd/><NtryDtls><TxDtls><Refs><EndToEndId>0005012656</EndToEndId><Prtry><Tp>FI-UMSATZ-ID</Tp><Ref>2025-06-11-16.45.33.639349</Ref></Prtry></Refs><Amt Ccy="EUR">5813.86</Amt><BkTxCd><Domn><Cd>PMNT</Cd><Fmly><Cd>RCDT</Cd><SubFmlyCd>ESCT</SubFmlyCd></Fmly></Domn><Prtry><Cd>NTRF+166+9249+000</Cd><Issr>DK</Issr></Prtry></BkTxCd><RltdPties><Dbtr><Pty><Nm>Karl-Olga-Krankenhaus Hackstrasse 61                                  70190 Stuttgart</Nm></Pty></Dbtr><DbtrAcct><Id><IBAN>DE45600400710772220000</IBAN></Id></DbtrAcct><Cdtr><Pty><Nm>Transact GmbH Gesellschaft fuer Software Analyse                      Kleine Reichenstrasse 1</Nm></Pty></Cdtr><CdtrAcct><Id><IBAN>DE35230510300004619086</IBAN></Id></CdtrAcct></RltdPties><RltdAgts><DbtrAgt><FinInstnId><BICFI>COBADEFF</BICFI></FinInstnId></DbtrAgt><CdtrAgt><FinInstnId><BICFI>NOLADE21SHO</BICFI></FinInstnId></CdtrAgt></RltdAgts><RmtInf><Ustrd>/202500335 / 5.813,86</Ustrd></RmtInf></TxDtls></NtryDtls><AddtlNtryInf>GUTSCHRIFT ÜBERWEISUNG</AddtlNtryInf></Ntry></Rpt></BkToCstmrAcctRpt></Document>