<?xml version="1.0" encoding="UTF-8"?><Document xmlns="urn:iso:std:iso:20022:tech:xsd:camt.052.001.08" xmlns:xsi="http://www.w3.org/2001/XMLSchema-instance" xsi:schemaLocation="urn:iso:std:iso:20022:tech:xsd:camt.052.001.08 camt.052.001.08.xsd"><BkToCstmrAcctRpt><GrpHdr><MsgId>camt52_20250526112634__ONLINEBA</MsgId><CreDtTm>2025-05-26T11:26:34+02:00</CreDtTm></GrpHdr><Rpt><Id>camt0528_ONLINEBA</Id><RptPgntn><PgNb>1</PgNb><LastPgInd>true</LastPgInd></RptPgntn><CreDtTm>2025-05-26T11:26:34+02:00</CreDtTm><Acct><Id><IBAN>DE35230510300004619086</IBAN></Id><Ccy>EUR</Ccy><Svcr><FinInstnId><BICFI>NOLADE21SHO</BICFI><Nm>SPARKASSE SUEDHOLSTEIN</Nm><Othr><Id>DE 134796412</Id><Issr>UmsStId</Issr></Othr></FinInstnId></Svcr></Acct><Bal><Tp><CdOrPrtry><Cd>OPBD</Cd></CdOrPrtry></Tp><Amt Ccy="EUR">111491.00</Amt><CdtDbtInd>CRDT</CdtDbtInd><Dt><Dt>2025-05-12</Dt></Dt></Bal><Bal><Tp><CdOrPrtry><Cd>CLBD</Cd></CdOrPrtry></Tp><Amt Ccy="EUR">112026.57</Amt><CdtDbtInd>CRDT</CdtDbtInd><Dt><Dt>2025-05-13</Dt></Dt></Bal><Ntry><Amt Ccy="EUR">5688.28</Amt><CdtDbtInd>DBIT</CdtDbtInd><Sts><Cd>BOOK</Cd></Sts><BookgDt><Dt>2025-05-13</Dt></BookgDt><ValDt><Dt>2025-05-13</Dt></ValDt><AcctSvcrRef>2025-05-13-00.13.55.996767</AcctSvcrRef><BkTxCd/><NtryDtls><TxDtls><Refs><EndToEndId>IDIT878380</EndToEndId><MndtId>300366</MndtId><Prtry><Tp>FI-UMSATZ-ID</Tp><Ref>2025-05-13-00.13.55.996767</Ref></Prtry></Refs><Amt Ccy="EUR">5688.28</Amt><BkTxCd><Domn><Cd>PMNT</Cd><Fmly><Cd>RDDT</Cd><SubFmlyCd>ESDD</SubFmlyCd></Fmly></Domn><Prtry><Cd>NDDT+105+9248+888</Cd><Issr>DK</Issr></Prtry></BkTxCd><RltdPties><Dbtr><Pty><Nm>TRANSACT GESELLSCHAFT FUER SOFTWARE . ANA                             DE</Nm></Pty></Dbtr><DbtrAcct><Id><IBAN>DE35230510300004619086</IBAN></Id></DbtrAcct><Cdtr><Pty><Nm>HISCOX SA HISCOX SA                                                   35F AVENUE J F KENNEDY 1855 LUXEMBOURG LUXEMBOURG</Nm><Id><PrvtId><Othr><Id>DE90ZZZ00000373448</Id></Othr></PrvtId></Id></Pty></Cdtr><CdtrAcct><Id><IBAN>FR7630056005020502000962265</IBAN></Id></CdtrAcct></RltdPties><RltdAgts><DbtrAgt><FinInstnId><BICFI>NOLADE21SHO</BICFI></FinInstnId></DbtrAgt><CdtrAgt><FinInstnId><BICFI>CCFRFRPPXXX</BICFI></FinInstnId></CdtrAgt></RltdAgts><RmtInf><Ustrd>Versicherungsscheinnummer : PL-PSC906642956</Ustrd></RmtInf></TxDtls></NtryDtls><AddtlNtryInf>FOLGELASTSCHRIFT</AddtlNtryInf></Ntry><Ntry><Amt Ccy="EUR">1504.31</Amt><CdtDbtInd>CRDT</CdtDbtInd><Sts><Cd>BOOK</Cd></Sts><BookgDt><Dt>2025-05-13</Dt></BookgDt><ValDt><Dt>2025-05-13</Dt></ValDt><AcctSvcrRef>2025-05-13-08.33.59.517800</AcctSvcrRef><BkTxCd/><NtryDtls><TxDtls><Refs><EndToEndId>71</EndToEndId><Prtry><Tp>FI-UMSATZ-ID</Tp><Ref>2025-05-13-08.33.59.517800</Ref></Prtry></Refs><Amt Ccy="EUR">1504.31</Amt><BkTxCd><Domn><Cd>PMNT</Cd><Fmly><Cd>RCDT</Cd><SubFmlyCd>ESCT</SubFmlyCd></Fmly></Domn><Prtry><Cd>NTRF+166+9217+000</Cd><Issr>DK</Issr></Prtry></BkTxCd><RltdPties><Dbtr><Pty><Nm>ALLGEMEINES KRANKENHAUS CELLE</Nm></Pty></Dbtr><DbtrAcct><Id><IBAN>DE97269513110000008235</IBAN></Id></DbtrAcct><Cdtr><Pty><Nm>Transact GmbH</Nm></Pty></Cdtr><CdtrAcct><Id><IBAN>DE35230510300004619086</IBAN></Id></CdtrAcct></RltdPties><RltdAgts><DbtrAgt><FinInstnId><BICFI>NOLADE21GFW</BICFI></FinInstnId></DbtrAgt><CdtrAgt><FinInstnId><BICFI>NOLADE21SHO</BICFI></FinInstnId></CdtrAgt></RltdAgts><RmtInf><Ustrd>23.04.25 NR. 202500297</Ustrd></RmtInf></TxDtls></NtryDtls><AddtlNtryInf>GUTSCHRIFT ÜBERWEISUNG</AddtlNtryInf></Ntry><Ntry><Amt Ccy="EUR">9549.75</Amt><CdtDbtInd>DBIT</CdtDbtInd><Sts><Cd>BOOK</Cd></Sts><BookgDt><Dt>2025-05-13</Dt></BookgDt><ValDt><Dt>2025-05-13</Dt></ValDt><AcctSvcrRef>2025-05-13-11.31.42.577404</AcctSvcrRef><BkTxCd/><NtryDtls><TxDtls><Refs><PmtInfId>639641-1765590656-11230319-20250513</PmtInfId><Prtry><Tp>FI-UMSATZ-ID</Tp><Ref>2025-05-13-11.31.42.577404</Ref></Prtry></Refs><Amt Ccy="EUR">9549.75</Amt><BkTxCd><Domn><Cd>PMNT</Cd><Fmly><Cd>ICDT</Cd><SubFmlyCd>ESCT</SubFmlyCd></Fmly></Domn><Prtry><Cd>NTRF+191+9301+997</Cd><Issr>DK</Issr></Prtry></BkTxCd><RltdPties><Dbtr><Pty><Nm>Transact-Gesellschaft für Software &amp; Analyse GmbH</Nm></Pty></Dbtr><DbtrAcct><Id><IBAN>DE35230510300004619086</IBAN></Id></DbtrAcct><UltmtDbtr><Pty><Nm>FIRMA TRANSACT-GESELLSCHAFT</Nm></Pty></UltmtDbtr><CdtrAcct><Id><Othr><Id>0000000000</Id></Othr></Id></CdtrAcct></RltdPties><RltdAgts><DbtrAgt><FinInstnId><BICFI>NOLADE21SHO</BICFI></FinInstnId></DbtrAgt><CdtrAgt><FinInstnId><Othr><Id>00000000</Id></Othr></FinInstnId></CdtrAgt></RltdAgts><RmtInf><Ustrd>ANZAHL        1</Ustrd></RmtInf></TxDtls></NtryDtls><AddtlNtryInf>SAMMELÜBERWEISUNG</AddtlNtryInf></Ntry><Ntry><Amt Ccy="EUR">14269.29</Amt><CdtDbtInd>CRDT</CdtDbtInd><Sts><Cd>BOOK</Cd></Sts><BookgDt><Dt>2025-05-13</Dt></BookgDt><ValDt><Dt>2025-05-13</Dt></ValDt><AcctSvcrRef>2025-05-13-13.09.49.639891</AcctSvcrRef><BkTxCd/><NtryDtls><TxDtls><Refs><EndToEndId>1905025009</EndToEndId><Prtry><Tp>FI-UMSATZ-ID</Tp><Ref>2025-05-13-13.09.49.639891</Ref></Prtry></Refs><Amt Ccy="EUR">14269.29</Amt><BkTxCd><Domn><Cd>PMNT</Cd><Fmly><Cd>RCDT</Cd><SubFmlyCd>ESCT</SubFmlyCd></Fmly></Domn><Prtry><Cd>NTRF+166+9217+000</Cd><Issr>DK</Issr></Prtry></BkTxCd><RltdPties><Dbtr><Pty><Nm>Georg-August-Universität Götting en Stiftung öffentlichen Rechts      37073 Goettingen</Nm></Pty></Dbtr><DbtrAcct><Id><IBAN>DE78250500000101418010</IBAN></Id></DbtrAcct><UltmtDbtr><Pty><Nm>Georg-August-Universitaet Goettingen</Nm></Pty></UltmtDbtr><Cdtr><Pty><Nm>TRANSACT Ges. fuer Software  Analys                                   Lagerstr. 17</Nm></Pty></Cdtr><CdtrAcct><Id><IBAN>DE35230510300004619086</IBAN></Id></CdtrAcct></RltdPties><RltdAgts><DbtrAgt><FinInstnId><BICFI>NOLADE2HXXX</BICFI></FinInstnId></DbtrAgt><CdtrAgt><FinInstnId><BICFI>NOLADE21SHO</BICFI></FinInstnId></CdtrAgt></RltdAgts><RmtInf><Ustrd>RA202500301 23.4.2025/Kd-Nr.: 758</Ustrd></RmtInf></TxDtls></NtryDtls><AddtlNtryInf>GUTSCHRIFT ÜBERWEISUNG</AddtlNtryInf></Ntry></Rpt></BkToCstmrAcctRpt></Document>