<?xml version="1.0" encoding="UTF-8"?><Document xmlns="urn:iso:std:iso:20022:tech:xsd:camt.052.001.08" xmlns:xsi="http://www.w3.org/2001/XMLSchema-instance" xsi:schemaLocation="urn:iso:std:iso:20022:tech:xsd:camt.052.001.08 camt.052.001.08.xsd"><BkToCstmrAcctRpt><GrpHdr><MsgId>camt52_20250526112634__ONLINEBA</MsgId><CreDtTm>2025-05-26T11:26:34+02:00</CreDtTm></GrpHdr><Rpt><Id>camt0528_ONLINEBA</Id><RptPgntn><PgNb>1</PgNb><LastPgInd>true</LastPgInd></RptPgntn><CreDtTm>2025-05-26T11:26:34+02:00</CreDtTm><Acct><Id><IBAN>DE35230510300004619086</IBAN></Id><Ccy>EUR</Ccy><Svcr><FinInstnId><BICFI>NOLADE21SHO</BICFI><Nm>SPARKASSE SUEDHOLSTEIN</Nm><Othr><Id>DE 134796412</Id><Issr>UmsStId</Issr></Othr></FinInstnId></Svcr></Acct><Bal><Tp><CdOrPrtry><Cd>OPBD</Cd></CdOrPrtry></Tp><Amt Ccy="EUR">98126.82</Amt><CdtDbtInd>CRDT</CdtDbtInd><Dt><Dt>2025-05-15</Dt></Dt></Bal><Bal><Tp><CdOrPrtry><Cd>CLBD</Cd></CdOrPrtry></Tp><Amt Ccy="EUR">109869.70</Amt><CdtDbtInd>CRDT</CdtDbtInd><Dt><Dt>2025-05-16</Dt></Dt></Bal><Ntry><Amt Ccy="EUR">22.61</Amt><CdtDbtInd>DBIT</CdtDbtInd><Sts><Cd>BOOK</Cd></Sts><BookgDt><Dt>2025-05-16</Dt></BookgDt><ValDt><Dt>2025-05-16</Dt></ValDt><AcctSvcrRef>2025-05-16-00.06.11.670712</AcctSvcrRef><BkTxCd/><NtryDtls><TxDtls><Refs><EndToEndId>0000000582098</EndToEndId><MndtId>KU00053650</MndtId><Prtry><Tp>FI-UMSATZ-ID</Tp><Ref>2025-05-16-00.06.11.670712</Ref></Prtry></Refs><Amt Ccy="EUR">22.61</Amt><BkTxCd><Domn><Cd>PMNT</Cd><Fmly><Cd>RDDT</Cd><SubFmlyCd>ESDD</SubFmlyCd></Fmly></Domn><Prtry><Cd>NDDT+105+9248+991</Cd><Issr>DK</Issr></Prtry></BkTxCd><RltdPties><Dbtr><Pty><Nm>Tim Tenelsen</Nm></Pty></Dbtr><DbtrAcct><Id><IBAN>DE35230510300004619086</IBAN></Id></DbtrAcct><Cdtr><Pty><Nm>hosting.de GmbH</Nm><Id><PrvtId><Othr><Id>DE71ZZZ00000033999</Id></Othr></PrvtId></Id></Pty></Cdtr><CdtrAcct><Id><IBAN>DE91310700240604775700</IBAN></Id></CdtrAcct></RltdPties><RltdAgts><DbtrAgt><FinInstnId><BICFI>NOLADE21SHO</BICFI></FinInstnId></DbtrAgt><CdtrAgt><FinInstnId><BICFI>DEUTDEDB310</BICFI></FinInstnId></CdtrAgt></RltdAgts><RmtInf><Ustrd>hosting.de GmbH FIBU 61591 RENR 00583912</Ustrd></RmtInf></TxDtls></NtryDtls><AddtlNtryInf>ERSTLASTSCHRIFT</AddtlNtryInf></Ntry><Ntry><Amt Ccy="EUR">8284.74</Amt><CdtDbtInd>CRDT</CdtDbtInd><Sts><Cd>BOOK</Cd></Sts><BookgDt><Dt>2025-05-16</Dt></BookgDt><ValDt><Dt>2025-05-16</Dt></ValDt><AcctSvcrRef>2025-05-16-07.56.35.795774</AcctSvcrRef><BkTxCd/><NtryDtls><TxDtls><Refs><EndToEndId>RA202500325</EndToEndId><Prtry><Tp>FI-UMSATZ-ID</Tp><Ref>2025-05-16-07.56.35.795774</Ref></Prtry></Refs><Amt Ccy="EUR">8284.74</Amt><BkTxCd><Domn><Cd>PMNT</Cd><Fmly><Cd>RCDT</Cd><SubFmlyCd>ESCT</SubFmlyCd></Fmly></Domn><Prtry><Cd>NTRF+166+9249+000</Cd><Issr>DK</Issr></Prtry></BkTxCd><RltdPties><Dbtr><Pty><Nm>Angiokard Medizintec</Nm></Pty></Dbtr><DbtrAcct><Id><IBAN>DE83503201910038692461</IBAN></Id></DbtrAcct><Cdtr><Pty><Nm>Transact GmbH</Nm></Pty></Cdtr><CdtrAcct><Id><IBAN>DE35230510300004619086</IBAN></Id></CdtrAcct></RltdPties><RltdAgts><DbtrAgt><FinInstnId><BICFI>HYVEDEMM430</BICFI></FinInstnId></DbtrAgt><CdtrAgt><FinInstnId><BICFI>NOLADE21SHO</BICFI></FinInstnId></CdtrAgt></RltdAgts><RmtInf><Ustrd>RA202500325 6156,35 6156,35 RA202500326 2128,39 2128,39</Ustrd></RmtInf></TxDtls></NtryDtls><AddtlNtryInf>GUTSCHRIFT ÜBERWEISUNG</AddtlNtryInf></Ntry><Ntry><Amt Ccy="EUR">1204.88</Amt><CdtDbtInd>CRDT</CdtDbtInd><Sts><Cd>BOOK</Cd></Sts><BookgDt><Dt>2025-05-16</Dt></BookgDt><ValDt><Dt>2025-05-16</Dt></ValDt><AcctSvcrRef>2025-05-16-08.32.49.992370</AcctSvcrRef><BkTxCd/><NtryDtls><TxDtls><Refs><EndToEndId>0882137/3380/RTRPKQVIRXPKQC</EndToEndId><Prtry><Tp>FI-UMSATZ-ID</Tp><Ref>2025-05-16-08.32.49.992370</Ref></Prtry></Refs><Amt Ccy="EUR">1204.88</Amt><BkTxCd><Domn><Cd>PMNT</Cd><Fmly><Cd>RCDT</Cd><SubFmlyCd>ESCT</SubFmlyCd></Fmly></Domn><Prtry><Cd>NTRF+166+9243+000</Cd><Issr>DK</Issr></Prtry></BkTxCd><RltdPties><Dbtr><Pty><Nm>Arberlandkliniken Kommunalunternehmen</Nm></Pty></Dbtr><DbtrAcct><Id><IBAN>DE09741514500000218933</IBAN></Id></DbtrAcct><UltmtDbtr><Pty><Nm>Arberlandklinik Zwiesel</Nm></Pty></UltmtDbtr><Cdtr><Pty><Nm>Transact</Nm></Pty></Cdtr><CdtrAcct><Id><IBAN>DE35230510300004619086</IBAN></Id></CdtrAcct></RltdPties><RltdAgts><DbtrAgt><FinInstnId><BICFI>BYLADEM1REG</BICFI></FinInstnId></DbtrAgt><CdtrAgt><FinInstnId><BICFI>NOLADE21SHO</BICFI></FinInstnId></CdtrAgt></RltdAgts><RmtInf><Ustrd>/800/RA202500310/1204.88/251534</Ustrd></RmtInf></TxDtls></NtryDtls><AddtlNtryInf>GUTSCHRIFT ÜBERWEISUNG</AddtlNtryInf></Ntry><Ntry><Amt Ccy="EUR">1204.87</Amt><CdtDbtInd>CRDT</CdtDbtInd><Sts><Cd>BOOK</Cd></Sts><BookgDt><Dt>2025-05-16</Dt></BookgDt><ValDt><Dt>2025-05-16</Dt></ValDt><AcctSvcrRef>2025-05-16-08.32.49.996376</AcctSvcrRef><BkTxCd/><NtryDtls><TxDtls><Refs><EndToEndId>0884098/3347/RTRPKFVCTGMUXH</EndToEndId><Prtry><Tp>FI-UMSATZ-ID</Tp><Ref>2025-05-16-08.32.49.996376</Ref></Prtry></Refs><Amt Ccy="EUR">1204.87</Amt><BkTxCd><Domn><Cd>PMNT</Cd><Fmly><Cd>RCDT</Cd><SubFmlyCd>ESCT</SubFmlyCd></Fmly></Domn><Prtry><Cd>NTRF+166+9243+000</Cd><Issr>DK</Issr></Prtry></BkTxCd><RltdPties><Dbtr><Pty><Nm>Arberlandkliniken Kommunalunternehmen</Nm></Pty></Dbtr><DbtrAcct><Id><IBAN>DE44741514500000218594</IBAN></Id></DbtrAcct><UltmtDbtr><Pty><Nm>Arberlandklinik Viechtach</Nm></Pty></UltmtDbtr><Cdtr><Pty><Nm>Transact</Nm></Pty></Cdtr><CdtrAcct><Id><IBAN>DE35230510300004619086</IBAN></Id></CdtrAcct></RltdPties><RltdAgts><DbtrAgt><FinInstnId><BICFI>BYLADEM1REG</BICFI></FinInstnId></DbtrAgt><CdtrAgt><FinInstnId><BICFI>NOLADE21SHO</BICFI></FinInstnId></CdtrAgt></RltdAgts><RmtInf><Ustrd>/800/RA202500310/1204.87/351543</Ustrd></RmtInf></TxDtls></NtryDtls><AddtlNtryInf>GUTSCHRIFT ÜBERWEISUNG</AddtlNtryInf></Ntry><Ntry><Amt Ccy="EUR">1071.00</Amt><CdtDbtInd>CRDT</CdtDbtInd><Sts><Cd>BOOK</Cd></Sts><BookgDt><Dt>2025-05-16</Dt></BookgDt><ValDt><Dt>2025-05-16</Dt></ValDt><AcctSvcrRef>2025-05-16-10.11.19.670164</AcctSvcrRef><BkTxCd/><NtryDtls><TxDtls><Refs><EndToEndId>0200000455</EndToEndId><Prtry><Tp>FI-UMSATZ-ID</Tp><Ref>2025-05-16-10.11.19.670164</Ref></Prtry></Refs><Amt Ccy="EUR">1071.00</Amt><BkTxCd><Domn><Cd>PMNT</Cd><Fmly><Cd>RCDT</Cd><SubFmlyCd>ESCT</SubFmlyCd></Fmly></Domn><Prtry><Cd>NTRF+166+9249+000</Cd><Issr>DK</Issr></Prtry></BkTxCd><RltdPties><Dbtr><Pty><Nm>St. Augustinus-Verwaltungs gGmbH</Nm></Pty></Dbtr><DbtrAcct><Id><IBAN>DE86360602950030025032</IBAN></Id></DbtrAcct><Cdtr><Pty><Nm>Transact GmbH</Nm></Pty></Cdtr><CdtrAcct><Id><IBAN>DE35230510300004619086</IBAN></Id></CdtrAcct></RltdPties><RltdAgts><DbtrAgt><FinInstnId><BICFI>GENODED1BBE</BICFI></FinInstnId></DbtrAgt><CdtrAgt><FinInstnId><BICFI>NOLADE21SHO</BICFI></FinInstnId></CdtrAgt></RltdAgts><RmtInf><Ustrd>Kd0000861400/ReRA202500312/30.4.2025/</Ustrd></RmtInf></TxDtls></NtryDtls><AddtlNtryInf>GUTSCHRIFT ÜBERWEISUNG</AddtlNtryInf></Ntry></Rpt></BkToCstmrAcctRpt></Document>