<?xml version="1.0" encoding="UTF-8"?><Document xmlns="urn:iso:std:iso:20022:tech:xsd:camt.052.001.08" xmlns:xsi="http://www.w3.org/2001/XMLSchema-instance" xsi:schemaLocation="urn:iso:std:iso:20022:tech:xsd:camt.052.001.08 camt.052.001.08.xsd"><BkToCstmrAcctRpt><GrpHdr><MsgId>camt52_20250526112634__ONLINEBA</MsgId><CreDtTm>2025-05-26T11:26:34+02:00</CreDtTm></GrpHdr><Rpt><Id>camt0528_ONLINEBA</Id><RptPgntn><PgNb>1</PgNb><LastPgInd>true</LastPgInd></RptPgntn><CreDtTm>2025-05-26T11:26:34+02:00</CreDtTm><Acct><Id><IBAN>DE35230510300004619086</IBAN></Id><Ccy>EUR</Ccy><Svcr><FinInstnId><BICFI>NOLADE21SHO</BICFI><Nm>SPARKASSE SUEDHOLSTEIN</Nm><Othr><Id>DE 134796412</Id><Issr>UmsStId</Issr></Othr></FinInstnId></Svcr></Acct><Bal><Tp><CdOrPrtry><Cd>OPBD</Cd></CdOrPrtry></Tp><Amt Ccy="EUR">109084.19</Amt><CdtDbtInd>CRDT</CdtDbtInd><Dt><Dt>2025-05-21</Dt></Dt></Bal><Bal><Tp><CdOrPrtry><Cd>CLBD</Cd></CdOrPrtry></Tp><Amt Ccy="EUR">117918.01</Amt><CdtDbtInd>CRDT</CdtDbtInd><Dt><Dt>2025-05-23</Dt></Dt></Bal><Ntry><Amt Ccy="EUR">295.86</Amt><CdtDbtInd>DBIT</CdtDbtInd><Sts><Cd>BOOK</Cd></Sts><BookgDt><Dt>2025-05-23</Dt></BookgDt><ValDt><Dt>2025-05-23</Dt></ValDt><AcctSvcrRef>2025-05-23-07.30.23.055958</AcctSvcrRef><BkTxCd/><NtryDtls><TxDtls><Refs><PmtInfId>25b8328f-736188031-6245969-20250523</PmtInfId><Prtry><Tp>FI-UMSATZ-ID</Tp><Ref>2025-05-23-07.30.23.055958</Ref></Prtry></Refs><Amt Ccy="EUR">295.86</Amt><BkTxCd><Domn><Cd>PMNT</Cd><Fmly><Cd>ICDT</Cd><SubFmlyCd>ESCT</SubFmlyCd></Fmly></Domn><Prtry><Cd>NTRF+191+9301+997</Cd><Issr>DK</Issr></Prtry></BkTxCd><RltdPties><DbtrAcct><Id><Othr><Id>0004619086</Id></Othr></Id></DbtrAcct><CdtrAcct><Id><Othr><Id>0004619086</Id></Othr></Id></CdtrAcct></RltdPties><RltdAgts><DbtrAgt><FinInstnId><Nm>SPK SUEDHOLSTEIN NEUMUENSTE</Nm><Othr><Id>23051030</Id></Othr></FinInstnId></DbtrAgt><CdtrAgt><FinInstnId><Nm>SPK SUEDHOLSTEIN NEUMUENSTE</Nm><Othr><Id>23051030</Id></Othr></FinInstnId></CdtrAgt></RltdAgts><RmtInf><Ustrd>ANZAHL        4</Ustrd></RmtInf></TxDtls></NtryDtls><AddtlNtryInf>SAMMELÜBERWEISUNG</AddtlNtryInf></Ntry><Ntry><Amt Ccy="EUR">1513.68</Amt><CdtDbtInd>CRDT</CdtDbtInd><Sts><Cd>BOOK</Cd></Sts><BookgDt><Dt>2025-05-23</Dt></BookgDt><ValDt><Dt>2025-05-23</Dt></ValDt><AcctSvcrRef>2025-05-23-07.56.26.580949</AcctSvcrRef><BkTxCd/><NtryDtls><TxDtls><Refs><EndToEndId>RA202500344</EndToEndId><Prtry><Tp>FI-UMSATZ-ID</Tp><Ref>2025-05-23-07.56.26.580949</Ref></Prtry></Refs><Amt Ccy="EUR">1513.68</Amt><BkTxCd><Domn><Cd>PMNT</Cd><Fmly><Cd>RCDT</Cd><SubFmlyCd>ESCT</SubFmlyCd></Fmly></Domn><Prtry><Cd>NTRF+166+9249+000</Cd><Issr>DK</Issr></Prtry></BkTxCd><RltdPties><Dbtr><Pty><Nm>Angiokard Medizintec</Nm></Pty></Dbtr><DbtrAcct><Id><IBAN>DE83503201910038692461</IBAN></Id></DbtrAcct><Cdtr><Pty><Nm>Transact GmbH</Nm></Pty></Cdtr><CdtrAcct><Id><IBAN>DE35230510300004619086</IBAN></Id></CdtrAcct></RltdPties><RltdAgts><DbtrAgt><FinInstnId><BICFI>HYVEDEMM430</BICFI></FinInstnId></DbtrAgt><CdtrAgt><FinInstnId><BICFI>NOLADE21SHO</BICFI></FinInstnId></CdtrAgt></RltdAgts><RmtInf><Ustrd>RA202500344 1513,68 1513,68</Ustrd></RmtInf></TxDtls></NtryDtls><AddtlNtryInf>GUTSCHRIFT ÜBERWEISUNG</AddtlNtryInf></Ntry><Ntry><Amt Ccy="EUR">7616.00</Amt><CdtDbtInd>CRDT</CdtDbtInd><Sts><Cd>BOOK</Cd></Sts><BookgDt><Dt>2025-05-23</Dt></BookgDt><ValDt><Dt>2025-05-23</Dt></ValDt><AcctSvcrRef>2025-05-23-08.28.48.505439</AcctSvcrRef><BkTxCd/><NtryDtls><TxDtls><Refs><EndToEndId>01-DE8200001012142025</EndToEndId><Prtry><Tp>FI-UMSATZ-ID</Tp><Ref>2025-05-23-08.28.48.505439</Ref></Prtry></Refs><Amt Ccy="EUR">7616.00</Amt><BkTxCd><Domn><Cd>PMNT</Cd><Fmly><Cd>RCDT</Cd><SubFmlyCd>ESCT</SubFmlyCd></Fmly></Domn><Prtry><Cd>NTRF+166+9263+000</Cd><Issr>DK</Issr></Prtry></BkTxCd><RltdPties><Dbtr><Pty><Nm>KAIROS GMBH                                                           Bochum DE</Nm></Pty></Dbtr><DbtrAcct><Id><IBAN>DE68300308800016227005</IBAN></Id></DbtrAcct><Cdtr><Pty><Nm>Transact GmbH                                                         Kleine Reichenstrasse 1 20457 Hamburg Germany DE</Nm></Pty></Cdtr><CdtrAcct><Id><IBAN>DE35230510300004619086</IBAN></Id></CdtrAcct></RltdPties><RltdAgts><DbtrAgt><FinInstnId><BICFI>TUBDDEDD</BICFI></FinInstnId></DbtrAgt><CdtrAgt><FinInstnId><BICFI>NOLADE21SHO</BICFI></FinInstnId></CdtrAgt></RltdAgts><RmtInf><Ustrd>RA 202500135-Transact GmbH</Ustrd></RmtInf></TxDtls></NtryDtls><AddtlNtryInf>GUTSCHRIFT ÜBERWEISUNG</AddtlNtryInf></Ntry></Rpt></BkToCstmrAcctRpt></Document>